transaction_id,customer_id,amount,payment_method,status,failure_reason,transaction_time,retry_count,recovery_score,priority,recommendation
TXN104118,CUST4570,43479.75,WALLET,FAILED,TIMEOUT,2026-08-17 18:15:48.314360,0,85,HIGH,This is a high-value transaction. No previous retry has been attempted. Retry the payment because the failure may be temporary.
TXN100415,CUST3089,49497.29,UPI,FAILED,TIMEOUT,2026-08-25 01:19:48.314360,0,85,HIGH,This is a high-value transaction. No previous retry has been attempted. Retry the payment because the failure may be temporary.
TXN104617,CUST5912,41669.45,WALLET,FAILED,TIMEOUT,2026-08-09 15:50:48.314360,0,85,HIGH,This is a high-value transaction. No previous retry has been attempted. Retry the payment because the failure may be temporary.
TXN100937,CUST3857,43482.5,WALLET,FAILED,TIMEOUT,2026-08-28 15:53:48.314360,0,85,HIGH,This is a high-value transaction. No previous retry has been attempted. Retry the payment because the failure may be temporary.
TXN104579,CUST4948,48692.06,CARD,FAILED,TIMEOUT,2026-08-24 07:13:48.314360,0,85,HIGH,This is a high-value transaction. No previous retry has been attempted. Retry the payment because the failure may be temporary.
TXN103529,CUST9331,48925.16,CARD,FAILED,TIMEOUT,2026-08-01 17:41:48.314360,0,85,HIGH,This is a high-value transaction. No previous retry has been attempted. Retry the payment because the failure may be temporary.
TXN103694,CUST4813,38816.95,UPI,FAILED,TIMEOUT,2026-08-13 13:52:48.314360,0,85,HIGH,This is a high-value transaction. No previous retry has been attempted. Retry the payment because the failure may be temporary.
TXN103771,CUST6094,22228.57,CARD,FAILED,TIMEOUT,2026-08-25 01:06:48.314360,0,85,HIGH,This is a high-value transaction. No previous retry has been attempted. Retry the payment because the failure may be temporary.
TXN103725,CUST1117,23043.26,UPI,FAILED,TIMEOUT,2026-08-25 11:28:48.314360,0,85,HIGH,This is a high-value transaction. No previous retry has been attempted. Retry the payment because the failure may be temporary.
TXN103916,CUST3589,44398.67,NETBANKING,FAILED,TIMEOUT,2026-08-25 18:26:48.314360,0,85,HIGH,This is a high-value transaction. No previous retry has been attempted. Retry the payment because the failure may be temporary.
TXN101989,CUST4458,24891.41,WALLET,FAILED,TIMEOUT,2026-08-17 07:53:48.314360,0,85,HIGH,This is a high-value transaction. No previous retry has been attempted. Retry the payment because the failure may be temporary.
TXN102035,CUST6257,34638.09,CARD,FAILED,TIMEOUT,2026-07-31 02:36:48.314360,0,85,HIGH,This is a high-value transaction. No previous retry has been attempted. Retry the payment because the failure may be temporary.
TXN102775,CUST2172,36733.63,UPI,FAILED,TIMEOUT,2026-08-14 07:26:48.314360,0,85,HIGH,This is a high-value transaction. No previous retry has been attempted. Retry the payment because the failure may be temporary.
TXN101336,CUST2595,21381.93,UPI,FAILED,TIMEOUT,2026-08-06 08:34:48.314360,0,85,HIGH,This is a high-value transaction. No previous retry has been attempted. Retry the payment because the failure may be temporary.
TXN102960,CUST6599,42294.42,UPI,FAILED,TIMEOUT,2026-08-15 09:23:48.314360,0,85,HIGH,This is a high-value transaction. No previous retry has been attempted. Retry the payment because the failure may be temporary.
TXN102836,CUST3213,32350.93,CARD,FAILED,TIMEOUT,2026-08-08 21:26:48.314360,0,85,HIGH,This is a high-value transaction. No previous retry has been attempted. Retry the payment because the failure may be temporary.
TXN101035,CUST8540,24329.68,CARD,FAILED,TIMEOUT,2026-08-13 21:06:48.314360,0,85,HIGH,This is a high-value transaction. No previous retry has been attempted. Retry the payment because the failure may be temporary.
TXN102886,CUST1321,29540.5,WALLET,FAILED,TIMEOUT,2026-08-22 10:59:48.314360,0,85,HIGH,This is a high-value transaction. No previous retry has been attempted. Retry the payment because the failure may be temporary.
TXN104008,CUST9601,39296.44,UPI,FAILED,TIMEOUT,2026-08-12 07:42:48.314360,1,80,HIGH,This is a high-value transaction. One retry has already been attempted. Retry the payment because the failure may be temporary.
TXN102944,CUST4109,46494.53,UPI,FAILED,NETWORK_ERROR,2026-08-04 03:37:48.314360,0,80,HIGH,This is a high-value transaction. No previous retry has been attempted. Retry after a short delay because the failure may be caused by a temporary network issue.
TXN102227,CUST1272,47449.47,UPI,FAILED,TIMEOUT,2026-07-30 06:01:48.314360,1,80,HIGH,This is a high-value transaction. One retry has already been attempted. Retry the payment because the failure may be temporary.
TXN101302,CUST4655,29843.91,NETBANKING,FAILED,NETWORK_ERROR,2026-08-02 06:21:48.314360,0,80,HIGH,This is a high-value transaction. No previous retry has been attempted. Retry after a short delay because the failure may be caused by a temporary network issue.
TXN102253,CUST5836,27364.95,WALLET,FAILED,NETWORK_ERROR,2026-08-25 02:35:48.314360,0,80,HIGH,This is a high-value transaction. No previous retry has been attempted. Retry after a short delay because the failure may be caused by a temporary network issue.
TXN102132,CUST9670,32989.23,WALLET,FAILED,TIMEOUT,2026-08-07 05:26:48.314360,1,80,HIGH,This is a high-value transaction. One retry has already been attempted. Retry the payment because the failure may be temporary.
TXN101883,CUST3699,47895.11,NETBANKING,FAILED,NETWORK_ERROR,2026-08-09 04:16:48.314360,0,80,HIGH,This is a high-value transaction. No previous retry has been attempted. Retry after a short delay because the failure may be caused by a temporary network issue.
TXN102073,CUST2971,32265.71,UPI,FAILED,TIMEOUT,2026-08-08 04:08:48.314360,1,80,HIGH,This is a high-value transaction. One retry has already been attempted. Retry the payment because the failure may be temporary.
TXN101444,CUST5770,28330.4,UPI,FAILED,NETWORK_ERROR,2026-08-08 21:37:48.314360,0,80,HIGH,This is a high-value transaction. No previous retry has been attempted. Retry after a short delay because the failure may be caused by a temporary network issue.
TXN101696,CUST1250,40989.5,WALLET,FAILED,TIMEOUT,2026-08-27 03:51:48.314360,1,80,HIGH,This is a high-value transaction. One retry has already been attempted. Retry the payment because the failure may be temporary.
TXN102387,CUST9060,45841.04,NETBANKING,FAILED,NETWORK_ERROR,2026-08-21 01:38:48.314360,0,80,HIGH,This is a high-value transaction. No previous retry has been attempted. Retry after a short delay because the failure may be caused by a temporary network issue.
TXN104779,CUST2975,38313.55,WALLET,FAILED,NETWORK_ERROR,2026-08-18 07:37:48.314360,0,80,HIGH,This is a high-value transaction. No previous retry has been attempted. Retry after a short delay because the failure may be caused by a temporary network issue.
TXN102396,CUST8815,31040.21,UPI,FAILED,NETWORK_ERROR,2026-08-28 19:49:48.314360,0,80,HIGH,This is a high-value transaction. No previous retry has been attempted. Retry after a short delay because the failure may be caused by a temporary network issue.
TXN102676,CUST4780,38534.7,UPI,FAILED,NETWORK_ERROR,2026-08-06 01:32:48.314360,0,80,HIGH,This is a high-value transaction. No previous retry has been attempted. Retry after a short delay because the failure may be caused by a temporary network issue.
TXN102504,CUST6512,29943.85,WALLET,FAILED,TIMEOUT,2026-07-30 12:17:48.314360,1,80,HIGH,This is a high-value transaction. One retry has already been attempted. Retry the payment because the failure may be temporary.
TXN101127,CUST3621,31232.35,NETBANKING,FAILED,TIMEOUT,2026-08-27 16:16:48.314360,1,80,HIGH,This is a high-value transaction. One retry has already been attempted. Retry the payment because the failure may be temporary.
TXN103196,CUST1898,30231.47,WALLET,FAILED,NETWORK_ERROR,2026-08-28 02:09:48.314360,0,80,HIGH,This is a high-value transaction. No previous retry has been attempted. Retry after a short delay because the failure may be caused by a temporary network issue.
TXN103170,CUST6021,24953.93,UPI,FAILED,TIMEOUT,2026-08-17 23:14:48.314360,1,80,HIGH,This is a high-value transaction. One retry has already been attempted. Retry the payment because the failure may be temporary.
TXN104823,CUST7119,23370.2,CARD,FAILED,TIMEOUT,2026-08-18 09:12:48.314360,1,80,HIGH,This is a high-value transaction. One retry has already been attempted. Retry the payment because the failure may be temporary.
TXN104839,CUST5152,44017.09,WALLET,FAILED,NETWORK_ERROR,2026-07-30 06:43:48.314360,0,80,HIGH,This is a high-value transaction. No previous retry has been attempted. Retry after a short delay because the failure may be caused by a temporary network issue.
TXN101189,CUST4193,42051.48,WALLET,FAILED,NETWORK_ERROR,2026-08-07 22:40:48.314360,0,80,HIGH,This is a high-value transaction. No previous retry has been attempted. Retry after a short delay because the failure may be caused by a temporary network issue.
TXN102883,CUST7755,20716.48,NETBANKING,FAILED,NETWORK_ERROR,2026-08-17 05:06:48.314360,0,80,HIGH,This is a high-value transaction. No previous retry has been attempted. Retry after a short delay because the failure may be caused by a temporary network issue.
TXN102812,CUST6305,22075.27,NETBANKING,FAILED,NETWORK_ERROR,2026-07-31 17:13:48.314360,0,80,HIGH,This is a high-value transaction. No previous retry has been attempted. Retry after a short delay because the failure may be caused by a temporary network issue.
TXN103024,CUST8846,42204.71,WALLET,FAILED,NETWORK_ERROR,2026-08-05 12:39:48.314360,0,80,HIGH,This is a high-value transaction. No previous retry has been attempted. Retry after a short delay because the failure may be caused by a temporary network issue.
TXN104383,CUST9916,42492.14,CARD,FAILED,TIMEOUT,2026-08-23 13:56:48.314360,1,80,HIGH,This is a high-value transaction. One retry has already been attempted. Retry the payment because the failure may be temporary.
TXN100267,CUST4961,44513.02,UPI,FAILED,NETWORK_ERROR,2026-08-05 04:58:48.314360,0,80,HIGH,This is a high-value transaction. No previous retry has been attempted. Retry after a short delay because the failure may be caused by a temporary network issue.
TXN103875,CUST8710,23912.28,CARD,FAILED,TIMEOUT,2026-07-31 04:18:48.314360,1,80,HIGH,This is a high-value transaction. One retry has already been attempted. Retry the payment because the failure may be temporary.
TXN103553,CUST4398,25402.54,WALLET,FAILED,NETWORK_ERROR,2026-08-07 17:45:48.314360,0,80,HIGH,This is a high-value transaction. No previous retry has been attempted. Retry after a short delay because the failure may be caused by a temporary network issue.
TXN104601,CUST3734,41240.39,NETBANKING,FAILED,NETWORK_ERROR,2026-08-07 23:39:48.314360,0,80,HIGH,This is a high-value transaction. No previous retry has been attempted. Retry after a short delay because the failure may be caused by a temporary network issue.
TXN103881,CUST4871,30604.96,NETBANKING,FAILED,TIMEOUT,2026-07-30 22:29:48.314360,1,80,HIGH,This is a high-value transaction. One retry has already been attempted. Retry the payment because the failure may be temporary.
TXN100606,CUST5093,44045.08,WALLET,FAILED,TIMEOUT,2026-08-24 07:34:48.314360,1,80,HIGH,This is a high-value transaction. One retry has already been attempted. Retry the payment because the failure may be temporary.
TXN103604,CUST3327,26208.91,UPI,FAILED,NETWORK_ERROR,2026-08-12 07:11:48.314360,0,80,HIGH,This is a high-value transaction. No previous retry has been attempted. Retry after a short delay because the failure may be caused by a temporary network issue.
TXN103079,CUST4705,26211.4,NETBANKING,FAILED,TIMEOUT,2026-08-27 20:11:48.314360,1,80,HIGH,This is a high-value transaction. One retry has already been attempted. Retry the payment because the failure may be temporary.
TXN104897,CUST1112,28560.71,WALLET,FAILED,NETWORK_ERROR,2026-08-14 08:12:48.314360,0,80,HIGH,This is a high-value transaction. No previous retry has been attempted. Retry after a short delay because the failure may be caused by a temporary network issue.
TXN100142,CUST9349,31019.42,CARD,FAILED,NETWORK_ERROR,2026-08-10 16:02:48.314360,0,80,HIGH,This is a high-value transaction. No previous retry has been attempted. Retry after a short delay because the failure may be caused by a temporary network issue.
TXN103482,CUST3766,41571.05,UPI,FAILED,TIMEOUT,2026-08-15 23:54:48.314360,2,75,HIGH,This is a high-value transaction. 2 retries have already been attempted. Retry the payment because the failure may be temporary.
TXN103799,CUST7927,35678.86,WALLET,FAILED,TIMEOUT,2026-08-11 23:54:48.314360,2,75,HIGH,This is a high-value transaction. 2 retries have already been attempted. Retry the payment because the failure may be temporary.
TXN103758,CUST7018,39512.19,NETBANKING,FAILED,BANK_DECLINE,2026-08-05 04:43:48.314360,0,75,HIGH,This is a high-value transaction. No previous retry has been attempted. Avoid immediate repeated retries. Suggest an alternate payment method.
TXN103530,CUST7585,46310.4,WALLET,FAILED,NETWORK_ERROR,2026-08-04 16:34:48.314360,1,75,HIGH,This is a high-value transaction. One retry has already been attempted. Retry after a short delay because the failure may be caused by a temporary network issue.
TXN103923,CUST4959,14744.51,WALLET,FAILED,TIMEOUT,2026-08-06 05:52:48.314360,0,75,HIGH,This is a medium-value transaction. No previous retry has been attempted. Retry the payment because the failure may be temporary.
TXN103536,CUST1387,36155.14,WALLET,FAILED,NETWORK_ERROR,2026-08-03 01:50:48.314360,1,75,HIGH,This is a high-value transaction. One retry has already been attempted. Retry after a short delay because the failure may be caused by a temporary network issue.
TXN102781,CUST2646,48156.14,NETBANKING,FAILED,TIMEOUT,2026-08-25 01:47:48.314360,2,75,HIGH,This is a high-value transaction. 2 retries have already been attempted. Retry the payment because the failure may be temporary.
TXN102530,CUST5147,34657.95,CARD,FAILED,TIMEOUT,2026-08-19 03:37:48.314360,2,75,HIGH,This is a high-value transaction. 2 retries have already been attempted. Retry the payment because the failure may be temporary.
TXN102544,CUST2852,38211.67,UPI,FAILED,TIMEOUT,2026-08-15 18:31:48.314360,2,75,HIGH,This is a high-value transaction. 2 retries have already been attempted. Retry the payment because the failure may be temporary.
TXN101313,CUST6310,30295.72,CARD,FAILED,TIMEOUT,2026-08-25 10:14:48.314360,2,75,HIGH,This is a high-value transaction. 2 retries have already been attempted. Retry the payment because the failure may be temporary.
TXN101264,CUST9767,27869.6,CARD,FAILED,BANK_DECLINE,2026-07-31 00:29:48.314360,0,75,HIGH,This is a high-value transaction. No previous retry has been attempted. Avoid immediate repeated retries. Suggest an alternate payment method.
TXN103899,CUST1339,36691.33,NETBANKING,FAILED,NETWORK_ERROR,2026-08-23 19:03:48.314360,1,75,HIGH,This is a high-value transaction. One retry has already been attempted. Retry after a short delay because the failure may be caused by a temporary network issue.
TXN103876,CUST7653,26870.25,NETBANKING,FAILED,TIMEOUT,2026-08-16 13:38:48.314360,2,75,HIGH,This is a high-value transaction. 2 retries have already been attempted. Retry the payment because the failure may be temporary.
TXN101971,CUST3269,35851.72,UPI,FAILED,BANK_DECLINE,2026-08-17 07:31:48.314360,0,75,HIGH,This is a high-value transaction. No previous retry has been attempted. Avoid immediate repeated retries. Suggest an alternate payment method.
TXN102089,CUST8705,21765.14,WALLET,FAILED,BANK_DECLINE,2026-08-01 04:03:48.314360,0,75,HIGH,This is a high-value transaction. No previous retry has been attempted. Avoid immediate repeated retries. Suggest an alternate payment method.
TXN101376,CUST6725,23430.37,WALLET,FAILED,NETWORK_ERROR,2026-08-24 07:52:48.314360,1,75,HIGH,This is a high-value transaction. One retry has already been attempted. Retry after a short delay because the failure may be caused by a temporary network issue.
TXN102261,CUST3007,22244.62,CARD,FAILED,NETWORK_ERROR,2026-08-11 10:02:48.314360,1,75,HIGH,This is a high-value transaction. One retry has already been attempted. Retry after a short delay because the failure may be caused by a temporary network issue.
TXN101735,CUST6816,30956.19,UPI,FAILED,TIMEOUT,2026-08-10 12:54:48.314360,2,75,HIGH,This is a high-value transaction. 2 retries have already been attempted. Retry the payment because the failure may be temporary.
TXN104882,CUST5170,30466.54,WALLET,FAILED,NETWORK_ERROR,2026-08-09 05:13:48.314360,1,75,HIGH,This is a high-value transaction. One retry has already been attempted. Retry after a short delay because the failure may be caused by a temporary network issue.
TXN101575,CUST9830,41229.56,CARD,FAILED,NETWORK_ERROR,2026-08-23 01:18:48.314360,1,75,HIGH,This is a high-value transaction. One retry has already been attempted. Retry after a short delay because the failure may be caused by a temporary network issue.
TXN101430,CUST6924,44048.12,NETBANKING,FAILED,NETWORK_ERROR,2026-08-19 16:33:48.314360,1,75,HIGH,This is a high-value transaction. One retry has already been attempted. Retry after a short delay because the failure may be caused by a temporary network issue.
TXN102029,CUST9653,32425.99,WALLET,FAILED,NETWORK_ERROR,2026-07-31 18:18:48.314360,1,75,HIGH,This is a high-value transaction. One retry has already been attempted. Retry after a short delay because the failure may be caused by a temporary network issue.
TXN101752,CUST5185,22964.83,WALLET,FAILED,BANK_DECLINE,2026-08-06 18:05:48.314360,0,75,HIGH,This is a high-value transaction. No previous retry has been attempted. Avoid immediate repeated retries. Suggest an alternate payment method.
TXN104719,CUST4670,39892.16,NETBANKING,FAILED,NETWORK_ERROR,2026-08-08 23:49:48.314360,1,75,HIGH,This is a high-value transaction. One retry has already been attempted. Retry after a short delay because the failure may be caused by a temporary network issue.
TXN102363,CUST9505,11333.26,UPI,FAILED,TIMEOUT,2026-08-26 02:49:48.314360,0,75,HIGH,This is a medium-value transaction. No previous retry has been attempted. Retry the payment because the failure may be temporary.
TXN102557,CUST3497,39728.81,UPI,FAILED,NETWORK_ERROR,2026-08-05 04:21:48.314360,1,75,HIGH,This is a high-value transaction. One retry has already been attempted. Retry after a short delay because the failure may be caused by a temporary network issue.
TXN104632,CUST8033,34373.68,UPI,FAILED,BANK_DECLINE,2026-08-28 03:51:48.314360,0,75,HIGH,This is a high-value transaction. No previous retry has been attempted. Avoid immediate repeated retries. Suggest an alternate payment method.
TXN102166,CUST5016,41447.86,NETBANKING,FAILED,BANK_DECLINE,2026-08-26 03:48:48.314360,0,75,HIGH,This is a high-value transaction. No previous retry has been attempted. Avoid immediate repeated retries. Suggest an alternate payment method.
TXN102452,CUST7081,44808.66,UPI,FAILED,TIMEOUT,2026-08-03 18:44:48.314360,2,75,HIGH,This is a high-value transaction. 2 retries have already been attempted. Retry the payment because the failure may be temporary.
TXN104616,CUST1339,22841.22,NETBANKING,FAILED,TIMEOUT,2026-08-17 15:33:48.314360,2,75,HIGH,This is a high-value transaction. 2 retries have already been attempted. Retry the payment because the failure may be temporary.
TXN103977,CUST9916,25888.0,NETBANKING,FAILED,BANK_DECLINE,2026-07-31 03:22:48.314360,0,75,HIGH,This is a high-value transaction. No previous retry has been attempted. Avoid immediate repeated retries. Suggest an alternate payment method.
TXN104076,CUST9520,28354.62,WALLET,FAILED,TIMEOUT,2026-08-02 15:54:48.314360,2,75,HIGH,This is a high-value transaction. 2 retries have already been attempted. Retry the payment because the failure may be temporary.
TXN104223,CUST9921,27999.86,WALLET,FAILED,TIMEOUT,2026-08-21 21:10:48.314360,2,75,HIGH,This is a high-value transaction. 2 retries have already been attempted. Retry the payment because the failure may be temporary.
TXN104155,CUST6225,13446.27,WALLET,FAILED,TIMEOUT,2026-08-18 06:45:48.314360,0,75,HIGH,This is a medium-value transaction. No previous retry has been attempted. Retry the payment because the failure may be temporary.
TXN104192,CUST1469,40617.21,UPI,FAILED,NETWORK_ERROR,2026-08-24 08:58:48.314360,1,75,HIGH,This is a high-value transaction. One retry has already been attempted. Retry after a short delay because the failure may be caused by a temporary network issue.
TXN104308,CUST4250,13825.38,NETBANKING,FAILED,TIMEOUT,2026-07-31 21:59:48.314360,0,75,HIGH,This is a medium-value transaction. No previous retry has been attempted. Retry the payment because the failure may be temporary.
TXN100789,CUST4507,39896.51,NETBANKING,FAILED,TIMEOUT,2026-08-17 10:07:48.314360,2,75,HIGH,This is a high-value transaction. 2 retries have already been attempted. Retry the payment because the failure may be temporary.
TXN104556,CUST6073,46753.16,WALLET,FAILED,NETWORK_ERROR,2026-08-06 04:41:48.314360,1,75,HIGH,This is a high-value transaction. One retry has already been attempted. Retry after a short delay because the failure may be caused by a temporary network issue.
TXN103264,CUST2859,18141.92,WALLET,FAILED,TIMEOUT,2026-08-04 02:28:48.314360,0,75,HIGH,This is a medium-value transaction. No previous retry has been attempted. Retry the payment because the failure may be temporary.
TXN100864,CUST1254,33452.19,CARD,FAILED,NETWORK_ERROR,2026-08-10 16:33:48.314360,1,75,HIGH,This is a high-value transaction. One retry has already been attempted. Retry after a short delay because the failure may be caused by a temporary network issue.
TXN100888,CUST9940,19785.53,UPI,FAILED,TIMEOUT,2026-08-18 16:33:48.314360,0,75,HIGH,This is a medium-value transaction. No previous retry has been attempted. Retry the payment because the failure may be temporary.
TXN100622,CUST3786,29441.31,CARD,FAILED,BANK_DECLINE,2026-08-19 14:20:48.314360,0,75,HIGH,This is a high-value transaction. No previous retry has been attempted. Avoid immediate repeated retries. Suggest an alternate payment method.
TXN100609,CUST6114,38569.44,NETBANKING,FAILED,NETWORK_ERROR,2026-08-02 17:02:48.314360,1,75,HIGH,This is a high-value transaction. One retry has already been attempted. Retry after a short delay because the failure may be caused by a temporary network issue.
TXN100570,CUST4549,35200.72,CARD,FAILED,TIMEOUT,2026-08-05 22:48:48.314360,2,75,HIGH,This is a high-value transaction. 2 retries have already been attempted. Retry the payment because the failure may be temporary.
TXN103663,CUST2304,20213.74,CARD,FAILED,BANK_DECLINE,2026-08-19 10:53:48.314360,0,75,HIGH,This is a high-value transaction. No previous retry has been attempted. Avoid immediate repeated retries. Suggest an alternate payment method.
TXN103927,CUST5663,33425.24,WALLET,FAILED,NETWORK_ERROR,2026-08-05 03:07:48.314360,1,75,HIGH,This is a high-value transaction. One retry has already been attempted. Retry after a short delay because the failure may be caused by a temporary network issue.
TXN103953,CUST5353,17996.69,UPI,FAILED,TIMEOUT,2026-08-17 16:11:48.314360,0,75,HIGH,This is a medium-value transaction. No previous retry has been attempted. Retry the payment because the failure may be temporary.
TXN104450,CUST9783,41377.81,WALLET,FAILED,TIMEOUT,2026-08-07 20:23:48.314360,2,75,HIGH,This is a high-value transaction. 2 retries have already been attempted. Retry the payment because the failure may be temporary.
TXN104162,CUST7667,13035.68,UPI,FAILED,TIMEOUT,2026-08-02 09:19:48.314360,0,75,HIGH,This is a medium-value transaction. No previous retry has been attempted. Retry the payment because the failure may be temporary.
TXN104318,CUST7778,47897.35,UPI,FAILED,NETWORK_ERROR,2026-08-02 10:05:48.314360,1,75,HIGH,This is a high-value transaction. One retry has already been attempted. Retry after a short delay because the failure may be caused by a temporary network issue.
TXN100187,CUST9039,35382.73,WALLET,FAILED,NETWORK_ERROR,2026-08-10 03:25:48.314360,1,75,HIGH,This is a high-value transaction. One retry has already been attempted. Retry after a short delay because the failure may be caused by a temporary network issue.
TXN100395,CUST7514,41666.76,CARD,FAILED,BANK_DECLINE,2026-08-13 22:28:48.314360,0,75,HIGH,This is a high-value transaction. No previous retry has been attempted. Avoid immediate repeated retries. Suggest an alternate payment method.
TXN104311,CUST4977,36912.2,NETBANKING,FAILED,NETWORK_ERROR,2026-08-24 09:17:48.314360,1,75,HIGH,This is a high-value transaction. One retry has already been attempted. Retry after a short delay because the failure may be caused by a temporary network issue.
TXN104416,CUST8711,34710.61,WALLET,FAILED,BANK_DECLINE,2026-08-13 05:17:48.314360,0,75,HIGH,This is a high-value transaction. No previous retry has been attempted. Avoid immediate repeated retries. Suggest an alternate payment method.
TXN104246,CUST1801,35865.02,WALLET,FAILED,NETWORK_ERROR,2026-07-31 10:38:48.314360,1,75,HIGH,This is a high-value transaction. One retry has already been attempted. Retry after a short delay because the failure may be caused by a temporary network issue.
TXN104147,CUST8081,37710.06,UPI,FAILED,BANK_DECLINE,2026-08-23 07:35:48.314360,0,75,HIGH,This is a high-value transaction. No previous retry has been attempted. Avoid immediate repeated retries. Suggest an alternate payment method.
TXN104296,CUST3041,42445.11,NETBANKING,FAILED,NETWORK_ERROR,2026-08-25 09:00:48.314360,1,75,HIGH,This is a high-value transaction. One retry has already been attempted. Retry after a short delay because the failure may be caused by a temporary network issue.
TXN100352,CUST3845,32230.24,NETBANKING,FAILED,BANK_DECLINE,2026-08-13 04:20:48.314360,0,75,HIGH,This is a high-value transaction. No previous retry has been attempted. Avoid immediate repeated retries. Suggest an alternate payment method.
TXN104102,CUST2850,33551.56,UPI,FAILED,BANK_DECLINE,2026-08-28 03:01:48.314360,0,75,HIGH,This is a high-value transaction. No previous retry has been attempted. Avoid immediate repeated retries. Suggest an alternate payment method.
TXN104436,CUST6936,38660.45,NETBANKING,FAILED,BANK_DECLINE,2026-08-21 18:58:48.314360,0,75,HIGH,This is a high-value transaction. No previous retry has been attempted. Avoid immediate repeated retries. Suggest an alternate payment method.
TXN100082,CUST8728,16960.76,WALLET,FAILED,TIMEOUT,2026-08-11 17:56:48.314360,0,75,HIGH,This is a medium-value transaction. No previous retry has been attempted. Retry the payment because the failure may be temporary.
TXN104840,CUST2231,25675.49,NETBANKING,FAILED,BANK_DECLINE,2026-08-01 07:07:48.314360,0,75,HIGH,This is a high-value transaction. No previous retry has been attempted. Avoid immediate repeated retries. Suggest an alternate payment method.
TXN101733,CUST4616,15107.93,WALLET,FAILED,TIMEOUT,2026-08-19 18:11:48.314360,0,75,HIGH,This is a medium-value transaction. No previous retry has been attempted. Retry the payment because the failure may be temporary.
TXN104933,CUST5077,44907.64,CARD,FAILED,NETWORK_ERROR,2026-08-27 00:07:48.314360,1,75,HIGH,This is a high-value transaction. One retry has already been attempted. Retry after a short delay because the failure may be caused by a temporary network issue.
TXN101573,CUST2596,27295.93,NETBANKING,FAILED,TIMEOUT,2026-08-19 09:47:48.314360,2,75,HIGH,This is a high-value transaction. 2 retries have already been attempted. Retry the payment because the failure may be temporary.
TXN101845,CUST6409,28169.33,WALLET,FAILED,NETWORK_ERROR,2026-08-19 04:41:48.314360,1,75,HIGH,This is a high-value transaction. One retry has already been attempted. Retry after a short delay because the failure may be caused by a temporary network issue.
TXN101873,CUST9961,37668.26,CARD,FAILED,NETWORK_ERROR,2026-08-12 18:53:48.314360,1,75,HIGH,This is a high-value transaction. One retry has already been attempted. Retry after a short delay because the failure may be caused by a temporary network issue.
TXN101658,CUST3731,27526.88,WALLET,FAILED,NETWORK_ERROR,2026-08-06 08:49:48.314360,1,75,HIGH,This is a high-value transaction. One retry has already been attempted. Retry after a short delay because the failure may be caused by a temporary network issue.
TXN102345,CUST3325,48616.46,NETBANKING,FAILED,NETWORK_ERROR,2026-08-12 03:01:48.314360,1,75,HIGH,This is a high-value transaction. One retry has already been attempted. Retry after a short delay because the failure may be caused by a temporary network issue.
TXN101424,CUST9166,24609.38,UPI,FAILED,NETWORK_ERROR,2026-08-13 14:35:48.314360,1,75,HIGH,This is a high-value transaction. One retry has already been attempted. Retry after a short delay because the failure may be caused by a temporary network issue.
TXN101291,CUST7855,49031.37,NETBANKING,FAILED,NETWORK_ERROR,2026-08-03 13:00:48.314360,1,75,HIGH,This is a high-value transaction. One retry has already been attempted. Retry after a short delay because the failure may be caused by a temporary network issue.
TXN101414,CUST2132,24525.12,NETBANKING,FAILED,NETWORK_ERROR,2026-08-27 14:09:48.314360,1,75,HIGH,This is a high-value transaction. One retry has already been attempted. Retry after a short delay because the failure may be caused by a temporary network issue.
TXN102271,CUST5724,22357.56,CARD,FAILED,NETWORK_ERROR,2026-08-23 18:04:48.314360,1,75,HIGH,This is a high-value transaction. One retry has already been attempted. Retry after a short delay because the failure may be caused by a temporary network issue.
TXN101254,CUST6048,47766.99,NETBANKING,FAILED,TIMEOUT,2026-08-03 09:38:48.314360,2,75,HIGH,This is a high-value transaction. 2 retries have already been attempted. Retry the payment because the failure may be temporary.
TXN103098,CUST5746,19117.04,CARD,FAILED,TIMEOUT,2026-08-17 20:12:48.314360,0,75,HIGH,This is a medium-value transaction. No previous retry has been attempted. Retry the payment because the failure may be temporary.
TXN103203,CUST8816,47779.95,NETBANKING,FAILED,BANK_DECLINE,2026-08-14 11:14:48.314360,0,75,HIGH,This is a high-value transaction. No previous retry has been attempted. Avoid immediate repeated retries. Suggest an alternate payment method.
TXN103180,CUST5381,29804.33,WALLET,FAILED,TIMEOUT,2026-08-01 04:53:48.314360,2,75,HIGH,This is a high-value transaction. 2 retries have already been attempted. Retry the payment because the failure may be temporary.
TXN101111,CUST8330,27237.39,CARD,FAILED,BANK_DECLINE,2026-08-05 22:01:48.314360,0,75,HIGH,This is a high-value transaction. No previous retry has been attempted. Avoid immediate repeated retries. Suggest an alternate payment method.
TXN101110,CUST6118,27303.5,WALLET,FAILED,TIMEOUT,2026-08-03 20:38:48.314360,2,75,HIGH,This is a high-value transaction. 2 retries have already been attempted. Retry the payment because the failure may be temporary.
TXN102651,CUST3308,42322.74,CARD,FAILED,NETWORK_ERROR,2026-08-08 04:15:48.314360,1,75,HIGH,This is a high-value transaction. One retry has already been attempted. Retry after a short delay because the failure may be caused by a temporary network issue.
TXN102862,CUST1375,37472.69,NETBANKING,FAILED,BANK_DECLINE,2026-08-13 13:54:48.314360,0,75,HIGH,This is a high-value transaction. No previous retry has been attempted. Avoid immediate repeated retries. Suggest an alternate payment method.
TXN102709,CUST8268,37588.85,CARD,FAILED,NETWORK_ERROR,2026-07-30 06:26:48.314360,1,75,HIGH,This is a high-value transaction. One retry has already been attempted. Retry after a short delay because the failure may be caused by a temporary network issue.
TXN102700,CUST7822,32176.93,UPI,FAILED,TIMEOUT,2026-08-26 18:04:48.314360,2,75,HIGH,This is a high-value transaction. 2 retries have already been attempted. Retry the payment because the failure may be temporary.
TXN103989,CUST9278,38697.73,CARD,FAILED,BANK_DECLINE,2026-08-01 23:07:48.314360,1,70,HIGH,This is a high-value transaction. One retry has already been attempted. Avoid immediate repeated retries. Suggest an alternate payment method.
TXN103943,CUST7369,23486.48,UPI,FAILED,NETWORK_ERROR,2026-08-02 07:20:48.314360,2,70,HIGH,This is a high-value transaction. 2 retries have already been attempted. Retry after a short delay because the failure may be caused by a temporary network issue.
TXN103355,CUST6076,32343.76,CARD,FAILED,TIMEOUT,2026-08-01 01:31:48.314360,3,70,HIGH,This is a high-value transaction. 3 retries have already been attempted. Retry the payment because the failure may be temporary.
TXN100687,CUST6708,22786.98,CARD,FAILED,TIMEOUT,2026-08-05 03:51:48.314360,3,70,HIGH,This is a high-value transaction. 3 retries have already been attempted. Retry the payment because the failure may be temporary.
TXN100684,CUST7181,23298.1,NETBANKING,FAILED,TIMEOUT,2026-08-20 04:50:48.314360,3,70,HIGH,This is a high-value transaction. 3 retries have already been attempted. Retry the payment because the failure may be temporary.
TXN103910,CUST1907,45025.38,UPI,FAILED,TIMEOUT,2026-08-06 06:46:48.314360,3,70,HIGH,This is a high-value transaction. 3 retries have already been attempted. Retry the payment because the failure may be temporary.
TXN103730,CUST4039,42519.62,UPI,FAILED,BANK_DECLINE,2026-08-07 14:14:48.314360,1,70,HIGH,This is a high-value transaction. One retry has already been attempted. Avoid immediate repeated retries. Suggest an alternate payment method.
TXN103489,CUST7888,46336.65,CARD,FAILED,LIMIT_EXCEEDED,2026-08-07 01:43:48.314360,0,70,HIGH,This is a high-value transaction. No previous retry has been attempted. Suggest an alternate payment method or lower-value transaction.
TXN103490,CUST9495,22239.67,CARD,FAILED,TIMEOUT,2026-08-16 17:23:48.314360,3,70,HIGH,This is a high-value transaction. 3 retries have already been attempted. Retry the payment because the failure may be temporary.
TXN103241,CUST1565,15339.85,NETBANKING,FAILED,TIMEOUT,2026-08-09 16:40:48.314360,1,70,HIGH,This is a medium-value transaction. One retry has already been attempted. Retry the payment because the failure may be temporary.
TXN104346,CUST9550,25938.9,CARD,FAILED,BANK_DECLINE,2026-08-26 08:35:48.314360,1,70,HIGH,This is a high-value transaction. One retry has already been attempted. Avoid immediate repeated retries. Suggest an alternate payment method.
TXN104334,CUST1765,30506.74,CARD,FAILED,BANK_DECLINE,2026-08-09 13:06:48.314360,1,70,HIGH,This is a high-value transaction. One retry has already been attempted. Avoid immediate repeated retries. Suggest an alternate payment method.
TXN100193,CUST4504,39248.79,UPI,FAILED,NETWORK_ERROR,2026-08-05 08:43:48.314360,2,70,HIGH,This is a high-value transaction. 2 retries have already been attempted. Retry after a short delay because the failure may be caused by a temporary network issue.
TXN100179,CUST5733,26141.66,CARD,FAILED,NETWORK_ERROR,2026-08-21 23:11:48.314360,2,70,HIGH,This is a high-value transaction. 2 retries have already been attempted. Retry after a short delay because the failure may be caused by a temporary network issue.
TXN104295,CUST2688,49968.25,WALLET,FAILED,TIMEOUT,2026-08-15 03:09:48.314360,3,70,HIGH,This is a high-value transaction. 3 retries have already been attempted. Retry the payment because the failure may be temporary.
TXN104250,CUST4410,21738.5,UPI,FAILED,NETWORK_ERROR,2026-08-06 08:41:48.314360,2,70,HIGH,This is a high-value transaction. 2 retries have already been attempted. Retry after a short delay because the failure may be caused by a temporary network issue.
TXN104286,CUST3239,20046.71,CARD,FAILED,LIMIT_EXCEEDED,2026-08-20 08:04:48.314360,0,70,HIGH,This is a high-value transaction. No previous retry has been attempted. Suggest an alternate payment method or lower-value transaction.
TXN100313,CUST4766,27262.9,WALLET,FAILED,NETWORK_ERROR,2026-08-03 14:58:48.314360,2,70,HIGH,This is a high-value transaction. 2 retries have already been attempted. Retry after a short delay because the failure may be caused by a temporary network issue.
TXN100056,CUST7996,36315.29,WALLET,FAILED,TIMEOUT,2026-08-26 23:58:48.314360,3,70,HIGH,This is a high-value transaction. 3 retries have already been attempted. Retry the payment because the failure may be temporary.
TXN100092,CUST4511,20079.11,CARD,FAILED,LIMIT_EXCEEDED,2026-08-05 22:26:48.314360,0,70,HIGH,This is a high-value transaction. No previous retry has been attempted. Suggest an alternate payment method or lower-value transaction.
TXN104986,CUST1094,42809.12,UPI,FAILED,BANK_DECLINE,2026-08-16 11:42:48.314360,1,70,HIGH,This is a high-value transaction. One retry has already been attempted. Avoid immediate repeated retries. Suggest an alternate payment method.
TXN100044,CUST4043,18052.38,UPI,FAILED,TIMEOUT,2026-08-03 12:18:48.314360,1,70,HIGH,This is a medium-value transaction. One retry has already been attempted. Retry the payment because the failure may be temporary.
TXN100040,CUST5665,45685.33,CARD,FAILED,NETWORK_ERROR,2026-08-04 11:26:48.314360,2,70,HIGH,This is a high-value transaction. 2 retries have already been attempted. Retry after a short delay because the failure may be caused by a temporary network issue.
TXN100325,CUST7149,32938.7,WALLET,FAILED,LIMIT_EXCEEDED,2026-08-23 17:46:48.314360,0,70,HIGH,This is a high-value transaction. No previous retry has been attempted. Suggest an alternate payment method or lower-value transaction.
TXN104451,CUST7894,47179.68,CARD,FAILED,LIMIT_EXCEEDED,2026-08-01 22:19:48.314360,0,70,HIGH,This is a high-value transaction. No previous retry has been attempted. Suggest an alternate payment method or lower-value transaction.
TXN104454,CUST1386,49182.06,NETBANKING,FAILED,NETWORK_ERROR,2026-08-05 18:25:48.314360,2,70,HIGH,This is a high-value transaction. 2 retries have already been attempted. Retry after a short delay because the failure may be caused by a temporary network issue.
TXN100304,CUST8310,41249.49,UPI,FAILED,TIMEOUT,2026-08-17 11:36:48.314360,3,70,HIGH,This is a high-value transaction. 3 retries have already been attempted. Retry the payment because the failure may be temporary.
TXN100283,CUST1963,41152.18,WALLET,FAILED,NETWORK_ERROR,2026-08-25 20:14:48.314360,2,70,HIGH,This is a high-value transaction. 2 retries have already been attempted. Retry after a short delay because the failure may be caused by a temporary network issue.
TXN100438,CUST3958,45714.49,NETBANKING,FAILED,BANK_DECLINE,2026-08-25 10:40:48.314360,1,70,HIGH,This is a high-value transaction. One retry has already been attempted. Avoid immediate repeated retries. Suggest an alternate payment method.
TXN104163,CUST8784,37129.5,UPI,FAILED,NETWORK_ERROR,2026-08-16 11:47:48.314360,2,70,HIGH,This is a high-value transaction. 2 retries have already been attempted. Retry after a short delay because the failure may be caused by a temporary network issue.
TXN100541,CUST8562,36088.88,NETBANKING,FAILED,BANK_DECLINE,2026-07-31 07:31:48.314360,1,70,HIGH,This is a high-value transaction. One retry has already been attempted. Avoid immediate repeated retries. Suggest an alternate payment method.
TXN100529,CUST7596,12071.23,NETBANKING,FAILED,NETWORK_ERROR,2026-08-03 05:32:48.314360,0,70,HIGH,This is a medium-value transaction. No previous retry has been attempted. Retry after a short delay because the failure may be caused by a temporary network issue.
TXN100439,CUST9222,31327.48,WALLET,FAILED,LIMIT_EXCEEDED,2026-08-11 19:02:48.314360,0,70,HIGH,This is a high-value transaction. No previous retry has been attempted. Suggest an alternate payment method or lower-value transaction.
TXN100593,CUST3223,13031.27,NETBANKING,FAILED,NETWORK_ERROR,2026-08-06 00:00:48.314360,0,70,HIGH,This is a medium-value transaction. No previous retry has been attempted. Retry after a short delay because the failure may be caused by a temporary network issue.
TXN100689,CUST8096,45443.42,WALLET,FAILED,LIMIT_EXCEEDED,2026-08-15 21:30:48.314360,0,70,HIGH,This is a high-value transaction. No previous retry has been attempted. Suggest an alternate payment method or lower-value transaction.
TXN103816,CUST1354,28737.95,UPI,FAILED,NETWORK_ERROR,2026-08-15 09:43:48.314360,2,70,HIGH,This is a high-value transaction. 2 retries have already been attempted. Retry after a short delay because the failure may be caused by a temporary network issue.
TXN100716,CUST3276,43539.89,WALLET,FAILED,TIMEOUT,2026-08-26 00:00:48.314360,3,70,HIGH,This is a high-value transaction. 3 retries have already been attempted. Retry the payment because the failure may be temporary.
TXN100458,CUST5097,16887.14,NETBANKING,FAILED,TIMEOUT,2026-08-13 02:11:48.314360,1,70,HIGH,This is a medium-value transaction. One retry has already been attempted. Retry the payment because the failure may be temporary.
TXN103637,CUST3530,22239.18,NETBANKING,FAILED,NETWORK_ERROR,2026-08-09 18:24:48.314360,2,70,HIGH,This is a high-value transaction. 2 retries have already been attempted. Retry after a short delay because the failure may be caused by a temporary network issue.
TXN103524,CUST2508,40038.42,NETBANKING,FAILED,NETWORK_ERROR,2026-08-27 22:44:48.314360,2,70,HIGH,This is a high-value transaction. 2 retries have already been attempted. Retry after a short delay because the failure may be caused by a temporary network issue.
TXN104089,CUST5002,41360.34,CARD,FAILED,NETWORK_ERROR,2026-08-28 13:59:48.314360,2,70,HIGH,This is a high-value transaction. 2 retries have already been attempted. Retry after a short delay because the failure may be caused by a temporary network issue.
TXN104127,CUST9117,14934.91,NETBANKING,FAILED,NETWORK_ERROR,2026-08-17 16:36:48.314360,0,70,HIGH,This is a medium-value transaction. No previous retry has been attempted. Retry after a short delay because the failure may be caused by a temporary network issue.
TXN100905,CUST3703,47543.88,UPI,FAILED,LIMIT_EXCEEDED,2026-08-14 18:52:48.314360,0,70,HIGH,This is a high-value transaction. No previous retry has been attempted. Suggest an alternate payment method or lower-value transaction.
TXN100878,CUST4961,42595.13,NETBANKING,FAILED,NETWORK_ERROR,2026-08-11 21:35:48.314360,2,70,HIGH,This is a high-value transaction. 2 retries have already been attempted. Retry after a short delay because the failure may be caused by a temporary network issue.
TXN100876,CUST6124,19898.72,NETBANKING,FAILED,TIMEOUT,2026-07-30 23:20:48.314360,1,70,HIGH,This is a medium-value transaction. One retry has already been attempted. Retry the payment because the failure may be temporary.
TXN100858,CUST8838,41786.08,WALLET,FAILED,TIMEOUT,2026-08-09 04:43:48.314360,3,70,HIGH,This is a high-value transaction. 3 retries have already been attempted. Retry the payment because the failure may be temporary.
TXN104545,CUST3658,22633.05,UPI,FAILED,TIMEOUT,2026-08-27 13:29:48.314360,3,70,HIGH,This is a high-value transaction. 3 retries have already been attempted. Retry the payment because the failure may be temporary.
TXN103308,CUST7596,36008.11,WALLET,FAILED,TIMEOUT,2026-08-21 07:15:48.314360,3,70,HIGH,This is a high-value transaction. 3 retries have already been attempted. Retry the payment because the failure may be temporary.
TXN104595,CUST3175,10869.81,UPI,FAILED,TIMEOUT,2026-08-11 23:09:48.314360,1,70,HIGH,This is a medium-value transaction. One retry has already been attempted. Retry the payment because the failure may be temporary.
TXN103585,CUST3300,45867.33,CARD,FAILED,BANK_DECLINE,2026-08-17 23:43:48.314360,1,70,HIGH,This is a high-value transaction. One retry has already been attempted. Avoid immediate repeated retries. Suggest an alternate payment method.
TXN100783,CUST5965,46077.44,NETBANKING,FAILED,LIMIT_EXCEEDED,2026-08-22 04:29:48.314360,0,70,HIGH,This is a high-value transaction. No previous retry has been attempted. Suggest an alternate payment method or lower-value transaction.
TXN103387,CUST8533,32445.13,WALLET,FAILED,NETWORK_ERROR,2026-08-16 00:22:48.314360,2,70,HIGH,This is a high-value transaction. 2 retries have already been attempted. Retry after a short delay because the failure may be caused by a temporary network issue.
TXN103377,CUST4629,47786.42,CARD,FAILED,BANK_DECLINE,2026-08-13 07:59:48.314360,1,70,HIGH,This is a high-value transaction. One retry has already been attempted. Avoid immediate repeated retries. Suggest an alternate payment method.
TXN100625,CUST4886,44864.39,UPI,FAILED,LIMIT_EXCEEDED,2026-08-26 18:13:48.314360,0,70,HIGH,This is a high-value transaction. No previous retry has been attempted. Suggest an alternate payment method or lower-value transaction.
TXN103473,CUST2957,36565.19,WALLET,FAILED,TIMEOUT,2026-08-07 13:57:48.314360,3,70,HIGH,This is a high-value transaction. 3 retries have already been attempted. Retry the payment because the failure may be temporary.
TXN101109,CUST3048,44924.67,WALLET,FAILED,NETWORK_ERROR,2026-08-19 19:14:48.314360,2,70,HIGH,This is a high-value transaction. 2 retries have already been attempted. Retry after a short delay because the failure may be caused by a temporary network issue.
TXN101123,CUST6397,27732.37,UPI,FAILED,NETWORK_ERROR,2026-08-17 22:23:48.314360,2,70,HIGH,This is a high-value transaction. 2 retries have already been attempted. Retry after a short delay because the failure may be caused by a temporary network issue.
TXN102616,CUST9959,45678.84,UPI,FAILED,TIMEOUT,2026-08-19 19:59:48.314360,3,70,HIGH,This is a high-value transaction. 3 retries have already been attempted. Retry the payment because the failure may be temporary.
TXN101007,CUST1764,25033.1,CARD,FAILED,LIMIT_EXCEEDED,2026-08-10 03:04:48.314360,0,70,HIGH,This is a high-value transaction. No previous retry has been attempted. Suggest an alternate payment method or lower-value transaction.
TXN101016,CUST4072,45198.63,CARD,FAILED,NETWORK_ERROR,2026-07-31 11:32:48.314360,2,70,HIGH,This is a high-value transaction. 2 retries have already been attempted. Retry after a short delay because the failure may be caused by a temporary network issue.
TXN103016,CUST7224,47360.39,CARD,FAILED,TIMEOUT,2026-08-11 15:55:48.314360,3,70,HIGH,This is a high-value transaction. 3 retries have already been attempted. Retry the payment because the failure may be temporary.
TXN103020,CUST1110,47941.39,UPI,FAILED,LIMIT_EXCEEDED,2026-08-15 22:15:48.314360,0,70,HIGH,This is a high-value transaction. No previous retry has been attempted. Suggest an alternate payment method or lower-value transaction.
TXN103185,CUST8521,33011.64,CARD,FAILED,LIMIT_EXCEEDED,2026-08-11 23:01:48.314360,0,70,HIGH,This is a high-value transaction. No previous retry has been attempted. Suggest an alternate payment method or lower-value transaction.
TXN103183,CUST7445,30767.94,UPI,FAILED,BANK_DECLINE,2026-08-27 20:37:48.314360,1,70,HIGH,This is a high-value transaction. One retry has already been attempted. Avoid immediate repeated retries. Suggest an alternate payment method.
TXN100959,CUST9559,31286.16,UPI,FAILED,BANK_DECLINE,2026-08-10 15:29:48.314360,1,70,HIGH,This is a high-value transaction. One retry has already been attempted. Avoid immediate repeated retries. Suggest an alternate payment method.
TXN100972,CUST8916,10241.73,CARD,FAILED,NETWORK_ERROR,2026-08-25 07:22:48.314360,0,70,HIGH,This is a medium-value transaction. No previous retry has been attempted. Retry after a short delay because the failure may be caused by a temporary network issue.
TXN102875,CUST8812,45305.1,WALLET,FAILED,BANK_DECLINE,2026-08-24 15:12:48.314360,1,70,HIGH,This is a high-value transaction. One retry has already been attempted. Avoid immediate repeated retries. Suggest an alternate payment method.
TXN102848,CUST6781,18990.94,CARD,FAILED,TIMEOUT,2026-08-13 05:46:48.314360,1,70,HIGH,This is a medium-value transaction. One retry has already been attempted. Retry the payment because the failure may be temporary.
TXN102963,CUST3591,23325.03,UPI,FAILED,BANK_DECLINE,2026-08-18 16:26:48.314360,1,70,HIGH,This is a high-value transaction. One retry has already been attempted. Avoid immediate repeated retries. Suggest an alternate payment method.
TXN102745,CUST5911,24532.77,UPI,FAILED,NETWORK_ERROR,2026-08-10 10:09:48.314360,2,70,HIGH,This is a high-value transaction. 2 retries have already been attempted. Retry after a short delay because the failure may be caused by a temporary network issue.
TXN102749,CUST7726,22346.29,UPI,FAILED,NETWORK_ERROR,2026-08-25 17:36:48.314360,2,70,HIGH,This is a high-value transaction. 2 retries have already been attempted. Retry after a short delay because the failure may be caused by a temporary network issue.
TXN101053,CUST1378,48206.89,UPI,FAILED,BANK_DECLINE,2026-08-18 12:58:48.314360,1,70,HIGH,This is a high-value transaction. One retry has already been attempted. Avoid immediate repeated retries. Suggest an alternate payment method.
TXN101080,CUST5176,33860.27,NETBANKING,FAILED,TIMEOUT,2026-08-24 11:19:48.314360,3,70,HIGH,This is a high-value transaction. 3 retries have already been attempted. Retry the payment because the failure may be temporary.
TXN101096,CUST5884,44718.14,CARD,FAILED,LIMIT_EXCEEDED,2026-08-20 22:40:48.314360,0,70,HIGH,This is a high-value transaction. No previous retry has been attempted. Suggest an alternate payment method or lower-value transaction.
TXN102448,CUST9829,24185.05,NETBANKING,FAILED,NETWORK_ERROR,2026-08-18 03:09:48.314360,2,70,HIGH,This is a high-value transaction. 2 retries have already been attempted. Retry after a short delay because the failure may be caused by a temporary network issue.
TXN104689,CUST5016,22516.24,UPI,FAILED,TIMEOUT,2026-08-16 17:03:48.314360,3,70,HIGH,This is a high-value transaction. 3 retries have already been attempted. Retry the payment because the failure may be temporary.
TXN102575,CUST9232,43438.58,WALLET,FAILED,LIMIT_EXCEEDED,2026-08-19 21:20:48.314360,0,70,HIGH,This is a high-value transaction. No previous retry has been attempted. Suggest an alternate payment method or lower-value transaction.
TXN104648,CUST7952,46704.51,UPI,FAILED,LIMIT_EXCEEDED,2026-08-27 11:58:48.314360,0,70,HIGH,This is a high-value transaction. No previous retry has been attempted. Suggest an alternate payment method or lower-value transaction.
TXN102525,CUST7292,17106.67,NETBANKING,FAILED,NETWORK_ERROR,2026-08-10 14:35:48.314360,0,70,HIGH,This is a medium-value transaction. No previous retry has been attempted. Retry after a short delay because the failure may be caused by a temporary network issue.
TXN101101,CUST3255,47011.16,NETBANKING,FAILED,TIMEOUT,2026-08-17 05:27:48.314360,3,70,HIGH,This is a high-value transaction. 3 retries have already been attempted. Retry the payment because the failure may be temporary.
TXN102784,CUST8962,37921.95,CARD,FAILED,BANK_DECLINE,2026-08-20 22:32:48.314360,1,70,HIGH,This is a high-value transaction. One retry has already been attempted. Avoid immediate repeated retries. Suggest an alternate payment method.
TXN101935,CUST5152,28319.51,WALLET,FAILED,NETWORK_ERROR,2026-08-28 20:44:48.314360,2,70,HIGH,This is a high-value transaction. 2 retries have already been attempted. Retry after a short delay because the failure may be caused by a temporary network issue.
TXN102356,CUST7612,45292.35,CARD,FAILED,NETWORK_ERROR,2026-08-12 03:53:48.314360,2,70,HIGH,This is a high-value transaction. 2 retries have already been attempted. Retry after a short delay because the failure may be caused by a temporary network issue.
TXN101287,CUST9221,28096.72,WALLET,FAILED,BANK_DECLINE,2026-08-24 04:22:48.314360,1,70,HIGH,This is a high-value transaction. One retry has already been attempted. Avoid immediate repeated retries. Suggest an alternate payment method.
TXN102451,CUST9164,47612.12,WALLET,FAILED,LIMIT_EXCEEDED,2026-08-13 03:58:48.314360,0,70,HIGH,This is a high-value transaction. No previous retry has been attempted. Suggest an alternate payment method or lower-value transaction.
TXN102304,CUST5004,40876.8,WALLET,FAILED,NETWORK_ERROR,2026-08-13 02:44:48.314360,2,70,HIGH,This is a high-value transaction. 2 retries have already been attempted. Retry after a short delay because the failure may be caused by a temporary network issue.
TXN102234,CUST5111,16416.34,UPI,FAILED,NETWORK_ERROR,2026-08-20 19:49:48.314360,0,70,HIGH,This is a medium-value transaction. No previous retry has been attempted. Retry after a short delay because the failure may be caused by a temporary network issue.
TXN102224,CUST1766,42903.57,WALLET,FAILED,NETWORK_ERROR,2026-08-16 14:06:48.314360,2,70,HIGH,This is a high-value transaction. 2 retries have already been attempted. Retry after a short delay because the failure may be caused by a temporary network issue.
TXN101301,CUST1704,23086.75,NETBANKING,FAILED,NETWORK_ERROR,2026-08-27 03:33:48.314360,2,70,HIGH,This is a high-value transaction. 2 retries have already been attempted. Retry after a short delay because the failure may be caused by a temporary network issue.
TXN101296,CUST6390,14645.7,NETBANKING,FAILED,TIMEOUT,2026-08-20 06:29:48.314360,1,70,HIGH,This is a medium-value transaction. One retry has already been attempted. Retry the payment because the failure may be temporary.
TXN101980,CUST8082,22618.5,CARD,FAILED,LIMIT_EXCEEDED,2026-08-18 02:35:48.314360,0,70,HIGH,This is a high-value transaction. No previous retry has been attempted. Suggest an alternate payment method or lower-value transaction.
TXN101967,CUST9473,32874.57,UPI,FAILED,TIMEOUT,2026-08-05 18:22:48.314360,3,70,HIGH,This is a high-value transaction. 3 retries have already been attempted. Retry the payment because the failure may be temporary.
TXN101915,CUST1722,42415.29,UPI,FAILED,TIMEOUT,2026-08-17 02:30:48.314360,3,70,HIGH,This is a high-value transaction. 3 retries have already been attempted. Retry the payment because the failure may be temporary.
TXN101589,CUST4443,38780.75,WALLET,FAILED,TIMEOUT,2026-08-01 23:21:48.314360,3,70,HIGH,This is a high-value transaction. 3 retries have already been attempted. Retry the payment because the failure may be temporary.
TXN101851,CUST9232,28767.13,NETBANKING,FAILED,TIMEOUT,2026-08-02 00:17:48.314360,3,70,HIGH,This is a high-value transaction. 3 retries have already been attempted. Retry the payment because the failure may be temporary.
TXN101847,CUST2912,32989.05,WALLET,FAILED,LIMIT_EXCEEDED,2026-08-03 09:44:48.314360,0,70,HIGH,This is a high-value transaction. No previous retry has been attempted. Suggest an alternate payment method or lower-value transaction.
TXN101638,CUST1992,10985.44,NETBANKING,FAILED,TIMEOUT,2026-08-16 15:14:48.314360,1,70,HIGH,This is a medium-value transaction. One retry has already been attempted. Retry the payment because the failure may be temporary.
TXN101612,CUST8137,20074.93,CARD,FAILED,LIMIT_EXCEEDED,2026-08-20 08:07:48.314360,0,70,HIGH,This is a high-value transaction. No previous retry has been attempted. Suggest an alternate payment method or lower-value transaction.
TXN101435,CUST4452,35654.94,UPI,FAILED,NETWORK_ERROR,2026-08-01 13:03:48.314360,2,70,HIGH,This is a high-value transaction. 2 retries have already been attempted. Retry after a short delay because the failure may be caused by a temporary network issue.
TXN101559,CUST3758,23037.09,CARD,FAILED,LIMIT_EXCEEDED,2026-08-28 14:04:48.314360,0,70,HIGH,This is a high-value transaction. No previous retry has been attempted. Suggest an alternate payment method or lower-value transaction.
TXN101710,CUST8634,42450.77,CARD,FAILED,LIMIT_EXCEEDED,2026-08-11 22:59:48.314360,0,70,HIGH,This is a high-value transaction. No previous retry has been attempted. Suggest an alternate payment method or lower-value transaction.
TXN101539,CUST3978,14921.94,CARD,FAILED,TIMEOUT,2026-08-01 05:25:48.314360,1,70,HIGH,This is a medium-value transaction. One retry has already been attempted. Retry the payment because the failure may be temporary.
TXN100238,CUST3794,39209.73,WALLET,FAILED,BANK_DECLINE,2026-08-16 16:46:48.314360,1,70,HIGH,This is a high-value transaction. One retry has already been attempted. Avoid immediate repeated retries. Suggest an alternate payment method.
TXN104937,CUST9055,29436.27,CARD,FAILED,NETWORK_ERROR,2026-08-14 13:09:48.314360,2,70,HIGH,This is a high-value transaction. 2 retries have already been attempted. Retry after a short delay because the failure may be caused by a temporary network issue.
TXN104859,CUST8856,32651.1,UPI,FAILED,NETWORK_ERROR,2026-08-22 17:10:48.314360,2,70,HIGH,This is a high-value transaction. 2 retries have already been attempted. Retry after a short delay because the failure may be caused by a temporary network issue.
TXN104895,CUST4423,28929.4,WALLET,FAILED,TIMEOUT,2026-08-09 17:47:48.314360,3,70,HIGH,This is a high-value transaction. 3 retries have already been attempted. Retry the payment because the failure may be temporary.
TXN104997,CUST4460,41461.85,UPI,FAILED,NETWORK_ERROR,2026-08-22 06:25:48.314360,3,65,MEDIUM,This is a high-value transaction. 3 retries have already been attempted. Retry after a short delay because the failure may be caused by a temporary network issue.
TXN104981,CUST3901,19807.85,NETBANKING,FAILED,NETWORK_ERROR,2026-08-27 03:50:48.314360,1,65,MEDIUM,This is a medium-value transaction. One retry has already been attempted. Retry after a short delay because the failure may be caused by a temporary network issue.
TXN100069,CUST9887,15833.54,UPI,FAILED,BANK_DECLINE,2026-08-07 14:29:48.314360,0,65,MEDIUM,This is a medium-value transaction. No previous retry has been attempted. Avoid immediate repeated retries. Suggest an alternate payment method.
TXN104911,CUST6473,40758.08,CARD,FAILED,INSUFFICIENT_FUNDS,2026-07-31 11:39:48.314360,0,65,MEDIUM,This is a high-value transaction. No previous retry has been attempted. Do not repeatedly retry. Prompt the customer to use another payment method.
TXN104503,CUST9089,10710.19,CARD,FAILED,TIMEOUT,2026-08-14 19:48:48.314360,2,65,MEDIUM,This is a medium-value transaction. 2 retries have already been attempted. Retry the payment because the failure may be temporary.
TXN104507,CUST7023,38042.64,UPI,FAILED,INSUFFICIENT_FUNDS,2026-07-30 23:24:48.314360,0,65,MEDIUM,This is a high-value transaction. No previous retry has been attempted. Do not repeatedly retry. Prompt the customer to use another payment method.
TXN104324,CUST2240,34062.39,NETBANKING,FAILED,LIMIT_EXCEEDED,2026-07-30 16:15:48.314360,1,65,MEDIUM,This is a high-value transaction. One retry has already been attempted. Suggest an alternate payment method or lower-value transaction.
TXN104405,CUST1639,27169.23,WALLET,FAILED,LIMIT_EXCEEDED,2026-08-06 07:22:48.314360,1,65,MEDIUM,This is a high-value transaction. One retry has already been attempted. Suggest an alternate payment method or lower-value transaction.
TXN101445,CUST2149,33177.49,UPI,FAILED,INSUFFICIENT_FUNDS,2026-08-24 02:46:48.314360,0,65,MEDIUM,This is a high-value transaction. No previous retry has been attempted. Do not repeatedly retry. Prompt the customer to use another payment method.
TXN101713,CUST6596,22127.13,WALLET,FAILED,NETWORK_ERROR,2026-08-23 01:02:48.314360,3,65,MEDIUM,This is a high-value transaction. 3 retries have already been attempted. Retry after a short delay because the failure may be caused by a temporary network issue.
TXN100111,CUST7006,39813.38,WALLET,FAILED,NETWORK_ERROR,2026-08-07 01:08:48.314360,3,65,MEDIUM,This is a high-value transaction. 3 retries have already been attempted. Retry after a short delay because the failure may be caused by a temporary network issue.
TXN100440,CUST2397,20432.74,NETBANKING,FAILED,BANK_DECLINE,2026-08-01 02:43:48.314360,2,65,MEDIUM,This is a high-value transaction. 2 retries have already been attempted. Avoid immediate repeated retries. Suggest an alternate payment method.
TXN100299,CUST1532,33543.66,UPI,FAILED,LIMIT_EXCEEDED,2026-08-01 17:47:48.314360,1,65,MEDIUM,This is a high-value transaction. One retry has already been attempted. Suggest an alternate payment method or lower-value transaction.
TXN100301,CUST2573,25542.09,UPI,FAILED,INSUFFICIENT_FUNDS,2026-08-13 17:20:48.314360,0,65,MEDIUM,This is a high-value transaction. No previous retry has been attempted. Do not repeatedly retry. Prompt the customer to use another payment method.
TXN104143,CUST7457,15373.09,WALLET,FAILED,TIMEOUT,2026-08-19 14:41:48.314360,2,65,MEDIUM,This is a medium-value transaction. 2 retries have already been attempted. Retry the payment because the failure may be temporary.
TXN104175,CUST8977,38517.49,WALLET,FAILED,LIMIT_EXCEEDED,2026-08-04 22:20:48.314360,1,65,MEDIUM,This is a high-value transaction. One retry has already been attempted. Suggest an alternate payment method or lower-value transaction.
TXN104214,CUST3105,26852.48,NETBANKING,FAILED,NETWORK_ERROR,2026-08-01 06:32:48.314360,3,65,MEDIUM,This is a high-value transaction. 3 retries have already been attempted. Retry after a short delay because the failure may be caused by a temporary network issue.
TXN100523,CUST3047,43756.78,WALLET,FAILED,INSUFFICIENT_FUNDS,2026-08-23 10:00:48.314360,0,65,MEDIUM,This is a high-value transaction. No previous retry has been attempted. Do not repeatedly retry. Prompt the customer to use another payment method.
TXN100389,CUST7753,41759.43,WALLET,FAILED,LIMIT_EXCEEDED,2026-08-13 17:28:48.314360,1,65,MEDIUM,This is a high-value transaction. One retry has already been attempted. Suggest an alternate payment method or lower-value transaction.
TXN104066,CUST6974,42511.43,NETBANKING,FAILED,BANK_DECLINE,2026-08-21 14:14:48.314360,2,65,MEDIUM,This is a high-value transaction. 2 retries have already been attempted. Avoid immediate repeated retries. Suggest an alternate payment method.
TXN104085,CUST3626,26920.1,CARD,FAILED,INSUFFICIENT_FUNDS,2026-08-14 12:52:48.314360,0,65,MEDIUM,This is a high-value transaction. No previous retry has been attempted. Do not repeatedly retry. Prompt the customer to use another payment method.
TXN101794,CUST1175,40284.62,NETBANKING,FAILED,INSUFFICIENT_FUNDS,2026-08-12 23:02:48.314360,0,65,MEDIUM,This is a high-value transaction. No previous retry has been attempted. Do not repeatedly retry. Prompt the customer to use another payment method.
TXN101895,CUST8354,35327.44,CARD,FAILED,LIMIT_EXCEEDED,2026-08-21 07:50:48.314360,1,65,MEDIUM,This is a high-value transaction. One retry has already been attempted. Suggest an alternate payment method or lower-value transaction.
TXN101602,CUST9724,27055.07,WALLET,FAILED,LIMIT_EXCEEDED,2026-08-25 15:34:48.314360,1,65,MEDIUM,This is a high-value transaction. One retry has already been attempted. Suggest an alternate payment method or lower-value transaction.
TXN101579,CUST6481,25667.11,WALLET,FAILED,BANK_DECLINE,2026-08-20 11:22:48.314360,2,65,MEDIUM,This is a high-value transaction. 2 retries have already been attempted. Avoid immediate repeated retries. Suggest an alternate payment method.
TXN101583,CUST3753,47012.51,NETBANKING,FAILED,NETWORK_ERROR,2026-07-31 07:47:48.314360,3,65,MEDIUM,This is a high-value transaction. 3 retries have already been attempted. Retry after a short delay because the failure may be caused by a temporary network issue.
TXN104112,CUST8959,32707.21,CARD,FAILED,BANK_DECLINE,2026-08-11 16:36:48.314360,2,65,MEDIUM,This is a high-value transaction. 2 retries have already been attempted. Avoid immediate repeated retries. Suggest an alternate payment method.
TXN103957,CUST7120,41186.28,WALLET,FAILED,BANK_DECLINE,2026-08-11 12:14:48.314360,2,65,MEDIUM,This is a high-value transaction. 2 retries have already been attempted. Avoid immediate repeated retries. Suggest an alternate payment method.
TXN103975,CUST7353,11158.84,UPI,FAILED,TIMEOUT,2026-08-10 18:18:48.314360,2,65,MEDIUM,This is a medium-value transaction. 2 retries have already been attempted. Retry the payment because the failure may be temporary.
TXN103853,CUST5234,39837.39,CARD,FAILED,LIMIT_EXCEEDED,2026-08-01 15:57:48.314360,1,65,MEDIUM,This is a high-value transaction. One retry has already been attempted. Suggest an alternate payment method or lower-value transaction.
TXN100573,CUST7007,10999.54,CARD,FAILED,BANK_DECLINE,2026-08-08 22:20:48.314360,0,65,MEDIUM,This is a medium-value transaction. No previous retry has been attempted. Avoid immediate repeated retries. Suggest an alternate payment method.
TXN100588,CUST5054,17546.04,CARD,FAILED,TIMEOUT,2026-08-17 17:00:48.314360,2,65,MEDIUM,This is a medium-value transaction. 2 retries have already been attempted. Retry the payment because the failure may be temporary.
TXN100596,CUST3797,49692.63,CARD,FAILED,BANK_DECLINE,2026-07-30 13:05:48.314360,2,65,MEDIUM,This is a high-value transaction. 2 retries have already been attempted. Avoid immediate repeated retries. Suggest an alternate payment method.
TXN100714,CUST9832,48571.4,NETBANKING,FAILED,NETWORK_ERROR,2026-08-27 08:21:48.314360,3,65,MEDIUM,This is a high-value transaction. 3 retries have already been attempted. Retry after a short delay because the failure may be caused by a temporary network issue.
TXN100545,CUST7821,34062.25,UPI,FAILED,LIMIT_EXCEEDED,2026-08-17 15:19:48.314360,1,65,MEDIUM,This is a high-value transaction. One retry has already been attempted. Suggest an alternate payment method or lower-value transaction.
TXN100565,CUST4175,25326.53,WALLET,FAILED,NETWORK_ERROR,2026-08-04 22:14:48.314360,3,65,MEDIUM,This is a high-value transaction. 3 retries have already been attempted. Retry after a short delay because the failure may be caused by a temporary network issue.
TXN100568,CUST8032,16235.6,WALLET,FAILED,NETWORK_ERROR,2026-08-19 19:47:48.314360,1,65,MEDIUM,This is a medium-value transaction. One retry has already been attempted. Retry after a short delay because the failure may be caused by a temporary network issue.
TXN103813,CUST5366,10724.05,WALLET,FAILED,NETWORK_ERROR,2026-08-19 07:33:48.314360,1,65,MEDIUM,This is a medium-value transaction. One retry has already been attempted. Retry after a short delay because the failure may be caused by a temporary network issue.
TXN103823,CUST1666,18317.14,NETBANKING,FAILED,TIMEOUT,2026-08-23 23:58:48.314360,2,65,MEDIUM,This is a medium-value transaction. 2 retries have already been attempted. Retry the payment because the failure may be temporary.
TXN102118,CUST2476,27313.01,CARD,FAILED,INSUFFICIENT_FUNDS,2026-07-31 00:18:48.314360,0,65,MEDIUM,This is a high-value transaction. No previous retry has been attempted. Do not repeatedly retry. Prompt the customer to use another payment method.
TXN102140,CUST6895,41981.42,CARD,FAILED,BANK_DECLINE,2026-08-26 12:24:48.314360,2,65,MEDIUM,This is a high-value transaction. 2 retries have already been attempted. Avoid immediate repeated retries. Suggest an alternate payment method.
TXN102006,CUST9857,31584.4,UPI,FAILED,BANK_DECLINE,2026-08-25 16:38:48.314360,2,65,MEDIUM,This is a high-value transaction. 2 retries have already been attempted. Avoid immediate repeated retries. Suggest an alternate payment method.
TXN101757,CUST3930,17715.58,CARD,FAILED,BANK_DECLINE,2026-08-16 06:54:48.314360,0,65,MEDIUM,This is a medium-value transaction. No previous retry has been attempted. Avoid immediate repeated retries. Suggest an alternate payment method.
TXN101766,CUST1265,22327.36,CARD,FAILED,NETWORK_ERROR,2026-08-03 00:21:48.314360,3,65,MEDIUM,This is a high-value transaction. 3 retries have already been attempted. Retry after a short delay because the failure may be caused by a temporary network issue.
TXN103845,CUST3113,36933.83,CARD,FAILED,LIMIT_EXCEEDED,2026-08-28 03:28:48.314360,1,65,MEDIUM,This is a high-value transaction. One retry has already been attempted. Suggest an alternate payment method or lower-value transaction.
TXN103850,CUST9786,42238.1,CARD,FAILED,INSUFFICIENT_FUNDS,2026-08-03 01:07:48.314360,0,65,MEDIUM,This is a high-value transaction. No previous retry has been attempted. Do not repeatedly retry. Prompt the customer to use another payment method.
TXN103641,CUST6798,24529.52,UPI,FAILED,BANK_DECLINE,2026-08-15 18:32:48.314360,2,65,MEDIUM,This is a high-value transaction. 2 retries have already been attempted. Avoid immediate repeated retries. Suggest an alternate payment method.
TXN103664,CUST8306,20748.27,WALLET,FAILED,INSUFFICIENT_FUNDS,2026-08-13 18:32:48.314360,0,65,MEDIUM,This is a high-value transaction. No previous retry has been attempted. Do not repeatedly retry. Prompt the customer to use another payment method.
TXN103675,CUST5919,20455.86,UPI,FAILED,NETWORK_ERROR,2026-08-17 10:37:48.314360,3,65,MEDIUM,This is a high-value transaction. 3 retries have already been attempted. Retry after a short delay because the failure may be caused by a temporary network issue.
TXN103559,CUST5162,13849.35,WALLET,FAILED,BANK_DECLINE,2026-08-21 16:38:48.314360,0,65,MEDIUM,This is a medium-value transaction. No previous retry has been attempted. Avoid immediate repeated retries. Suggest an alternate payment method.
TXN103597,CUST9798,13315.04,UPI,FAILED,NETWORK_ERROR,2026-08-12 16:54:48.314360,1,65,MEDIUM,This is a medium-value transaction. One retry has already been attempted. Retry after a short delay because the failure may be caused by a temporary network issue.
TXN103374,CUST3004,41252.15,CARD,FAILED,BANK_DECLINE,2026-08-28 06:13:48.314360,2,65,MEDIUM,This is a high-value transaction. 2 retries have already been attempted. Avoid immediate repeated retries. Suggest an alternate payment method.
TXN100772,CUST8905,15843.81,NETBANKING,FAILED,NETWORK_ERROR,2026-08-24 03:12:48.314360,1,65,MEDIUM,This is a medium-value transaction. One retry has already been attempted. Retry after a short delay because the failure may be caused by a temporary network issue.
TXN101503,CUST3765,40144.23,UPI,FAILED,BANK_DECLINE,2026-08-26 19:34:48.314360,2,65,MEDIUM,This is a high-value transaction. 2 retries have already been attempted. Avoid immediate repeated retries. Suggest an alternate payment method.
TXN101373,CUST9297,46480.96,WALLET,FAILED,LIMIT_EXCEEDED,2026-08-24 13:43:48.314360,1,65,MEDIUM,This is a high-value transaction. One retry has already been attempted. Suggest an alternate payment method or lower-value transaction.
TXN101393,CUST7714,7102.94,WALLET,FAILED,TIMEOUT,2026-08-10 04:29:48.314360,0,65,MEDIUM,This is a medium-value transaction. No previous retry has been attempted. Retry the payment because the failure may be temporary.
TXN102084,CUST1536,33633.35,NETBANKING,FAILED,NETWORK_ERROR,2026-08-13 21:46:48.314360,3,65,MEDIUM,This is a high-value transaction. 3 retries have already been attempted. Retry after a short delay because the failure may be caused by a temporary network issue.
TXN100798,CUST2553,26886.62,CARD,FAILED,BANK_DECLINE,2026-08-27 21:35:48.314360,2,65,MEDIUM,This is a high-value transaction. 2 retries have already been attempted. Avoid immediate repeated retries. Suggest an alternate payment method.
TXN100810,CUST6288,17604.17,UPI,FAILED,TIMEOUT,2026-08-04 23:22:48.314360,2,65,MEDIUM,This is a medium-value transaction. 2 retries have already been attempted. Retry the payment because the failure may be temporary.
TXN100626,CUST9148,30625.09,NETBANKING,FAILED,LIMIT_EXCEEDED,2026-08-02 17:30:48.314360,1,65,MEDIUM,This is a high-value transaction. One retry has already been attempted. Suggest an alternate payment method or lower-value transaction.
TXN103474,CUST3535,44363.28,CARD,FAILED,INSUFFICIENT_FUNDS,2026-08-10 01:06:48.314360,0,65,MEDIUM,This is a high-value transaction. No previous retry has been attempted. Do not repeatedly retry. Prompt the customer to use another payment method.
TXN103505,CUST9290,29367.98,NETBANKING,FAILED,NETWORK_ERROR,2026-08-17 20:59:48.314360,3,65,MEDIUM,This is a high-value transaction. 3 retries have already been attempted. Retry after a short delay because the failure may be caused by a temporary network issue.
TXN103219,CUST9180,47417.77,CARD,FAILED,NETWORK_ERROR,2026-08-01 08:39:48.314360,3,65,MEDIUM,This is a high-value transaction. 3 retries have already been attempted. Retry after a short delay because the failure may be caused by a temporary network issue.
TXN104614,CUST4540,26213.71,UPI,FAILED,LIMIT_EXCEEDED,2026-08-28 17:19:48.314360,1,65,MEDIUM,This is a high-value transaction. One retry has already been attempted. Suggest an alternate payment method or lower-value transaction.
TXN100902,CUST4176,30296.71,CARD,FAILED,NETWORK_ERROR,2026-07-30 18:10:48.314360,3,65,MEDIUM,This is a high-value transaction. 3 retries have already been attempted. Retry after a short delay because the failure may be caused by a temporary network issue.
TXN100903,CUST5962,34876.05,WALLET,FAILED,INSUFFICIENT_FUNDS,2026-08-24 21:30:48.314360,0,65,MEDIUM,This is a high-value transaction. No previous retry has been attempted. Do not repeatedly retry. Prompt the customer to use another payment method.
TXN100747,CUST4103,33275.09,CARD,FAILED,INSUFFICIENT_FUNDS,2026-08-12 19:20:48.314360,0,65,MEDIUM,This is a high-value transaction. No previous retry has been attempted. Do not repeatedly retry. Prompt the customer to use another payment method.
TXN100748,CUST7576,20436.83,CARD,FAILED,NETWORK_ERROR,2026-08-17 03:05:48.314360,3,65,MEDIUM,This is a high-value transaction. 3 retries have already been attempted. Retry after a short delay because the failure may be caused by a temporary network issue.
TXN103157,CUST5387,14580.75,UPI,FAILED,NETWORK_ERROR,2026-08-10 05:40:48.314360,1,65,MEDIUM,This is a medium-value transaction. One retry has already been attempted. Retry after a short delay because the failure may be caused by a temporary network issue.
TXN103207,CUST3694,45623.82,UPI,FAILED,BANK_DECLINE,2026-08-19 02:32:48.314360,2,65,MEDIUM,This is a high-value transaction. 2 retries have already been attempted. Avoid immediate repeated retries. Suggest an alternate payment method.
TXN100958,CUST9367,43300.77,WALLET,FAILED,LIMIT_EXCEEDED,2026-08-21 10:00:48.314360,1,65,MEDIUM,This is a high-value transaction. One retry has already been attempted. Suggest an alternate payment method or lower-value transaction.
TXN101282,CUST6827,32406.38,CARD,FAILED,BANK_DECLINE,2026-08-28 19:27:48.314360,2,65,MEDIUM,This is a high-value transaction. 2 retries have already been attempted. Avoid immediate repeated retries. Suggest an alternate payment method.
TXN102197,CUST1310,21591.8,NETBANKING,FAILED,INSUFFICIENT_FUNDS,2026-07-31 20:23:48.314360,0,65,MEDIUM,This is a high-value transaction. No previous retry has been attempted. Do not repeatedly retry. Prompt the customer to use another payment method.
TXN102054,CUST6891,15217.9,NETBANKING,FAILED,TIMEOUT,2026-08-12 02:49:48.314360,2,65,MEDIUM,This is a medium-value transaction. 2 retries have already been attempted. Retry the payment because the failure may be temporary.
TXN102059,CUST4747,12805.7,WALLET,FAILED,BANK_DECLINE,2026-08-26 19:51:48.314360,0,65,MEDIUM,This is a medium-value transaction. No previous retry has been attempted. Avoid immediate repeated retries. Suggest an alternate payment method.
TXN100988,CUST5999,44338.88,CARD,FAILED,BANK_DECLINE,2026-08-19 15:04:48.314360,2,65,MEDIUM,This is a high-value transaction. 2 retries have already been attempted. Avoid immediate repeated retries. Suggest an alternate payment method.
TXN100992,CUST5159,42479.99,UPI,FAILED,NETWORK_ERROR,2026-08-21 01:51:48.314360,3,65,MEDIUM,This is a high-value transaction. 3 retries have already been attempted. Retry after a short delay because the failure may be caused by a temporary network issue.
TXN100854,CUST8091,49964.19,WALLET,FAILED,LIMIT_EXCEEDED,2026-08-03 14:16:48.314360,1,65,MEDIUM,This is a high-value transaction. One retry has already been attempted. Suggest an alternate payment method or lower-value transaction.
TXN103100,CUST5348,33784.92,CARD,FAILED,NETWORK_ERROR,2026-08-21 13:10:48.314360,3,65,MEDIUM,This is a high-value transaction. 3 retries have already been attempted. Retry after a short delay because the failure may be caused by a temporary network issue.
TXN102930,CUST3620,34242.36,UPI,FAILED,LIMIT_EXCEEDED,2026-08-03 18:58:48.314360,1,65,MEDIUM,This is a high-value transaction. One retry has already been attempted. Suggest an alternate payment method or lower-value transaction.
TXN102948,CUST3790,15549.98,UPI,FAILED,TIMEOUT,2026-08-18 10:52:48.314360,2,65,MEDIUM,This is a medium-value transaction. 2 retries have already been attempted. Retry the payment because the failure may be temporary.
TXN102952,CUST7245,14976.68,NETBANKING,FAILED,TIMEOUT,2026-08-17 17:11:48.314360,2,65,MEDIUM,This is a medium-value transaction. 2 retries have already been attempted. Retry the payment because the failure may be temporary.
TXN102719,CUST1000,28435.97,CARD,FAILED,INSUFFICIENT_FUNDS,2026-08-04 12:05:48.314360,0,65,MEDIUM,This is a high-value transaction. No previous retry has been attempted. Do not repeatedly retry. Prompt the customer to use another payment method.
TXN101043,CUST3781,46318.76,UPI,FAILED,BANK_DECLINE,2026-08-12 18:33:48.314360,2,65,MEDIUM,This is a high-value transaction. 2 retries have already been attempted. Avoid immediate repeated retries. Suggest an alternate payment method.
TXN101209,CUST5564,45498.93,UPI,FAILED,NETWORK_ERROR,2026-08-16 15:05:48.314360,3,65,MEDIUM,This is a high-value transaction. 3 retries have already been attempted. Retry after a short delay because the failure may be caused by a temporary network issue.
TXN101241,CUST1471,37827.16,NETBANKING,FAILED,INSUFFICIENT_FUNDS,2026-08-09 18:10:48.314360,0,65,MEDIUM,This is a high-value transaction. No previous retry has been attempted. Do not repeatedly retry. Prompt the customer to use another payment method.
TXN102750,CUST1833,42510.21,UPI,FAILED,LIMIT_EXCEEDED,2026-08-16 19:54:48.314360,1,65,MEDIUM,This is a high-value transaction. One retry has already been attempted. Suggest an alternate payment method or lower-value transaction.
TXN102768,CUST1557,45340.03,WALLET,FAILED,LIMIT_EXCEEDED,2026-07-31 07:12:48.314360,1,65,MEDIUM,This is a high-value transaction. One retry has already been attempted. Suggest an alternate payment method or lower-value transaction.
TXN102286,CUST4331,18205.86,CARD,FAILED,NETWORK_ERROR,2026-08-12 15:50:48.314360,1,65,MEDIUM,This is a medium-value transaction. One retry has already been attempted. Retry after a short delay because the failure may be caused by a temporary network issue.
TXN102290,CUST4851,20311.9,UPI,FAILED,NETWORK_ERROR,2026-08-09 17:27:48.314360,3,65,MEDIUM,This is a high-value transaction. 3 retries have already been attempted. Retry after a short delay because the failure may be caused by a temporary network issue.
TXN102297,CUST9746,48832.5,WALLET,FAILED,LIMIT_EXCEEDED,2026-08-20 08:58:48.314360,1,65,MEDIUM,This is a high-value transaction. One retry has already been attempted. Suggest an alternate payment method or lower-value transaction.
TXN102319,CUST6358,31807.79,CARD,FAILED,LIMIT_EXCEEDED,2026-08-21 23:32:48.314360,1,65,MEDIUM,This is a high-value transaction. One retry has already been attempted. Suggest an alternate payment method or lower-value transaction.
TXN102344,CUST8699,33863.71,CARD,FAILED,BANK_DECLINE,2026-08-11 08:06:48.314360,2,65,MEDIUM,This is a high-value transaction. 2 retries have already been attempted. Avoid immediate repeated retries. Suggest an alternate payment method.
TXN101419,CUST4439,46613.52,CARD,FAILED,BANK_DECLINE,2026-08-25 00:36:48.314360,2,65,MEDIUM,This is a high-value transaction. 2 retries have already been attempted. Avoid immediate repeated retries. Suggest an alternate payment method.
TXN102607,CUST6001,41145.42,UPI,FAILED,BANK_DECLINE,2026-08-13 20:37:48.314360,2,65,MEDIUM,This is a high-value transaction. 2 retries have already been attempted. Avoid immediate repeated retries. Suggest an alternate payment method.
TXN102675,CUST1359,12599.6,WALLET,FAILED,NETWORK_ERROR,2026-08-11 08:50:48.314360,1,65,MEDIUM,This is a medium-value transaction. One retry has already been attempted. Retry after a short delay because the failure may be caused by a temporary network issue.
TXN102453,CUST7879,25518.71,NETBANKING,FAILED,NETWORK_ERROR,2026-08-01 08:55:48.314360,3,65,MEDIUM,This is a high-value transaction. 3 retries have already been attempted. Retry after a short delay because the failure may be caused by a temporary network issue.
TXN104738,CUST1963,13798.84,WALLET,FAILED,NETWORK_ERROR,2026-08-04 09:06:48.314360,1,65,MEDIUM,This is a medium-value transaction. One retry has already been attempted. Retry after a short delay because the failure may be caused by a temporary network issue.
TXN104745,CUST7112,29403.27,UPI,FAILED,BANK_DECLINE,2026-08-06 01:43:48.314360,2,65,MEDIUM,This is a high-value transaction. 2 retries have already been attempted. Avoid immediate repeated retries. Suggest an alternate payment method.
TXN102419,CUST7603,17786.55,UPI,FAILED,TIMEOUT,2026-08-07 19:51:48.314360,2,65,MEDIUM,This is a medium-value transaction. 2 retries have already been attempted. Retry the payment because the failure may be temporary.
TXN104430,CUST4928,46267.38,NETBANKING,FAILED,INSUFFICIENT_FUNDS,2026-07-31 02:21:48.314360,0,65,MEDIUM,This is a high-value transaction. No previous retry has been attempted. Do not repeatedly retry. Prompt the customer to use another payment method.
TXN104438,CUST1729,20223.26,WALLET,FAILED,INSUFFICIENT_FUNDS,2026-07-31 00:41:48.314360,0,65,MEDIUM,This is a high-value transaction. No previous retry has been attempted. Do not repeatedly retry. Prompt the customer to use another payment method.
TXN100310,CUST2084,45562.59,UPI,FAILED,BANK_DECLINE,2026-08-02 08:45:48.314360,2,65,MEDIUM,This is a high-value transaction. 2 retries have already been attempted. Avoid immediate repeated retries. Suggest an alternate payment method.
TXN100323,CUST9418,41009.95,CARD,FAILED,NETWORK_ERROR,2026-07-30 04:05:48.314360,3,65,MEDIUM,This is a high-value transaction. 3 retries have already been attempted. Retry after a short delay because the failure may be caused by a temporary network issue.
TXN104938,CUST6496,25537.56,CARD,FAILED,BANK_DECLINE,2026-08-03 10:38:48.314360,2,65,MEDIUM,This is a high-value transaction. 2 retries have already been attempted. Avoid immediate repeated retries. Suggest an alternate payment method.
TXN104947,CUST3094,41581.25,NETBANKING,FAILED,NETWORK_ERROR,2026-07-30 23:54:48.314360,3,65,MEDIUM,This is a high-value transaction. 3 retries have already been attempted. Retry after a short delay because the failure may be caused by a temporary network issue.
TXN104973,CUST4078,21428.33,WALLET,FAILED,INSUFFICIENT_FUNDS,2026-08-12 14:47:48.314360,0,65,MEDIUM,This is a high-value transaction. No previous retry has been attempted. Do not repeatedly retry. Prompt the customer to use another payment method.
TXN104860,CUST2387,41227.38,CARD,FAILED,INSUFFICIENT_FUNDS,2026-08-06 00:13:48.314360,0,65,MEDIUM,This is a high-value transaction. No previous retry has been attempted. Do not repeatedly retry. Prompt the customer to use another payment method.
TXN104362,CUST4845,19630.74,UPI,FAILED,NETWORK_ERROR,2026-08-02 08:22:48.314360,2,60,MEDIUM,This is a medium-value transaction. 2 retries have already been attempted. Retry after a short delay because the failure may be caused by a temporary network issue.
TXN104400,CUST6750,9653.33,NETBANKING,FAILED,TIMEOUT,2026-08-21 03:21:48.314360,1,60,MEDIUM,This is a medium-value transaction. One retry has already been attempted. Retry the payment because the failure may be temporary.
TXN101727,CUST3747,19568.76,WALLET,FAILED,NETWORK_ERROR,2026-08-15 16:37:48.314360,2,60,MEDIUM,This is a medium-value transaction. 2 retries have already been attempted. Retry after a short delay because the failure may be caused by a temporary network issue.
TXN101553,CUST9361,38811.51,UPI,FAILED,INSUFFICIENT_FUNDS,2026-08-09 21:16:48.314360,1,60,MEDIUM,This is a high-value transaction. One retry has already been attempted. Do not repeatedly retry. Prompt the customer to use another payment method.
TXN104696,CUST7762,41752.22,WALLET,FAILED,BANK_DECLINE,2026-08-25 12:19:48.314360,3,60,MEDIUM,This is a high-value transaction. 3 retries have already been attempted. Avoid immediate repeated retries. Suggest an alternate payment method.
TXN104977,CUST8455,35310.73,CARD,FAILED,BANK_DECLINE,2026-08-21 20:32:48.314360,3,60,MEDIUM,This is a high-value transaction. 3 retries have already been attempted. Avoid immediate repeated retries. Suggest an alternate payment method.
TXN104429,CUST8138,44239.55,UPI,FAILED,BANK_DECLINE,2026-08-12 02:56:48.314360,3,60,MEDIUM,This is a high-value transaction. 3 retries have already been attempted. Avoid immediate repeated retries. Suggest an alternate payment method.
TXN104446,CUST4233,35729.32,WALLET,FAILED,LIMIT_EXCEEDED,2026-08-20 20:53:48.314360,2,60,MEDIUM,This is a high-value transaction. 2 retries have already been attempted. Suggest an alternate payment method or lower-value transaction.
TXN100131,CUST7010,36619.0,UPI,FAILED,BANK_DECLINE,2026-08-26 11:26:48.314360,3,60,MEDIUM,This is a high-value transaction. 3 retries have already been attempted. Avoid immediate repeated retries. Suggest an alternate payment method.
TXN104252,CUST1170,22850.48,CARD,FAILED,LIMIT_EXCEEDED,2026-08-28 09:31:48.314360,2,60,MEDIUM,This is a high-value transaction. 2 retries have already been attempted. Suggest an alternate payment method or lower-value transaction.
TXN104298,CUST6863,33106.2,UPI,FAILED,BANK_DECLINE,2026-08-01 18:19:48.314360,3,60,MEDIUM,This is a high-value transaction. 3 retries have already been attempted. Avoid immediate repeated retries. Suggest an alternate payment method.
TXN100428,CUST2333,36597.55,WALLET,FAILED,LIMIT_EXCEEDED,2026-08-03 20:53:48.314360,2,60,MEDIUM,This is a high-value transaction. 2 retries have already been attempted. Suggest an alternate payment method or lower-value transaction.
TXN100248,CUST1818,17528.49,WALLET,FAILED,TIMEOUT,2026-08-19 02:26:48.314360,3,60,MEDIUM,This is a medium-value transaction. 3 retries have already been attempted. Retry the payment because the failure may be temporary.
TXN100286,CUST3323,46367.8,UPI,FAILED,BANK_DECLINE,2026-08-09 12:04:48.314360,3,60,MEDIUM,This is a high-value transaction. 3 retries have already been attempted. Avoid immediate repeated retries. Suggest an alternate payment method.
TXN104201,CUST2849,10874.71,UPI,FAILED,LIMIT_EXCEEDED,2026-08-14 23:20:48.314360,0,60,MEDIUM,This is a medium-value transaction. No previous retry has been attempted. Suggest an alternate payment method or lower-value transaction.
TXN104065,CUST8506,40288.95,WALLET,FAILED,LIMIT_EXCEEDED,2026-08-27 17:53:48.314360,2,60,MEDIUM,This is a high-value transaction. 2 retries have already been attempted. Suggest an alternate payment method or lower-value transaction.
TXN100339,CUST4760,46085.56,WALLET,FAILED,INSUFFICIENT_FUNDS,2026-08-04 08:48:48.314360,1,60,MEDIUM,This is a high-value transaction. One retry has already been attempted. Do not repeatedly retry. Prompt the customer to use another payment method.
TXN104634,CUST2690,38304.9,CARD,FAILED,INSUFFICIENT_FUNDS,2026-08-26 01:32:48.314360,1,60,MEDIUM,This is a high-value transaction. One retry has already been attempted. Do not repeatedly retry. Prompt the customer to use another payment method.
TXN104672,CUST8450,49533.08,NETBANKING,FAILED,BANK_DECLINE,2026-08-20 03:02:48.314360,3,60,MEDIUM,This is a high-value transaction. 3 retries have already been attempted. Avoid immediate repeated retries. Suggest an alternate payment method.
TXN104694,CUST1184,23258.51,NETBANKING,FAILED,LIMIT_EXCEEDED,2026-08-20 00:13:48.314360,2,60,MEDIUM,This is a high-value transaction. 2 retries have already been attempted. Suggest an alternate payment method or lower-value transaction.
TXN101316,CUST1816,28583.45,CARD,FAILED,INSUFFICIENT_FUNDS,2026-08-25 20:42:48.314360,1,60,MEDIUM,This is a high-value transaction. One retry has already been attempted. Do not repeatedly retry. Prompt the customer to use another payment method.
TXN104726,CUST2200,44651.86,CARD,FAILED,BANK_DECLINE,2026-08-05 02:36:48.314360,3,60,MEDIUM,This is a high-value transaction. 3 retries have already been attempted. Avoid immediate repeated retries. Suggest an alternate payment method.
TXN104727,CUST5138,30467.09,CARD,FAILED,BANK_DECLINE,2026-08-02 22:59:48.314360,3,60,MEDIUM,This is a high-value transaction. 3 retries have already been attempted. Avoid immediate repeated retries. Suggest an alternate payment method.
TXN104734,CUST9205,45701.25,WALLET,FAILED,BANK_DECLINE,2026-08-14 20:57:48.314360,3,60,MEDIUM,This is a high-value transaction. 3 retries have already been attempted. Avoid immediate repeated retries. Suggest an alternate payment method.
TXN104095,CUST8500,11240.12,UPI,FAILED,LIMIT_EXCEEDED,2026-08-27 19:35:48.314360,0,60,MEDIUM,This is a medium-value transaction. No previous retry has been attempted. Suggest an alternate payment method or lower-value transaction.
TXN101634,CUST8749,16135.12,WALLET,FAILED,TIMEOUT,2026-08-02 10:13:48.314360,3,60,MEDIUM,This is a medium-value transaction. 3 retries have already been attempted. Retry the payment because the failure may be temporary.
TXN101565,CUST6471,33997.35,WALLET,FAILED,BANK_DECLINE,2026-08-14 19:23:48.314360,3,60,MEDIUM,This is a high-value transaction. 3 retries have already been attempted. Avoid immediate repeated retries. Suggest an alternate payment method.
TXN101566,CUST8186,44981.18,NETBANKING,FAILED,LIMIT_EXCEEDED,2026-08-21 02:38:48.314360,2,60,MEDIUM,This is a high-value transaction. 2 retries have already been attempted. Suggest an alternate payment method or lower-value transaction.
TXN104113,CUST6089,43606.01,WALLET,FAILED,LIMIT_EXCEEDED,2026-08-04 20:55:48.314360,2,60,MEDIUM,This is a high-value transaction. 2 retries have already been attempted. Suggest an alternate payment method or lower-value transaction.
TXN103991,CUST9123,10380.46,WALLET,FAILED,NETWORK_ERROR,2026-08-23 03:20:48.314360,2,60,MEDIUM,This is a medium-value transaction. 2 retries have already been attempted. Retry after a short delay because the failure may be caused by a temporary network issue.
TXN103992,CUST5533,15114.97,UPI,FAILED,TIMEOUT,2026-08-12 07:17:48.314360,3,60,MEDIUM,This is a medium-value transaction. 3 retries have already been attempted. Retry the payment because the failure may be temporary.
TXN103869,CUST8250,22702.68,WALLET,FAILED,BANK_DECLINE,2026-08-17 13:27:48.314360,3,60,MEDIUM,This is a high-value transaction. 3 retries have already been attempted. Avoid immediate repeated retries. Suggest an alternate payment method.
TXN103912,CUST3365,42158.04,UPI,FAILED,LIMIT_EXCEEDED,2026-08-05 14:27:48.314360,2,60,MEDIUM,This is a high-value transaction. 2 retries have already been attempted. Suggest an alternate payment method or lower-value transaction.
TXN103791,CUST1339,21862.8,UPI,FAILED,BANK_DECLINE,2026-08-20 01:37:48.314360,3,60,MEDIUM,This is a high-value transaction. 3 retries have already been attempted. Avoid immediate repeated retries. Suggest an alternate payment method.
TXN100476,CUST6100,5693.65,NETBANKING,FAILED,NETWORK_ERROR,2026-08-19 14:35:48.314360,0,60,MEDIUM,This is a medium-value transaction. No previous retry has been attempted. Retry after a short delay because the failure may be caused by a temporary network issue.
TXN100483,CUST6497,49064.36,WALLET,FAILED,INSUFFICIENT_FUNDS,2026-08-23 15:59:48.314360,1,60,MEDIUM,This is a high-value transaction. One retry has already been attempted. Do not repeatedly retry. Prompt the customer to use another payment method.
TXN100494,CUST1404,21924.72,NETBANKING,FAILED,INSUFFICIENT_FUNDS,2026-08-22 02:56:48.314360,1,60,MEDIUM,This is a high-value transaction. One retry has already been attempted. Do not repeatedly retry. Prompt the customer to use another payment method.
TXN100514,CUST9363,18223.68,NETBANKING,FAILED,BANK_DECLINE,2026-07-31 16:59:48.314360,1,60,MEDIUM,This is a medium-value transaction. One retry has already been attempted. Avoid immediate repeated retries. Suggest an alternate payment method.
TXN100670,CUST8237,40451.63,WALLET,FAILED,INSUFFICIENT_FUNDS,2026-08-17 12:35:48.314360,1,60,MEDIUM,This is a high-value transaction. One retry has already been attempted. Do not repeatedly retry. Prompt the customer to use another payment method.
TXN102638,CUST6322,47072.9,NETBANKING,FAILED,INSUFFICIENT_FUNDS,2026-08-11 12:21:48.314360,1,60,MEDIUM,This is a high-value transaction. One retry has already been attempted. Do not repeatedly retry. Prompt the customer to use another payment method.
TXN102667,CUST4421,10476.24,CARD,FAILED,LIMIT_EXCEEDED,2026-08-26 15:43:48.314360,0,60,MEDIUM,This is a medium-value transaction. No previous retry has been attempted. Suggest an alternate payment method or lower-value transaction.
TXN102677,CUST2481,14611.3,UPI,FAILED,NETWORK_ERROR,2026-08-12 10:20:48.314360,2,60,MEDIUM,This is a medium-value transaction. 2 retries have already been attempted. Retry after a short delay because the failure may be caused by a temporary network issue.
TXN102706,CUST4327,44348.29,NETBANKING,FAILED,BANK_DECLINE,2026-08-17 00:13:48.314360,3,60,MEDIUM,This is a high-value transaction. 3 retries have already been attempted. Avoid immediate repeated retries. Suggest an alternate payment method.
TXN102455,CUST8747,42818.45,NETBANKING,FAILED,INSUFFICIENT_FUNDS,2026-08-14 06:20:48.314360,1,60,MEDIUM,This is a high-value transaction. One retry has already been attempted. Do not repeatedly retry. Prompt the customer to use another payment method.
TXN102485,CUST3431,16695.69,NETBANKING,FAILED,LIMIT_EXCEEDED,2026-08-02 12:03:48.314360,0,60,MEDIUM,This is a medium-value transaction. No previous retry has been attempted. Suggest an alternate payment method or lower-value transaction.
TXN102495,CUST6755,14328.85,CARD,FAILED,BANK_DECLINE,2026-08-10 18:12:48.314360,1,60,MEDIUM,This is a medium-value transaction. One retry has already been attempted. Avoid immediate repeated retries. Suggest an alternate payment method.
TXN100553,CUST7925,6927.72,NETBANKING,FAILED,TIMEOUT,2026-08-09 08:51:48.314360,1,60,MEDIUM,This is a medium-value transaction. One retry has already been attempted. Retry the payment because the failure may be temporary.
TXN100559,CUST7559,7815.65,CARD,FAILED,NETWORK_ERROR,2026-08-27 19:51:48.314360,0,60,MEDIUM,This is a medium-value transaction. No previous retry has been attempted. Retry after a short delay because the failure may be caused by a temporary network issue.
TXN103826,CUST7589,13454.14,WALLET,FAILED,LIMIT_EXCEEDED,2026-08-25 17:53:48.314360,0,60,MEDIUM,This is a medium-value transaction. No previous retry has been attempted. Suggest an alternate payment method or lower-value transaction.
TXN103827,CUST5261,21986.13,CARD,FAILED,INSUFFICIENT_FUNDS,2026-08-12 19:39:48.314360,1,60,MEDIUM,This is a high-value transaction. One retry has already been attempted. Do not repeatedly retry. Prompt the customer to use another payment method.
TXN103839,CUST1588,10728.96,UPI,FAILED,NETWORK_ERROR,2026-08-05 04:07:48.314360,2,60,MEDIUM,This is a medium-value transaction. 2 retries have already been attempted. Retry after a short delay because the failure may be caused by a temporary network issue.
TXN101940,CUST2698,42388.92,CARD,FAILED,BANK_DECLINE,2026-08-18 23:07:48.314360,3,60,MEDIUM,This is a high-value transaction. 3 retries have already been attempted. Avoid immediate repeated retries. Suggest an alternate payment method.
TXN101988,CUST9526,46594.61,CARD,FAILED,LIMIT_EXCEEDED,2026-08-11 09:04:48.314360,2,60,MEDIUM,This is a high-value transaction. 2 retries have already been attempted. Suggest an alternate payment method or lower-value transaction.
TXN102036,CUST1317,46319.45,NETBANKING,FAILED,LIMIT_EXCEEDED,2026-07-30 05:59:48.314360,2,60,MEDIUM,This is a high-value transaction. 2 retries have already been attempted. Suggest an alternate payment method or lower-value transaction.
TXN101749,CUST1082,32398.46,NETBANKING,FAILED,LIMIT_EXCEEDED,2026-08-03 03:04:48.314360,2,60,MEDIUM,This is a high-value transaction. 2 retries have already been attempted. Suggest an alternate payment method or lower-value transaction.
TXN102767,CUST6432,15091.34,NETBANKING,FAILED,NETWORK_ERROR,2026-08-02 12:08:48.314360,2,60,MEDIUM,This is a medium-value transaction. 2 retries have already been attempted. Retry after a short delay because the failure may be caused by a temporary network issue.
TXN102445,CUST7567,6737.62,UPI,FAILED,NETWORK_ERROR,2026-08-22 23:25:48.314360,0,60,MEDIUM,This is a medium-value transaction. No previous retry has been attempted. Retry after a short delay because the failure may be caused by a temporary network issue.
TXN102266,CUST3747,19175.32,UPI,FAILED,TIMEOUT,2026-08-24 09:16:48.314360,3,60,MEDIUM,This is a medium-value transaction. 3 retries have already been attempted. Retry the payment because the failure may be temporary.
TXN102163,CUST4844,10276.09,CARD,FAILED,BANK_DECLINE,2026-08-02 05:59:48.314360,1,60,MEDIUM,This is a medium-value transaction. One retry has already been attempted. Avoid immediate repeated retries. Suggest an alternate payment method.
TXN101417,CUST2912,45360.48,UPI,FAILED,INSUFFICIENT_FUNDS,2026-08-07 08:48:48.314360,1,60,MEDIUM,This is a high-value transaction. One retry has already been attempted. Do not repeatedly retry. Prompt the customer to use another payment method.
TXN103659,CUST4015,21862.37,WALLET,FAILED,BANK_DECLINE,2026-08-01 18:49:48.314360,3,60,MEDIUM,This is a high-value transaction. 3 retries have already been attempted. Avoid immediate repeated retries. Suggest an alternate payment method.
TXN103513,CUST3290,37089.36,NETBANKING,FAILED,INSUFFICIENT_FUNDS,2026-07-30 14:00:48.314360,1,60,MEDIUM,This is a high-value transaction. One retry has already been attempted. Do not repeatedly retry. Prompt the customer to use another payment method.
TXN103557,CUST1897,35274.14,WALLET,FAILED,INSUFFICIENT_FUNDS,2026-08-04 18:34:48.314360,1,60,MEDIUM,This is a high-value transaction. One retry has already been attempted. Do not repeatedly retry. Prompt the customer to use another payment method.
TXN103591,CUST2730,20032.89,NETBANKING,FAILED,BANK_DECLINE,2026-07-31 03:52:48.314360,3,60,MEDIUM,This is a high-value transaction. 3 retries have already been attempted. Avoid immediate repeated retries. Suggest an alternate payment method.
TXN103370,CUST2236,15879.02,NETBANKING,FAILED,LIMIT_EXCEEDED,2026-08-09 13:21:48.314360,0,60,MEDIUM,This is a medium-value transaction. No previous retry has been attempted. Suggest an alternate payment method or lower-value transaction.
TXN100768,CUST7742,34091.66,NETBANKING,FAILED,BANK_DECLINE,2026-07-31 18:48:48.314360,3,60,MEDIUM,This is a high-value transaction. 3 retries have already been attempted. Avoid immediate repeated retries. Suggest an alternate payment method.
TXN101499,CUST5722,33499.03,CARD,FAILED,LIMIT_EXCEEDED,2026-08-07 10:26:48.314360,2,60,MEDIUM,This is a high-value transaction. 2 retries have already been attempted. Suggest an alternate payment method or lower-value transaction.
TXN101366,CUST7435,46049.34,NETBANKING,FAILED,LIMIT_EXCEEDED,2026-08-19 01:42:48.314360,2,60,MEDIUM,This is a high-value transaction. 2 retries have already been attempted. Suggest an alternate payment method or lower-value transaction.
TXN101377,CUST3515,28960.2,WALLET,FAILED,LIMIT_EXCEEDED,2026-08-11 06:53:48.314360,2,60,MEDIUM,This is a high-value transaction. 2 retries have already been attempted. Suggest an alternate payment method or lower-value transaction.
TXN101046,CUST7402,16034.5,CARD,FAILED,LIMIT_EXCEEDED,2026-08-28 20:44:48.314360,0,60,MEDIUM,This is a medium-value transaction. No previous retry has been attempted. Suggest an alternate payment method or lower-value transaction.
TXN101086,CUST7758,49161.07,CARD,FAILED,LIMIT_EXCEEDED,2026-08-22 10:56:48.314360,2,60,MEDIUM,This is a high-value transaction. 2 retries have already been attempted. Suggest an alternate payment method or lower-value transaction.
TXN101165,CUST5268,40232.59,WALLET,FAILED,INSUFFICIENT_FUNDS,2026-08-08 11:53:48.314360,1,60,MEDIUM,This is a high-value transaction. One retry has already been attempted. Do not repeatedly retry. Prompt the customer to use another payment method.
TXN101180,CUST7498,23820.98,CARD,FAILED,INSUFFICIENT_FUNDS,2026-08-12 07:58:48.314360,1,60,MEDIUM,This is a high-value transaction. One retry has already been attempted. Do not repeatedly retry. Prompt the customer to use another payment method.
TXN101185,CUST4779,16696.55,NETBANKING,FAILED,BANK_DECLINE,2026-08-26 05:32:48.314360,1,60,MEDIUM,This is a medium-value transaction. One retry has already been attempted. Avoid immediate repeated retries. Suggest an alternate payment method.
TXN102072,CUST6773,29971.65,NETBANKING,FAILED,BANK_DECLINE,2026-08-16 05:11:48.314360,3,60,MEDIUM,This is a high-value transaction. 3 retries have already been attempted. Avoid immediate repeated retries. Suggest an alternate payment method.
TXN100802,CUST8344,15924.39,NETBANKING,FAILED,LIMIT_EXCEEDED,2026-08-08 14:57:48.314360,0,60,MEDIUM,This is a medium-value transaction. No previous retry has been attempted. Suggest an alternate payment method or lower-value transaction.
TXN100811,CUST6901,27128.21,WALLET,FAILED,LIMIT_EXCEEDED,2026-08-09 10:11:48.314360,2,60,MEDIUM,This is a high-value transaction. 2 retries have already been attempted. Suggest an alternate payment method or lower-value transaction.
TXN100644,CUST7620,13915.41,CARD,FAILED,LIMIT_EXCEEDED,2026-08-09 17:01:48.314360,0,60,MEDIUM,This is a medium-value transaction. No previous retry has been attempted. Suggest an alternate payment method or lower-value transaction.
TXN100648,CUST7762,32188.85,CARD,FAILED,BANK_DECLINE,2026-08-25 18:14:48.314360,3,60,MEDIUM,This is a high-value transaction. 3 retries have already been attempted. Avoid immediate repeated retries. Suggest an alternate payment method.
TXN103217,CUST9641,25626.9,NETBANKING,FAILED,BANK_DECLINE,2026-07-30 03:03:48.314360,3,60,MEDIUM,This is a high-value transaction. 3 retries have already been attempted. Avoid immediate repeated retries. Suggest an alternate payment method.
TXN103257,CUST3359,22042.37,CARD,FAILED,LIMIT_EXCEEDED,2026-08-08 21:39:48.314360,2,60,MEDIUM,This is a high-value transaction. 2 retries have already been attempted. Suggest an alternate payment method or lower-value transaction.
TXN103269,CUST6962,32828.52,CARD,FAILED,LIMIT_EXCEEDED,2026-08-15 02:39:48.314360,2,60,MEDIUM,This is a high-value transaction. 2 retries have already been attempted. Suggest an alternate payment method or lower-value transaction.
TXN103320,CUST8893,8664.6,WALLET,FAILED,TIMEOUT,2026-08-26 20:50:48.314360,1,60,MEDIUM,This is a medium-value transaction. One retry has already been attempted. Retry the payment because the failure may be temporary.
TXN102937,CUST9487,15661.35,UPI,FAILED,BANK_DECLINE,2026-08-19 17:02:48.314360,1,60,MEDIUM,This is a medium-value transaction. One retry has already been attempted. Avoid immediate repeated retries. Suggest an alternate payment method.
TXN102998,CUST2938,25450.39,UPI,FAILED,LIMIT_EXCEEDED,2026-08-20 11:38:48.314360,2,60,MEDIUM,This is a high-value transaction. 2 retries have already been attempted. Suggest an alternate payment method or lower-value transaction.
TXN102845,CUST4259,17381.41,WALLET,FAILED,BANK_DECLINE,2026-08-14 17:32:48.314360,1,60,MEDIUM,This is a medium-value transaction. One retry has already been attempted. Avoid immediate repeated retries. Suggest an alternate payment method.
TXN102851,CUST3005,24319.49,NETBANKING,FAILED,BANK_DECLINE,2026-08-15 14:28:48.314360,3,60,MEDIUM,This is a high-value transaction. 3 retries have already been attempted. Avoid immediate repeated retries. Suggest an alternate payment method.
TXN102853,CUST7042,27636.41,WALLET,FAILED,BANK_DECLINE,2026-08-23 12:50:48.314360,3,60,MEDIUM,This is a high-value transaction. 3 retries have already been attempted. Avoid immediate repeated retries. Suggest an alternate payment method.
TXN102872,CUST9640,20882.02,NETBANKING,FAILED,BANK_DECLINE,2026-08-05 01:24:48.314360,3,60,MEDIUM,This is a high-value transaction. 3 retries have already been attempted. Avoid immediate repeated retries. Suggest an alternate payment method.
TXN102735,CUST3615,17819.92,CARD,FAILED,BANK_DECLINE,2026-08-20 00:12:48.314360,1,60,MEDIUM,This is a medium-value transaction. One retry has already been attempted. Avoid immediate repeated retries. Suggest an alternate payment method.
TXN103324,CUST5248,34415.01,CARD,FAILED,BANK_DECLINE,2026-08-18 04:02:48.314360,3,60,MEDIUM,This is a high-value transaction. 3 retries have already been attempted. Avoid immediate repeated retries. Suggest an alternate payment method.
TXN104518,CUST6782,28725.46,UPI,FAILED,INSUFFICIENT_FUNDS,2026-08-26 05:05:48.314360,1,60,MEDIUM,This is a high-value transaction. One retry has already been attempted. Do not repeatedly retry. Prompt the customer to use another payment method.
TXN104555,CUST4599,43004.05,CARD,FAILED,LIMIT_EXCEEDED,2026-08-21 03:10:48.314360,2,60,MEDIUM,This is a high-value transaction. 2 retries have already been attempted. Suggest an alternate payment method or lower-value transaction.
TXN100730,CUST5711,34620.09,CARD,FAILED,BANK_DECLINE,2026-08-01 02:14:48.314360,3,60,MEDIUM,This is a high-value transaction. 3 retries have already been attempted. Avoid immediate repeated retries. Suggest an alternate payment method.
TXN103160,CUST6663,30711.91,NETBANKING,FAILED,INSUFFICIENT_FUNDS,2026-07-30 05:28:48.314360,1,60,MEDIUM,This is a high-value transaction. One retry has already been attempted. Do not repeatedly retry. Prompt the customer to use another payment method.
TXN103206,CUST8032,37816.71,CARD,FAILED,INSUFFICIENT_FUNDS,2026-08-16 08:24:48.314360,1,60,MEDIUM,This is a high-value transaction. One retry has already been attempted. Do not repeatedly retry. Prompt the customer to use another payment method.
TXN103008,CUST9940,48094.75,CARD,FAILED,BANK_DECLINE,2026-07-30 22:18:48.314360,3,60,MEDIUM,This is a high-value transaction. 3 retries have already been attempted. Avoid immediate repeated retries. Suggest an alternate payment method.
TXN100982,CUST1727,43166.38,CARD,FAILED,INSUFFICIENT_FUNDS,2026-08-14 00:10:48.314360,1,60,MEDIUM,This is a high-value transaction. One retry has already been attempted. Do not repeatedly retry. Prompt the customer to use another payment method.
TXN101244,CUST6597,21709.9,WALLET,FAILED,BANK_DECLINE,2026-08-15 15:14:48.314360,3,60,MEDIUM,This is a high-value transaction. 3 retries have already been attempted. Avoid immediate repeated retries. Suggest an alternate payment method.
TXN102221,CUST8255,47387.62,CARD,FAILED,INSUFFICIENT_FUNDS,2026-08-27 11:41:48.314360,1,60,MEDIUM,This is a high-value transaction. One retry has already been attempted. Do not repeatedly retry. Prompt the customer to use another payment method.
TXN100984,CUST5538,13947.82,WALLET,FAILED,BANK_DECLINE,2026-08-27 01:48:48.314360,1,60,MEDIUM,This is a medium-value transaction. One retry has already been attempted. Avoid immediate repeated retries. Suggest an alternate payment method.
TXN101022,CUST6065,29288.85,CARD,FAILED,BANK_DECLINE,2026-08-12 16:27:48.314360,3,60,MEDIUM,This is a high-value transaction. 3 retries have already been attempted. Avoid immediate repeated retries. Suggest an alternate payment method.
TXN101034,CUST3061,13639.29,UPI,FAILED,TIMEOUT,2026-08-21 22:21:48.314360,3,60,MEDIUM,This is a medium-value transaction. 3 retries have already been attempted. Retry the payment because the failure may be temporary.
TXN103076,CUST8708,29368.06,WALLET,FAILED,LIMIT_EXCEEDED,2026-08-21 20:31:48.314360,2,60,MEDIUM,This is a high-value transaction. 2 retries have already been attempted. Suggest an alternate payment method or lower-value transaction.
TXN102897,CUST3858,38535.66,UPI,FAILED,INSUFFICIENT_FUNDS,2026-08-11 05:12:48.314360,1,60,MEDIUM,This is a high-value transaction. One retry has already been attempted. Do not repeatedly retry. Prompt the customer to use another payment method.
TXN100062,CUST3063,22661.14,CARD,FAILED,BANK_DECLINE,2026-07-30 19:38:48.314360,3,60,MEDIUM,This is a high-value transaction. 3 retries have already been attempted. Avoid immediate repeated retries. Suggest an alternate payment method.
TXN100073,CUST8434,21171.5,CARD,FAILED,BANK_DECLINE,2026-08-13 08:32:48.314360,3,60,MEDIUM,This is a high-value transaction. 3 retries have already been attempted. Avoid immediate repeated retries. Suggest an alternate payment method.
TXN100175,CUST7656,16063.73,NETBANKING,FAILED,TIMEOUT,2026-08-15 12:45:48.314360,3,60,MEDIUM,This is a medium-value transaction. 3 retries have already been attempted. Retry the payment because the failure may be temporary.
TXN100190,CUST3946,10142.15,CARD,FAILED,NETWORK_ERROR,2026-08-15 04:26:48.314360,2,60,MEDIUM,This is a medium-value transaction. 2 retries have already been attempted. Retry after a short delay because the failure may be caused by a temporary network issue.
TXN100211,CUST3597,40923.38,NETBANKING,FAILED,BANK_DECLINE,2026-08-04 15:48:48.314360,3,60,MEDIUM,This is a high-value transaction. 3 retries have already been attempted. Avoid immediate repeated retries. Suggest an alternate payment method.
TXN104481,CUST1733,10120.27,UPI,FAILED,BANK_DECLINE,2026-08-25 04:21:48.314360,1,60,MEDIUM,This is a medium-value transaction. One retry has already been attempted. Avoid immediate repeated retries. Suggest an alternate payment method.
TXN100315,CUST1034,38548.18,NETBANKING,FAILED,INSUFFICIENT_FUNDS,2026-08-06 01:48:48.314360,1,60,MEDIUM,This is a high-value transaction. One retry has already been attempted. Do not repeatedly retry. Prompt the customer to use another payment method.
TXN104959,CUST6766,45501.2,CARD,FAILED,LIMIT_EXCEEDED,2026-08-26 08:16:48.314360,2,60,MEDIUM,This is a high-value transaction. 2 retries have already been attempted. Suggest an alternate payment method or lower-value transaction.
TXN100215,CUST9950,13157.62,UPI,FAILED,BANK_DECLINE,2026-08-13 04:21:48.314360,1,60,MEDIUM,This is a medium-value transaction. One retry has already been attempted. Avoid immediate repeated retries. Suggest an alternate payment method.
TXN100228,CUST3787,24370.01,CARD,FAILED,LIMIT_EXCEEDED,2026-08-12 09:48:48.314360,2,60,MEDIUM,This is a high-value transaction. 2 retries have already been attempted. Suggest an alternate payment method or lower-value transaction.
TXN104842,CUST5711,12374.78,UPI,FAILED,BANK_DECLINE,2026-08-19 01:07:48.314360,1,60,MEDIUM,This is a medium-value transaction. One retry has already been attempted. Avoid immediate repeated retries. Suggest an alternate payment method.
TXN100230,CUST7587,19878.39,WALLET,FAILED,BANK_DECLINE,2026-08-04 16:24:48.314360,2,55,MEDIUM,This is a medium-value transaction. 2 retries have already been attempted. Avoid immediate repeated retries. Suggest an alternate payment method.
TXN100138,CUST4908,35349.26,NETBANKING,FAILED,LIMIT_EXCEEDED,2026-08-06 11:00:48.314360,3,55,MEDIUM,This is a high-value transaction. 3 retries have already been attempted. Suggest an alternate payment method or lower-value transaction.
TXN104342,CUST7850,7677.27,UPI,FAILED,TIMEOUT,2026-08-27 15:15:48.314360,2,55,MEDIUM,This is a medium-value transaction. 2 retries have already been attempted. Retry the payment because the failure may be temporary.
TXN104928,CUST1804,48374.42,UPI,FAILED,INSUFFICIENT_FUNDS,2026-08-08 00:43:48.314360,2,55,MEDIUM,This is a high-value transaction. 2 retries have already been attempted. Do not repeatedly retry. Prompt the customer to use another payment method.
TXN100852,CUST8826,18488.66,UPI,FAILED,NETWORK_ERROR,2026-08-25 15:03:48.314360,3,55,MEDIUM,This is a medium-value transaction. 3 retries have already been attempted. Retry after a short delay because the failure may be caused by a temporary network issue.
TXN102901,CUST6608,17002.79,NETBANKING,FAILED,NETWORK_ERROR,2026-08-13 20:12:48.314360,3,55,MEDIUM,This is a medium-value transaction. 3 retries have already been attempted. Retry after a short delay because the failure may be caused by a temporary network issue.
TXN103089,CUST2968,47579.91,WALLET,FAILED,LIMIT_EXCEEDED,2026-08-08 15:33:48.314360,3,55,MEDIUM,This is a high-value transaction. 3 retries have already been attempted. Suggest an alternate payment method or lower-value transaction.
TXN103086,CUST2331,5365.68,WALLET,FAILED,BANK_DECLINE,2026-08-16 02:23:48.314360,0,55,MEDIUM,This is a medium-value transaction. No previous retry has been attempted. Avoid immediate repeated retries. Suggest an alternate payment method.
TXN103084,CUST4462,27721.35,CARD,FAILED,INSUFFICIENT_FUNDS,2026-08-09 00:40:48.314360,2,55,MEDIUM,This is a high-value transaction. 2 retries have already been attempted. Do not repeatedly retry. Prompt the customer to use another payment method.
TXN103072,CUST5624,17201.01,NETBANKING,FAILED,NETWORK_ERROR,2026-08-05 02:26:48.314360,3,55,MEDIUM,This is a medium-value transaction. 3 retries have already been attempted. Retry after a short delay because the failure may be caused by a temporary network issue.
TXN104893,CUST2809,49205.47,UPI,FAILED,INSUFFICIENT_FUNDS,2026-08-14 04:08:48.314360,2,55,MEDIUM,This is a high-value transaction. 2 retries have already been attempted. Do not repeatedly retry. Prompt the customer to use another payment method.
TXN104903,CUST7507,28009.0,NETBANKING,FAILED,LIMIT_EXCEEDED,2026-08-05 23:48:48.314360,3,55,MEDIUM,This is a high-value transaction. 3 retries have already been attempted. Suggest an alternate payment method or lower-value transaction.
TXN100185,CUST6505,1732.84,UPI,FAILED,TIMEOUT,2026-08-27 17:11:48.314360,0,55,MEDIUM,This is a low-value transaction. No previous retry has been attempted. Retry the payment because the failure may be temporary.
TXN103286,CUST2746,5019.69,UPI,FAILED,TIMEOUT,2026-08-13 18:49:48.314360,2,55,MEDIUM,This is a medium-value transaction. 2 retries have already been attempted. Retry the payment because the failure may be temporary.
TXN103304,CUST8512,23445.34,WALLET,FAILED,LIMIT_EXCEEDED,2026-08-04 23:39:48.314360,3,55,MEDIUM,This is a high-value transaction. 3 retries have already been attempted. Suggest an alternate payment method or lower-value transaction.
TXN104586,CUST9912,10481.51,CARD,FAILED,NETWORK_ERROR,2026-08-14 16:49:48.314360,3,55,MEDIUM,This is a medium-value transaction. 3 retries have already been attempted. Retry after a short delay because the failure may be caused by a temporary network issue.
TXN102917,CUST8497,49073.53,WALLET,FAILED,LIMIT_EXCEEDED,2026-08-20 22:03:48.314360,3,55,MEDIUM,This is a high-value transaction. 3 retries have already been attempted. Suggest an alternate payment method or lower-value transaction.
TXN102804,CUST4001,475.65,WALLET,FAILED,TIMEOUT,2026-08-25 15:52:48.314360,0,55,MEDIUM,This is a low-value transaction. No previous retry has been attempted. Retry the payment because the failure may be temporary.
TXN102949,CUST8451,43514.86,CARD,FAILED,INSUFFICIENT_FUNDS,2026-07-30 00:53:48.314360,2,55,MEDIUM,This is a high-value transaction. 2 retries have already been attempted. Do not repeatedly retry. Prompt the customer to use another payment method.
TXN102820,CUST3169,49768.08,UPI,FAILED,INSUFFICIENT_FUNDS,2026-08-17 22:47:48.314360,2,55,MEDIUM,This is a high-value transaction. 2 retries have already been attempted. Do not repeatedly retry. Prompt the customer to use another payment method.
TXN103330,CUST4106,8523.16,NETBANKING,FAILED,NETWORK_ERROR,2026-08-09 20:01:48.314360,1,55,MEDIUM,This is a medium-value transaction. One retry has already been attempted. Retry after a short delay because the failure may be caused by a temporary network issue.
TXN100915,CUST9739,10294.64,UPI,FAILED,INSUFFICIENT_FUNDS,2026-08-11 10:32:48.314360,0,55,MEDIUM,This is a medium-value transaction. No previous retry has been attempted. Do not repeatedly retry. Prompt the customer to use another payment method.
TXN104593,CUST8420,28859.64,UPI,FAILED,INSUFFICIENT_FUNDS,2026-08-24 23:52:48.314360,2,55,MEDIUM,This is a high-value transaction. 2 retries have already been attempted. Do not repeatedly retry. Prompt the customer to use another payment method.
TXN101299,CUST3088,47074.0,UPI,FAILED,INSUFFICIENT_FUNDS,2026-08-18 10:03:48.314360,2,55,MEDIUM,This is a high-value transaction. 2 retries have already been attempted. Do not repeatedly retry. Prompt the customer to use another payment method.
TXN103177,CUST8472,43872.61,UPI,FAILED,LIMIT_EXCEEDED,2026-07-30 18:10:48.314360,3,55,MEDIUM,This is a high-value transaction. 3 retries have already been attempted. Suggest an alternate payment method or lower-value transaction.
TXN102215,CUST5420,6233.33,UPI,FAILED,TIMEOUT,2026-08-14 04:40:48.314360,2,55,MEDIUM,This is a medium-value transaction. 2 retries have already been attempted. Retry the payment because the failure may be temporary.
TXN102187,CUST9240,16708.61,UPI,FAILED,BANK_DECLINE,2026-08-19 00:55:48.314360,2,55,MEDIUM,This is a medium-value transaction. 2 retries have already been attempted. Avoid immediate repeated retries. Suggest an alternate payment method.
TXN101491,CUST7064,25534.47,WALLET,FAILED,LIMIT_EXCEEDED,2026-08-11 14:09:48.314360,3,55,MEDIUM,This is a high-value transaction. 3 retries have already been attempted. Suggest an alternate payment method or lower-value transaction.
TXN100995,CUST8987,38773.08,WALLET,FAILED,INSUFFICIENT_FUNDS,2026-07-31 03:31:48.314360,2,55,MEDIUM,This is a high-value transaction. 2 retries have already been attempted. Do not repeatedly retry. Prompt the customer to use another payment method.
TXN101084,CUST2426,14714.69,UPI,FAILED,LIMIT_EXCEEDED,2026-08-08 10:57:48.314360,1,55,MEDIUM,This is a medium-value transaction. One retry has already been attempted. Suggest an alternate payment method or lower-value transaction.
TXN101076,CUST7429,22376.07,NETBANKING,FAILED,INSUFFICIENT_FUNDS,2026-08-08 02:08:48.314360,2,55,MEDIUM,This is a high-value transaction. 2 retries have already been attempted. Do not repeatedly retry. Prompt the customer to use another payment method.
TXN101045,CUST5823,15288.88,CARD,FAILED,NETWORK_ERROR,2026-08-27 18:47:48.314360,3,55,MEDIUM,This is a medium-value transaction. 3 retries have already been attempted. Retry after a short delay because the failure may be caused by a temporary network issue.
TXN103336,CUST8551,5976.82,CARD,FAILED,TIMEOUT,2026-08-08 20:37:48.314360,2,55,MEDIUM,This is a medium-value transaction. 2 retries have already been attempted. Retry the payment because the failure may be temporary.
TXN103420,CUST6841,9437.47,CARD,FAILED,TIMEOUT,2026-07-30 14:25:48.314360,2,55,MEDIUM,This is a medium-value transaction. 2 retries have already been attempted. Retry the payment because the failure may be temporary.
TXN103462,CUST8649,29748.89,UPI,FAILED,INSUFFICIENT_FUNDS,2026-08-08 14:59:48.314360,2,55,MEDIUM,This is a high-value transaction. 2 retries have already been attempted. Do not repeatedly retry. Prompt the customer to use another payment method.
TXN100797,CUST7984,27729.05,UPI,FAILED,LIMIT_EXCEEDED,2026-08-17 05:53:48.314360,3,55,MEDIUM,This is a high-value transaction. 3 retries have already been attempted. Suggest an alternate payment method or lower-value transaction.
TXN101497,CUST7555,28748.6,NETBANKING,FAILED,LIMIT_EXCEEDED,2026-08-12 23:46:48.314360,3,55,MEDIUM,This is a high-value transaction. 3 retries have already been attempted. Suggest an alternate payment method or lower-value transaction.
TXN101178,CUST7144,11709.19,CARD,FAILED,NETWORK_ERROR,2026-08-09 08:28:48.314360,3,55,MEDIUM,This is a medium-value transaction. 3 retries have already been attempted. Retry after a short delay because the failure may be caused by a temporary network issue.
TXN100956,CUST9569,16006.35,CARD,FAILED,INSUFFICIENT_FUNDS,2026-08-19 03:20:48.314360,0,55,MEDIUM,This is a medium-value transaction. No previous retry has been attempted. Do not repeatedly retry. Prompt the customer to use another payment method.
TXN101197,CUST3230,37411.89,WALLET,FAILED,LIMIT_EXCEEDED,2026-08-13 15:53:48.314360,3,55,MEDIUM,This is a high-value transaction. 3 retries have already been attempted. Suggest an alternate payment method or lower-value transaction.
TXN102078,CUST5344,18741.96,CARD,FAILED,NETWORK_ERROR,2026-08-05 14:24:48.314360,3,55,MEDIUM,This is a medium-value transaction. 3 retries have already been attempted. Retry after a short delay because the failure may be caused by a temporary network issue.
TXN103266,CUST2274,34015.88,WALLET,FAILED,LIMIT_EXCEEDED,2026-08-08 04:09:48.314360,3,55,MEDIUM,This is a high-value transaction. 3 retries have already been attempted. Suggest an alternate payment method or lower-value transaction.
TXN100807,CUST3353,34100.38,CARD,FAILED,LIMIT_EXCEEDED,2026-08-19 10:25:48.314360,3,55,MEDIUM,This is a high-value transaction. 3 retries have already been attempted. Suggest an alternate payment method or lower-value transaction.
TXN100526,CUST3991,24812.29,NETBANKING,FAILED,INSUFFICIENT_FUNDS,2026-08-11 00:56:48.314360,2,55,MEDIUM,This is a high-value transaction. 2 retries have already been attempted. Do not repeatedly retry. Prompt the customer to use another payment method.
TXN100534,CUST4089,7794.53,CARD,FAILED,BANK_DECLINE,2026-08-27 19:04:48.314360,0,55,MEDIUM,This is a medium-value transaction. No previous retry has been attempted. Avoid immediate repeated retries. Suggest an alternate payment method.
TXN104304,CUST7865,10444.71,WALLET,FAILED,BANK_DECLINE,2026-08-09 00:52:48.314360,2,55,MEDIUM,This is a medium-value transaction. 2 retries have already been attempted. Avoid immediate repeated retries. Suggest an alternate payment method.
TXN100408,CUST1753,14662.93,WALLET,FAILED,INSUFFICIENT_FUNDS,2026-08-01 20:36:48.314360,0,55,MEDIUM,This is a medium-value transaction. No previous retry has been attempted. Do not repeatedly retry. Prompt the customer to use another payment method.
TXN100243,CUST7739,12403.46,CARD,FAILED,LIMIT_EXCEEDED,2026-08-17 05:47:48.314360,1,55,MEDIUM,This is a medium-value transaction. One retry has already been attempted. Suggest an alternate payment method or lower-value transaction.
TXN101536,CUST5022,14664.88,NETBANKING,FAILED,BANK_DECLINE,2026-08-12 23:06:48.314360,2,55,MEDIUM,This is a medium-value transaction. 2 retries have already been attempted. Avoid immediate repeated retries. Suggest an alternate payment method.
TXN101528,CUST1220,7812.7,UPI,FAILED,NETWORK_ERROR,2026-08-11 14:19:48.314360,1,55,MEDIUM,This is a medium-value transaction. One retry has already been attempted. Retry after a short delay because the failure may be caused by a temporary network issue.
TXN104370,CUST3330,22594.8,NETBANKING,FAILED,LIMIT_EXCEEDED,2026-08-20 12:57:48.314360,3,55,MEDIUM,This is a high-value transaction. 3 retries have already been attempted. Suggest an alternate payment method or lower-value transaction.
TXN104411,CUST7334,13039.16,NETBANKING,FAILED,INSUFFICIENT_FUNDS,2026-08-12 15:00:48.314360,0,55,MEDIUM,This is a medium-value transaction. No previous retry has been attempted. Do not repeatedly retry. Prompt the customer to use another payment method.
TXN101726,CUST1661,19856.83,UPI,FAILED,BANK_DECLINE,2026-08-19 01:01:48.314360,2,55,MEDIUM,This is a medium-value transaction. 2 retries have already been attempted. Avoid immediate repeated retries. Suggest an alternate payment method.
TXN104807,CUST1630,41790.04,UPI,FAILED,INSUFFICIENT_FUNDS,2026-08-10 09:53:48.314360,2,55,MEDIUM,This is a high-value transaction. 2 retries have already been attempted. Do not repeatedly retry. Prompt the customer to use another payment method.
TXN104441,CUST1704,41120.51,CARD,FAILED,INSUFFICIENT_FUNDS,2026-08-12 12:34:48.314360,2,55,MEDIUM,This is a high-value transaction. 2 retries have already been attempted. Do not repeatedly retry. Prompt the customer to use another payment method.
TXN102430,CUST7572,19626.2,UPI,FAILED,INSUFFICIENT_FUNDS,2026-08-18 22:09:48.314360,0,55,MEDIUM,This is a medium-value transaction. No previous retry has been attempted. Do not repeatedly retry. Prompt the customer to use another payment method.
TXN102443,CUST7202,21307.46,CARD,FAILED,LIMIT_EXCEEDED,2026-08-28 12:17:48.314360,3,55,MEDIUM,This is a high-value transaction. 3 retries have already been attempted. Suggest an alternate payment method or lower-value transaction.
TXN104710,CUST6059,10232.82,UPI,FAILED,NETWORK_ERROR,2026-08-07 09:09:48.314360,3,55,MEDIUM,This is a medium-value transaction. 3 retries have already been attempted. Retry after a short delay because the failure may be caused by a temporary network issue.
TXN104976,CUST3216,33843.51,CARD,FAILED,LIMIT_EXCEEDED,2026-08-05 06:37:48.314360,3,55,MEDIUM,This is a high-value transaction. 3 retries have already been attempted. Suggest an alternate payment method or lower-value transaction.
TXN104472,CUST7228,25858.71,WALLET,FAILED,INSUFFICIENT_FUNDS,2026-08-07 11:15:48.314360,2,55,MEDIUM,This is a high-value transaction. 2 retries have already been attempted. Do not repeatedly retry. Prompt the customer to use another payment method.
TXN103966,CUST6094,16480.19,UPI,FAILED,INSUFFICIENT_FUNDS,2026-08-07 18:14:48.314360,0,55,MEDIUM,This is a medium-value transaction. No previous retry has been attempted. Do not repeatedly retry. Prompt the customer to use another payment method.
TXN102492,CUST5869,6907.88,CARD,FAILED,NETWORK_ERROR,2026-08-18 05:52:48.314360,1,55,MEDIUM,This is a medium-value transaction. One retry has already been attempted. Retry after a short delay because the failure may be caused by a temporary network issue.
TXN102465,CUST1042,15900.17,NETBANKING,FAILED,NETWORK_ERROR,2026-08-13 01:50:48.314360,3,55,MEDIUM,This is a medium-value transaction. 3 retries have already been attempted. Retry after a short delay because the failure may be caused by a temporary network issue.
TXN100678,CUST4787,11850.27,CARD,FAILED,INSUFFICIENT_FUNDS,2026-08-22 12:00:48.314360,0,55,MEDIUM,This is a medium-value transaction. No previous retry has been attempted. Do not repeatedly retry. Prompt the customer to use another payment method.
TXN102630,CUST5344,19787.81,CARD,FAILED,LIMIT_EXCEEDED,2026-08-27 12:18:48.314360,1,55,MEDIUM,This is a medium-value transaction. One retry has already been attempted. Suggest an alternate payment method or lower-value transaction.
TXN100510,CUST7073,14180.2,NETBANKING,FAILED,LIMIT_EXCEEDED,2026-08-25 04:07:48.314360,1,55,MEDIUM,This is a medium-value transaction. One retry has already been attempted. Suggest an alternate payment method or lower-value transaction.
TXN100653,CUST1951,26729.22,NETBANKING,FAILED,INSUFFICIENT_FUNDS,2026-08-06 07:32:48.314360,2,55,MEDIUM,This is a high-value transaction. 2 retries have already been attempted. Do not repeatedly retry. Prompt the customer to use another payment method.
TXN100659,CUST2126,48354.27,CARD,FAILED,LIMIT_EXCEEDED,2026-08-05 21:44:48.314360,3,55,MEDIUM,This is a high-value transaction. 3 retries have already been attempted. Suggest an alternate payment method or lower-value transaction.
TXN100664,CUST3173,39086.62,NETBANKING,FAILED,LIMIT_EXCEEDED,2026-08-18 09:07:48.314360,3,55,MEDIUM,This is a high-value transaction. 3 retries have already been attempted. Suggest an alternate payment method or lower-value transaction.
TXN101440,CUST2393,41039.3,CARD,FAILED,INSUFFICIENT_FUNDS,2026-08-07 09:38:48.314360,2,55,MEDIUM,This is a high-value transaction. 2 retries have already been attempted. Do not repeatedly retry. Prompt the customer to use another payment method.
TXN101432,CUST8281,15000.44,UPI,FAILED,INSUFFICIENT_FUNDS,2026-08-23 20:00:48.314360,0,55,MEDIUM,This is a medium-value transaction. No previous retry has been attempted. Do not repeatedly retry. Prompt the customer to use another payment method.
TXN101571,CUST1698,9016.42,NETBANKING,FAILED,TIMEOUT,2026-08-22 01:31:48.314360,2,55,MEDIUM,This is a medium-value transaction. 2 retries have already been attempted. Retry the payment because the failure may be temporary.
TXN101838,CUST8343,41068.11,CARD,FAILED,LIMIT_EXCEEDED,2026-08-15 18:12:48.314360,3,55,MEDIUM,This is a high-value transaction. 3 retries have already been attempted. Suggest an alternate payment method or lower-value transaction.
TXN103944,CUST7325,14643.98,UPI,FAILED,INSUFFICIENT_FUNDS,2026-08-04 20:01:48.314360,0,55,MEDIUM,This is a medium-value transaction. No previous retry has been attempted. Do not repeatedly retry. Prompt the customer to use another payment method.
TXN102123,CUST5744,19411.82,UPI,FAILED,NETWORK_ERROR,2026-08-06 04:36:48.314360,3,55,MEDIUM,This is a medium-value transaction. 3 retries have already been attempted. Retry after a short delay because the failure may be caused by a temporary network issue.
TXN102549,CUST8712,11284.86,WALLET,FAILED,BANK_DECLINE,2026-08-17 15:34:48.314360,2,55,MEDIUM,This is a medium-value transaction. 2 retries have already been attempted. Avoid immediate repeated retries. Suggest an alternate payment method.
TXN102522,CUST8187,36524.77,WALLET,FAILED,LIMIT_EXCEEDED,2026-08-06 17:53:48.314360,3,55,MEDIUM,This is a high-value transaction. 3 retries have already been attempted. Suggest an alternate payment method or lower-value transaction.
TXN102275,CUST5113,42477.64,UPI,FAILED,INSUFFICIENT_FUNDS,2026-08-06 12:18:48.314360,2,55,MEDIUM,This is a high-value transaction. 2 retries have already been attempted. Do not repeatedly retry. Prompt the customer to use another payment method.
TXN102262,CUST2510,29438.3,UPI,FAILED,LIMIT_EXCEEDED,2026-08-28 15:39:48.314360,3,55,MEDIUM,This is a high-value transaction. 3 retries have already been attempted. Suggest an alternate payment method or lower-value transaction.
TXN101746,CUST8990,8254.86,NETBANKING,FAILED,TIMEOUT,2026-08-01 23:19:48.314360,2,55,MEDIUM,This is a medium-value transaction. 2 retries have already been attempted. Retry the payment because the failure may be temporary.
TXN101984,CUST6891,22278.25,NETBANKING,FAILED,LIMIT_EXCEEDED,2026-08-11 01:53:48.314360,3,55,MEDIUM,This is a high-value transaction. 3 retries have already been attempted. Suggest an alternate payment method or lower-value transaction.
TXN102101,CUST3092,8651.45,NETBANKING,FAILED,TIMEOUT,2026-08-17 01:00:48.314360,2,55,MEDIUM,This is a medium-value transaction. 2 retries have already been attempted. Retry the payment because the failure may be temporary.
TXN101428,CUST5224,45550.34,UPI,FAILED,LIMIT_EXCEEDED,2026-07-30 05:05:48.314360,3,55,MEDIUM,This is a high-value transaction. 3 retries have already been attempted. Suggest an alternate payment method or lower-value transaction.
TXN102796,CUST7035,227.08,NETBANKING,FAILED,TIMEOUT,2026-08-18 04:11:48.314360,0,55,MEDIUM,This is a low-value transaction. No previous retry has been attempted. Retry the payment because the failure may be temporary.
TXN102349,CUST5573,15123.2,UPI,FAILED,NETWORK_ERROR,2026-08-03 18:33:48.314360,3,55,MEDIUM,This is a medium-value transaction. 3 retries have already been attempted. Retry after a short delay because the failure may be caused by a temporary network issue.
TXN103849,CUST9524,5071.73,WALLET,FAILED,BANK_DECLINE,2026-08-24 02:28:48.314360,0,55,MEDIUM,This is a medium-value transaction. No previous retry has been attempted. Avoid immediate repeated retries. Suggest an alternate payment method.
TXN102354,CUST6175,41373.98,CARD,FAILED,INSUFFICIENT_FUNDS,2026-07-31 06:09:48.314360,2,55,MEDIUM,This is a high-value transaction. 2 retries have already been attempted. Do not repeatedly retry. Prompt the customer to use another payment method.
TXN103657,CUST3401,40935.89,CARD,FAILED,INSUFFICIENT_FUNDS,2026-08-24 06:10:48.314360,2,55,MEDIUM,This is a high-value transaction. 2 retries have already been attempted. Do not repeatedly retry. Prompt the customer to use another payment method.
TXN103700,CUST5006,14532.03,NETBANKING,FAILED,LIMIT_EXCEEDED,2026-08-08 03:58:48.314360,1,55,MEDIUM,This is a medium-value transaction. One retry has already been attempted. Suggest an alternate payment method or lower-value transaction.
TXN103531,CUST6520,5299.74,NETBANKING,FAILED,TIMEOUT,2026-08-17 22:48:48.314360,2,55,MEDIUM,This is a medium-value transaction. 2 retries have already been attempted. Retry the payment because the failure may be temporary.
TXN103551,CUST8202,36556.89,WALLET,FAILED,LIMIT_EXCEEDED,2026-08-15 00:02:48.314360,3,55,MEDIUM,This is a high-value transaction. 3 retries have already been attempted. Suggest an alternate payment method or lower-value transaction.
TXN103562,CUST2167,37960.69,UPI,FAILED,LIMIT_EXCEEDED,2026-08-20 14:43:48.314360,3,55,MEDIUM,This is a high-value transaction. 3 retries have already been attempted. Suggest an alternate payment method or lower-value transaction.
TXN103583,CUST8702,35392.06,WALLET,FAILED,LIMIT_EXCEEDED,2026-08-19 09:10:48.314360,3,55,MEDIUM,This is a high-value transaction. 3 retries have already been attempted. Suggest an alternate payment method or lower-value transaction.
TXN104783,CUST7027,28588.18,WALLET,FAILED,LIMIT_EXCEEDED,2026-08-28 09:26:48.314360,3,55,MEDIUM,This is a high-value transaction. 3 retries have already been attempted. Suggest an alternate payment method or lower-value transaction.
TXN100095,CUST4291,19843.54,UPI,FAILED,BANK_DECLINE,2026-08-12 06:56:48.314360,2,55,MEDIUM,This is a medium-value transaction. 2 retries have already been attempted. Avoid immediate repeated retries. Suggest an alternate payment method.
TXN104227,CUST6875,6016.72,CARD,FAILED,NETWORK_ERROR,2026-08-17 03:46:48.314360,1,55,MEDIUM,This is a medium-value transaction. One retry has already been attempted. Retry after a short delay because the failure may be caused by a temporary network issue.
TXN100521,CUST9597,43319.15,WALLET,FAILED,LIMIT_EXCEEDED,2026-08-05 10:56:48.314360,3,55,MEDIUM,This is a high-value transaction. 3 retries have already been attempted. Suggest an alternate payment method or lower-value transaction.
TXN104173,CUST9906,8706.51,NETBANKING,FAILED,TIMEOUT,2026-08-21 02:26:48.314360,2,55,MEDIUM,This is a medium-value transaction. 2 retries have already been attempted. Retry the payment because the failure may be temporary.
TXN100261,CUST1109,18122.97,CARD,FAILED,BANK_DECLINE,2026-08-24 19:50:48.314360,2,55,MEDIUM,This is a medium-value transaction. 2 retries have already been attempted. Avoid immediate repeated retries. Suggest an alternate payment method.
TXN100273,CUST3363,5770.16,WALLET,FAILED,TIMEOUT,2026-08-08 20:48:48.314360,2,55,MEDIUM,This is a medium-value transaction. 2 retries have already been attempted. Retry the payment because the failure may be temporary.
TXN104144,CUST7633,12445.07,NETBANKING,FAILED,BANK_DECLINE,2026-08-02 04:40:48.314360,2,55,MEDIUM,This is a medium-value transaction. 2 retries have already been attempted. Avoid immediate repeated retries. Suggest an alternate payment method.
TXN104764,CUST9146,604.15,NETBANKING,FAILED,TIMEOUT,2026-08-21 21:36:48.314360,0,55,MEDIUM,This is a low-value transaction. No previous retry has been attempted. Retry the payment because the failure may be temporary.
TXN104741,CUST2203,8793.73,UPI,FAILED,NETWORK_ERROR,2026-08-26 21:31:48.314360,1,55,MEDIUM,This is a medium-value transaction. One retry has already been attempted. Retry after a short delay because the failure may be caused by a temporary network issue.
TXN104692,CUST8955,3099.73,WALLET,FAILED,TIMEOUT,2026-08-14 08:54:48.314360,0,55,MEDIUM,This is a low-value transaction. No previous retry has been attempted. Retry the payment because the failure may be temporary.
TXN101319,CUST4390,36614.29,UPI,FAILED,INSUFFICIENT_FUNDS,2026-07-31 21:25:48.314360,2,55,MEDIUM,This is a high-value transaction. 2 retries have already been attempted. Do not repeatedly retry. Prompt the customer to use another payment method.
TXN100350,CUST2356,49034.48,CARD,FAILED,INSUFFICIENT_FUNDS,2026-08-26 01:13:48.314360,2,55,MEDIUM,This is a high-value transaction. 2 retries have already been attempted. Do not repeatedly retry. Prompt the customer to use another payment method.
TXN100340,CUST9307,35498.67,UPI,FAILED,LIMIT_EXCEEDED,2026-08-15 00:43:48.314360,3,55,MEDIUM,This is a high-value transaction. 3 retries have already been attempted. Suggest an alternate payment method or lower-value transaction.
TXN104776,CUST4346,46902.25,WALLET,FAILED,INSUFFICIENT_FUNDS,2026-08-21 23:39:48.314360,2,55,MEDIUM,This is a high-value transaction. 2 retries have already been attempted. Do not repeatedly retry. Prompt the customer to use another payment method.
TXN104070,CUST7640,35897.75,WALLET,FAILED,LIMIT_EXCEEDED,2026-08-19 13:39:48.314360,3,55,MEDIUM,This is a high-value transaction. 3 retries have already been attempted. Suggest an alternate payment method or lower-value transaction.
TXN104178,CUST2677,2699.69,UPI,FAILED,TIMEOUT,2026-08-08 06:11:48.314360,0,55,MEDIUM,This is a low-value transaction. No previous retry has been attempted. Retry the payment because the failure may be temporary.
TXN100882,CUST5099,23429.53,NETBANKING,FAILED,INSUFFICIENT_FUNDS,2026-08-03 19:23:48.314360,3,50,MEDIUM,This is a high-value transaction. 3 retries have already been attempted. Do not repeatedly retry. Prompt the customer to use another payment method.
TXN102649,CUST1966,2244.11,CARD,FAILED,NETWORK_ERROR,2026-08-26 08:37:48.314360,0,50,MEDIUM,This is a low-value transaction. No previous retry has been attempted. Retry after a short delay because the failure may be caused by a temporary network issue.
TXN104894,CUST6519,3843.63,UPI,FAILED,TIMEOUT,2026-08-10 21:48:48.314360,1,50,MEDIUM,This is a low-value transaction. One retry has already been attempted. Retry the payment because the failure may be temporary.
TXN100338,CUST8879,12744.67,UPI,FAILED,LIMIT_EXCEEDED,2026-08-25 10:02:48.314360,2,50,MEDIUM,This is a medium-value transaction. 2 retries have already been attempted. Suggest an alternate payment method or lower-value transaction.
TXN101467,CUST8510,9403.77,UPI,FAILED,LIMIT_EXCEEDED,2026-08-02 21:48:48.314360,0,50,MEDIUM,This is a medium-value transaction. No previous retry has been attempted. Suggest an alternate payment method or lower-value transaction.
TXN101531,CUST2013,26035.29,NETBANKING,FAILED,INSUFFICIENT_FUNDS,2026-08-14 07:43:48.314360,3,50,MEDIUM,This is a high-value transaction. 3 retries have already been attempted. Do not repeatedly retry. Prompt the customer to use another payment method.
TXN104313,CUST8301,26328.45,UPI,FAILED,INSUFFICIENT_FUNDS,2026-08-23 12:02:48.314360,3,50,MEDIUM,This is a high-value transaction. 3 retries have already been attempted. Do not repeatedly retry. Prompt the customer to use another payment method.
TXN104728,CUST7232,9986.96,CARD,FAILED,TIMEOUT,2026-08-18 21:07:48.314360,3,50,MEDIUM,This is a medium-value transaction. 3 retries have already been attempted. Retry the payment because the failure may be temporary.
TXN104753,CUST5586,19724.59,CARD,FAILED,BANK_DECLINE,2026-08-12 14:17:48.314360,3,50,MEDIUM,This is a medium-value transaction. 3 retries have already been attempted. Avoid immediate repeated retries. Suggest an alternate payment method.
TXN100355,CUST1868,8249.23,CARD,FAILED,TIMEOUT,2026-08-09 02:32:48.314360,3,50,MEDIUM,This is a medium-value transaction. 3 retries have already been attempted. Retry the payment because the failure may be temporary.
TXN103980,CUST4364,42296.39,WALLET,FAILED,INSUFFICIENT_FUNDS,2026-08-25 02:34:48.314360,3,50,MEDIUM,This is a high-value transaction. 3 retries have already been attempted. Do not repeatedly retry. Prompt the customer to use another payment method.
TXN104049,CUST9695,8080.85,CARD,FAILED,LIMIT_EXCEEDED,2026-08-19 09:44:48.314360,0,50,MEDIUM,This is a medium-value transaction. No previous retry has been attempted. Suggest an alternate payment method or lower-value transaction.
TXN103946,CUST5916,23454.96,UPI,FAILED,INSUFFICIENT_FUNDS,2026-08-12 23:43:48.314360,3,50,MEDIUM,This is a high-value transaction. 3 retries have already been attempted. Do not repeatedly retry. Prompt the customer to use another payment method.
TXN101904,CUST4101,12419.67,CARD,FAILED,INSUFFICIENT_FUNDS,2026-08-12 19:13:48.314360,1,50,MEDIUM,This is a medium-value transaction. One retry has already been attempted. Do not repeatedly retry. Prompt the customer to use another payment method.
TXN104156,CUST4042,13195.84,UPI,FAILED,INSUFFICIENT_FUNDS,2026-08-20 18:24:48.314360,1,50,MEDIUM,This is a medium-value transaction. One retry has already been attempted. Do not repeatedly retry. Prompt the customer to use another payment method.
TXN102051,CUST6389,13517.29,UPI,FAILED,BANK_DECLINE,2026-08-23 01:35:48.314360,3,50,MEDIUM,This is a medium-value transaction. 3 retries have already been attempted. Avoid immediate repeated retries. Suggest an alternate payment method.
TXN102211,CUST6257,18502.94,UPI,FAILED,BANK_DECLINE,2026-08-24 13:50:48.314360,3,50,MEDIUM,This is a medium-value transaction. 3 retries have already been attempted. Avoid immediate repeated retries. Suggest an alternate payment method.
TXN100070,CUST3938,3693.63,NETBANKING,FAILED,NETWORK_ERROR,2026-08-22 11:40:48.314360,0,50,MEDIUM,This is a low-value transaction. No previous retry has been attempted. Retry after a short delay because the failure may be caused by a temporary network issue.
TXN104487,CUST7627,10888.0,CARD,FAILED,BANK_DECLINE,2026-08-14 06:22:48.314360,3,50,MEDIUM,This is a medium-value transaction. 3 retries have already been attempted. Avoid immediate repeated retries. Suggest an alternate payment method.
TXN104941,CUST5376,9684.89,WALLET,FAILED,NETWORK_ERROR,2026-08-04 21:32:48.314360,2,50,MEDIUM,This is a medium-value transaction. 2 retries have already been attempted. Retry after a short delay because the failure may be caused by a temporary network issue.
TXN104966,CUST9324,18036.78,WALLET,FAILED,LIMIT_EXCEEDED,2026-08-06 17:01:48.314360,2,50,MEDIUM,This is a medium-value transaction. 2 retries have already been attempted. Suggest an alternate payment method or lower-value transaction.
TXN104953,CUST1561,13590.26,WALLET,FAILED,BANK_DECLINE,2026-08-08 15:50:48.314360,3,50,MEDIUM,This is a medium-value transaction. 3 retries have already been attempted. Avoid immediate repeated retries. Suggest an alternate payment method.
TXN100213,CUST4413,36966.5,WALLET,FAILED,INSUFFICIENT_FUNDS,2026-08-18 02:27:48.314360,3,50,MEDIUM,This is a high-value transaction. 3 retries have already been attempted. Do not repeatedly retry. Prompt the customer to use another payment method.
TXN100206,CUST9222,16197.22,NETBANKING,FAILED,INSUFFICIENT_FUNDS,2026-08-25 14:36:48.314360,1,50,MEDIUM,This is a medium-value transaction. One retry has already been attempted. Do not repeatedly retry. Prompt the customer to use another payment method.
TXN104880,CUST1959,39000.32,WALLET,FAILED,INSUFFICIENT_FUNDS,2026-08-10 13:54:48.314360,3,50,MEDIUM,This is a high-value transaction. 3 retries have already been attempted. Do not repeatedly retry. Prompt the customer to use another payment method.
TXN103027,CUST4924,11252.11,UPI,FAILED,INSUFFICIENT_FUNDS,2026-08-07 23:52:48.314360,1,50,MEDIUM,This is a medium-value transaction. One retry has already been attempted. Do not repeatedly retry. Prompt the customer to use another payment method.
TXN104877,CUST1330,4475.74,WALLET,FAILED,TIMEOUT,2026-08-14 13:18:48.314360,1,50,MEDIUM,This is a low-value transaction. One retry has already been attempted. Retry the payment because the failure may be temporary.
TXN100846,CUST7994,5480.71,NETBANKING,FAILED,LIMIT_EXCEEDED,2026-07-30 06:06:48.314360,0,50,MEDIUM,This is a medium-value transaction. No previous retry has been attempted. Suggest an alternate payment method or lower-value transaction.
TXN101360,CUST9454,3326.27,UPI,FAILED,TIMEOUT,2026-08-21 16:57:48.314360,1,50,MEDIUM,This is a low-value transaction. One retry has already been attempted. Retry the payment because the failure may be temporary.
TXN103352,CUST2017,36486.51,WALLET,FAILED,INSUFFICIENT_FUNDS,2026-08-07 13:40:48.314360,3,50,MEDIUM,This is a high-value transaction. 3 retries have already been attempted. Do not repeatedly retry. Prompt the customer to use another payment method.
TXN101506,CUST1829,4993.45,CARD,FAILED,NETWORK_ERROR,2026-08-03 03:55:48.314360,0,50,MEDIUM,This is a low-value transaction. No previous retry has been attempted. Retry after a short delay because the failure may be caused by a temporary network issue.
TXN104850,CUST3237,11917.56,NETBANKING,FAILED,BANK_DECLINE,2026-08-12 20:34:48.314360,3,50,MEDIUM,This is a medium-value transaction. 3 retries have already been attempted. Avoid immediate repeated retries. Suggest an alternate payment method.
TXN104995,CUST9810,8469.8,NETBANKING,FAILED,BANK_DECLINE,2026-08-11 21:17:48.314360,1,50,MEDIUM,This is a medium-value transaction. One retry has already been attempted. Avoid immediate repeated retries. Suggest an alternate payment method.
TXN104564,CUST1760,4574.36,UPI,FAILED,TIMEOUT,2026-08-16 14:51:48.314360,1,50,MEDIUM,This is a low-value transaction. One retry has already been attempted. Retry the payment because the failure may be temporary.
TXN103190,CUST8500,8411.73,CARD,FAILED,NETWORK_ERROR,2026-08-06 17:27:48.314360,2,50,MEDIUM,This is a medium-value transaction. 2 retries have already been attempted. Retry after a short delay because the failure may be caused by a temporary network issue.
TXN102170,CUST4472,11689.5,NETBANKING,FAILED,LIMIT_EXCEEDED,2026-08-14 13:08:48.314360,2,50,MEDIUM,This is a medium-value transaction. 2 retries have already been attempted. Suggest an alternate payment method or lower-value transaction.
TXN104515,CUST4418,17188.04,UPI,FAILED,INSUFFICIENT_FUNDS,2026-07-30 11:29:48.314360,1,50,MEDIUM,This is a medium-value transaction. One retry has already been attempted. Do not repeatedly retry. Prompt the customer to use another payment method.
TXN102205,CUST8604,16881.42,WALLET,FAILED,BANK_DECLINE,2026-08-20 23:50:48.314360,3,50,MEDIUM,This is a medium-value transaction. 3 retries have already been attempted. Avoid immediate repeated retries. Suggest an alternate payment method.
TXN100732,CUST1016,18818.35,CARD,FAILED,LIMIT_EXCEEDED,2026-08-19 10:56:48.314360,2,50,MEDIUM,This is a medium-value transaction. 2 retries have already been attempted. Suggest an alternate payment method or lower-value transaction.
TXN102923,CUST1068,9555.32,UPI,FAILED,NETWORK_ERROR,2026-08-02 01:32:48.314360,2,50,MEDIUM,This is a medium-value transaction. 2 retries have already been attempted. Retry after a short delay because the failure may be caused by a temporary network issue.
TXN104536,CUST8292,30934.29,CARD,FAILED,INSUFFICIENT_FUNDS,2026-08-10 02:12:48.314360,3,50,MEDIUM,This is a high-value transaction. 3 retries have already been attempted. Do not repeatedly retry. Prompt the customer to use another payment method.
TXN100818,CUST5922,13010.27,NETBANKING,FAILED,INSUFFICIENT_FUNDS,2026-08-05 19:30:48.314360,1,50,MEDIUM,This is a medium-value transaction. One retry has already been attempted. Do not repeatedly retry. Prompt the customer to use another payment method.
TXN101411,CUST7164,30128.0,UPI,FAILED,INSUFFICIENT_FUNDS,2026-08-05 15:07:48.314360,3,50,MEDIUM,This is a high-value transaction. 3 retries have already been attempted. Do not repeatedly retry. Prompt the customer to use another payment method.
TXN101155,CUST2006,48915.19,WALLET,FAILED,INSUFFICIENT_FUNDS,2026-08-24 02:45:48.314360,3,50,MEDIUM,This is a high-value transaction. 3 retries have already been attempted. Do not repeatedly retry. Prompt the customer to use another payment method.
TXN101304,CUST1775,18869.75,CARD,FAILED,LIMIT_EXCEEDED,2026-08-24 03:29:48.314360,2,50,MEDIUM,This is a medium-value transaction. 2 retries have already been attempted. Suggest an alternate payment method or lower-value transaction.
TXN101227,CUST7582,36220.39,UPI,FAILED,INSUFFICIENT_FUNDS,2026-08-25 17:27:48.314360,3,50,MEDIUM,This is a high-value transaction. 3 retries have already been attempted. Do not repeatedly retry. Prompt the customer to use another payment method.
TXN101208,CUST5479,14908.38,NETBANKING,FAILED,INSUFFICIENT_FUNDS,2026-08-16 09:50:48.314360,1,50,MEDIUM,This is a medium-value transaction. One retry has already been attempted. Do not repeatedly retry. Prompt the customer to use another payment method.
TXN104412,CUST7995,10419.43,UPI,FAILED,INSUFFICIENT_FUNDS,2026-08-10 02:42:48.314360,1,50,MEDIUM,This is a medium-value transaction. One retry has already been attempted. Do not repeatedly retry. Prompt the customer to use another payment method.
TXN104254,CUST8735,49740.32,WALLET,FAILED,INSUFFICIENT_FUNDS,2026-08-06 19:12:48.314360,3,50,MEDIUM,This is a high-value transaction. 3 retries have already been attempted. Do not repeatedly retry. Prompt the customer to use another payment method.
TXN104182,CUST3254,11249.27,WALLET,FAILED,LIMIT_EXCEEDED,2026-08-13 06:17:48.314360,2,50,MEDIUM,This is a medium-value transaction. 2 retries have already been attempted. Suggest an alternate payment method or lower-value transaction.
TXN101775,CUST5280,25007.95,CARD,FAILED,INSUFFICIENT_FUNDS,2026-08-01 10:00:48.314360,3,50,MEDIUM,This is a high-value transaction. 3 retries have already been attempted. Do not repeatedly retry. Prompt the customer to use another payment method.
TXN104654,CUST7151,15175.18,NETBANKING,FAILED,INSUFFICIENT_FUNDS,2026-07-29 22:15:48.314360,1,50,MEDIUM,This is a medium-value transaction. One retry has already been attempted. Do not repeatedly retry. Prompt the customer to use another payment method.
TXN104629,CUST6525,10344.62,UPI,FAILED,LIMIT_EXCEEDED,2026-08-15 18:40:48.314360,2,50,MEDIUM,This is a medium-value transaction. 2 retries have already been attempted. Suggest an alternate payment method or lower-value transaction.
TXN104236,CUST2844,43526.62,WALLET,FAILED,INSUFFICIENT_FUNDS,2026-08-06 16:08:48.314360,3,50,MEDIUM,This is a high-value transaction. 3 retries have already been attempted. Do not repeatedly retry. Prompt the customer to use another payment method.
TXN103670,CUST1524,24168.18,WALLET,FAILED,INSUFFICIENT_FUNDS,2026-08-12 13:12:48.314360,3,50,MEDIUM,This is a high-value transaction. 3 retries have already been attempted. Do not repeatedly retry. Prompt the customer to use another payment method.
TXN104623,CUST2680,5272.95,WALLET,FAILED,LIMIT_EXCEEDED,2026-08-24 23:02:48.314360,0,50,MEDIUM,This is a medium-value transaction. No previous retry has been attempted. Suggest an alternate payment method or lower-value transaction.
TXN102154,CUST1308,18908.27,NETBANKING,FAILED,LIMIT_EXCEEDED,2026-08-11 23:13:48.314360,2,50,MEDIUM,This is a medium-value transaction. 2 retries have already been attempted. Suggest an alternate payment method or lower-value transaction.
TXN103889,CUST3530,45056.07,CARD,FAILED,INSUFFICIENT_FUNDS,2026-08-03 17:45:48.314360,3,50,MEDIUM,This is a high-value transaction. 3 retries have already been attempted. Do not repeatedly retry. Prompt the customer to use another payment method.
TXN102684,CUST4669,48772.46,NETBANKING,FAILED,INSUFFICIENT_FUNDS,2026-08-27 23:14:48.314360,3,50,MEDIUM,This is a high-value transaction. 3 retries have already been attempted. Do not repeatedly retry. Prompt the customer to use another payment method.
TXN100580,CUST4496,7839.07,NETBANKING,FAILED,NETWORK_ERROR,2026-08-13 00:15:48.314360,2,50,MEDIUM,This is a medium-value transaction. 2 retries have already been attempted. Retry after a short delay because the failure may be caused by a temporary network issue.
TXN100466,CUST7272,7877.78,NETBANKING,FAILED,NETWORK_ERROR,2026-08-12 12:32:48.314360,2,50,MEDIUM,This is a medium-value transaction. 2 retries have already been attempted. Retry after a short delay because the failure may be caused by a temporary network issue.
TXN101786,CUST4727,13997.21,NETBANKING,FAILED,LIMIT_EXCEEDED,2026-08-23 21:53:48.314360,2,50,MEDIUM,This is a medium-value transaction. 2 retries have already been attempted. Suggest an alternate payment method or lower-value transaction.
TXN103958,CUST2840,2724.1,CARD,FAILED,TIMEOUT,2026-08-03 13:29:48.314360,1,50,MEDIUM,This is a low-value transaction. One retry has already been attempted. Retry the payment because the failure may be temporary.
TXN103698,CUST7745,16589.54,CARD,FAILED,BANK_DECLINE,2026-08-20 17:20:48.314360,3,50,MEDIUM,This is a medium-value transaction. 3 retries have already been attempted. Avoid immediate repeated retries. Suggest an alternate payment method.
TXN100503,CUST6088,11197.75,CARD,FAILED,LIMIT_EXCEEDED,2026-08-23 00:55:48.314360,2,50,MEDIUM,This is a medium-value transaction. 2 retries have already been attempted. Suggest an alternate payment method or lower-value transaction.
TXN102474,CUST4958,43241.34,CARD,FAILED,INSUFFICIENT_FUNDS,2026-08-23 20:47:48.314360,3,50,MEDIUM,This is a high-value transaction. 3 retries have already been attempted. Do not repeatedly retry. Prompt the customer to use another payment method.
TXN101927,CUST3223,9506.72,WALLET,FAILED,BANK_DECLINE,2026-08-01 22:12:48.314360,1,50,MEDIUM,This is a medium-value transaction. One retry has already been attempted. Avoid immediate repeated retries. Suggest an alternate payment method.
TXN103851,CUST2156,43545.68,NETBANKING,FAILED,INSUFFICIENT_FUNDS,2026-08-19 21:55:48.314360,3,50,MEDIUM,This is a high-value transaction. 3 retries have already been attempted. Do not repeatedly retry. Prompt the customer to use another payment method.
TXN102593,CUST3024,24829.5,NETBANKING,FAILED,INSUFFICIENT_FUNDS,2026-08-25 22:06:48.314360,3,50,MEDIUM,This is a high-value transaction. 3 retries have already been attempted. Do not repeatedly retry. Prompt the customer to use another payment method.
TXN100207,CUST4952,3147.73,WALLET,FAILED,BANK_DECLINE,2026-08-19 23:18:48.314360,0,45,MEDIUM,This is a low-value transaction. No previous retry has been attempted. Avoid immediate repeated retries. Suggest an alternate payment method.
TXN101217,CUST9045,11416.76,CARD,FAILED,INSUFFICIENT_FUNDS,2026-08-19 06:45:48.314360,2,45,MEDIUM,This is a medium-value transaction. 2 retries have already been attempted. Do not repeatedly retry. Prompt the customer to use another payment method.
TXN103009,CUST9077,7617.29,NETBANKING,FAILED,INSUFFICIENT_FUNDS,2026-08-24 08:58:48.314360,0,45,MEDIUM,This is a medium-value transaction. No previous retry has been attempted. Do not repeatedly retry. Prompt the customer to use another payment method.
TXN100880,CUST2510,7725.22,CARD,FAILED,LIMIT_EXCEEDED,2026-08-08 19:00:48.314360,1,45,MEDIUM,This is a medium-value transaction. One retry has already been attempted. Suggest an alternate payment method or lower-value transaction.
TXN101032,CUST2186,13214.23,WALLET,FAILED,LIMIT_EXCEEDED,2026-08-15 03:55:48.314360,3,45,MEDIUM,This is a medium-value transaction. 3 retries have already been attempted. Suggest an alternate payment method or lower-value transaction.
TXN102184,CUST3303,9663.46,CARD,FAILED,BANK_DECLINE,2026-08-06 17:28:48.314360,2,45,MEDIUM,This is a medium-value transaction. 2 retries have already been attempted. Avoid immediate repeated retries. Suggest an alternate payment method.
TXN102821,CUST9386,5175.3,WALLET,FAILED,INSUFFICIENT_FUNDS,2026-08-01 20:58:48.314360,0,45,MEDIUM,This is a medium-value transaction. No previous retry has been attempted. Do not repeatedly retry. Prompt the customer to use another payment method.
TXN102711,CUST9221,8494.56,CARD,FAILED,BANK_DECLINE,2026-08-28 04:17:48.314360,2,45,MEDIUM,This is a medium-value transaction. 2 retries have already been attempted. Avoid immediate repeated retries. Suggest an alternate payment method.
TXN104949,CUST2066,8117.02,WALLET,FAILED,NETWORK_ERROR,2026-08-17 18:43:48.314360,3,45,MEDIUM,This is a medium-value transaction. 3 retries have already been attempted. Retry after a short delay because the failure may be caused by a temporary network issue.
TXN100154,CUST3311,13278.48,NETBANKING,FAILED,INSUFFICIENT_FUNDS,2026-08-20 15:59:48.314360,2,45,MEDIUM,This is a medium-value transaction. 2 retries have already been attempted. Do not repeatedly retry. Prompt the customer to use another payment method.
TXN103410,CUST4499,12928.21,WALLET,FAILED,INSUFFICIENT_FUNDS,2026-08-14 17:40:48.314360,2,45,MEDIUM,This is a medium-value transaction. 2 retries have already been attempted. Do not repeatedly retry. Prompt the customer to use another payment method.
TXN101493,CUST4230,9405.96,NETBANKING,FAILED,NETWORK_ERROR,2026-08-01 09:07:48.314360,3,45,MEDIUM,This is a medium-value transaction. 3 retries have already been attempted. Retry after a short delay because the failure may be caused by a temporary network issue.
TXN101365,CUST1993,10008.05,CARD,FAILED,LIMIT_EXCEEDED,2026-08-18 07:38:48.314360,3,45,MEDIUM,This is a medium-value transaction. 3 retries have already been attempted. Suggest an alternate payment method or lower-value transaction.
TXN101388,CUST3350,1557.01,NETBANKING,FAILED,TIMEOUT,2026-08-02 10:07:48.314360,2,45,MEDIUM,This is a low-value transaction. 2 retries have already been attempted. Retry the payment because the failure may be temporary.
TXN102742,CUST7104,19310.22,UPI,FAILED,INSUFFICIENT_FUNDS,2026-07-31 13:04:48.314360,2,45,MEDIUM,This is a medium-value transaction. 2 retries have already been attempted. Do not repeatedly retry. Prompt the customer to use another payment method.
TXN102908,CUST6901,13394.59,NETBANKING,FAILED,INSUFFICIENT_FUNDS,2026-08-02 16:56:48.314360,2,45,MEDIUM,This is a medium-value transaction. 2 retries have already been attempted. Do not repeatedly retry. Prompt the customer to use another payment method.
TXN102902,CUST8793,136.57,NETBANKING,FAILED,TIMEOUT,2026-08-27 03:49:48.314360,2,45,MEDIUM,This is a low-value transaction. 2 retries have already been attempted. Retry the payment because the failure may be temporary.
TXN104054,CUST5118,10523.65,NETBANKING,FAILED,LIMIT_EXCEEDED,2026-08-01 16:01:48.314360,3,45,MEDIUM,This is a medium-value transaction. 3 retries have already been attempted. Suggest an alternate payment method or lower-value transaction.
TXN102773,CUST7443,9551.1,WALLET,FAILED,INSUFFICIENT_FUNDS,2026-08-02 19:34:48.314360,0,45,MEDIUM,This is a medium-value transaction. No previous retry has been attempted. Do not repeatedly retry. Prompt the customer to use another payment method.
TXN102795,CUST3621,14941.93,CARD,FAILED,INSUFFICIENT_FUNDS,2026-08-02 04:58:48.314360,2,45,MEDIUM,This is a medium-value transaction. 2 retries have already been attempted. Do not repeatedly retry. Prompt the customer to use another payment method.
TXN103615,CUST9966,3918.71,NETBANKING,FAILED,NETWORK_ERROR,2026-08-04 06:02:48.314360,1,45,MEDIUM,This is a low-value transaction. One retry has already been attempted. Retry after a short delay because the failure may be caused by a temporary network issue.
TXN103954,CUST2932,4934.64,NETBANKING,FAILED,BANK_DECLINE,2026-08-26 23:31:48.314360,0,45,MEDIUM,This is a low-value transaction. No previous retry has been attempted. Avoid immediate repeated retries. Suggest an alternate payment method.
TXN100727,CUST7340,16150.12,WALLET,FAILED,LIMIT_EXCEEDED,2026-08-25 10:13:48.314360,3,45,MEDIUM,This is a medium-value transaction. 3 retries have already been attempted. Suggest an alternate payment method or lower-value transaction.
TXN101233,CUST1724,15343.32,WALLET,FAILED,INSUFFICIENT_FUNDS,2026-08-24 23:22:48.314360,2,45,MEDIUM,This is a medium-value transaction. 2 retries have already been attempted. Do not repeatedly retry. Prompt the customer to use another payment method.
TXN102324,CUST6854,7981.97,UPI,FAILED,NETWORK_ERROR,2026-08-13 20:55:48.314360,3,45,MEDIUM,This is a medium-value transaction. 3 retries have already been attempted. Retry after a short delay because the failure may be caused by a temporary network issue.
TXN102145,CUST2622,4068.8,NETBANKING,FAILED,BANK_DECLINE,2026-08-27 01:01:48.314360,0,45,MEDIUM,This is a low-value transaction. No previous retry has been attempted. Avoid immediate repeated retries. Suggest an alternate payment method.
TXN101591,CUST5021,7777.24,CARD,FAILED,LIMIT_EXCEEDED,2026-08-22 21:05:48.314360,1,45,MEDIUM,This is a medium-value transaction. One retry has already been attempted. Suggest an alternate payment method or lower-value transaction.
TXN104111,CUST9789,10801.82,WALLET,FAILED,INSUFFICIENT_FUNDS,2026-07-30 22:41:48.314360,2,45,MEDIUM,This is a medium-value transaction. 2 retries have already been attempted. Do not repeatedly retry. Prompt the customer to use another payment method.
TXN104073,CUST4538,5417.55,CARD,FAILED,NETWORK_ERROR,2026-08-12 22:35:48.314360,3,45,MEDIUM,This is a medium-value transaction. 3 retries have already been attempted. Retry after a short delay because the failure may be caused by a temporary network issue.
TXN100397,CUST4739,19390.89,CARD,FAILED,LIMIT_EXCEEDED,2026-08-12 00:27:48.314360,3,45,MEDIUM,This is a medium-value transaction. 3 retries have already been attempted. Suggest an alternate payment method or lower-value transaction.
TXN100524,CUST5581,4784.18,UPI,FAILED,TIMEOUT,2026-08-14 17:27:48.314360,2,45,MEDIUM,This is a low-value transaction. 2 retries have already been attempted. Retry the payment because the failure may be temporary.
TXN104284,CUST3339,511.76,WALLET,FAILED,NETWORK_ERROR,2026-08-26 09:00:48.314360,1,45,MEDIUM,This is a low-value transaction. One retry has already been attempted. Retry after a short delay because the failure may be caused by a temporary network issue.
TXN104418,CUST3521,9543.95,UPI,FAILED,BANK_DECLINE,2026-08-17 09:06:48.314360,2,45,MEDIUM,This is a medium-value transaction. 2 retries have already been attempted. Avoid immediate repeated retries. Suggest an alternate payment method.
TXN104428,CUST3998,5092.38,UPI,FAILED,LIMIT_EXCEEDED,2026-08-18 02:06:48.314360,1,45,MEDIUM,This is a medium-value transaction. One retry has already been attempted. Suggest an alternate payment method or lower-value transaction.
TXN102415,CUST2879,3060.03,CARD,FAILED,TIMEOUT,2026-08-25 20:45:48.314360,2,45,MEDIUM,This is a low-value transaction. 2 retries have already been attempted. Retry the payment because the failure may be temporary.
TXN100035,CUST8145,13233.55,WALLET,FAILED,LIMIT_EXCEEDED,2026-08-20 08:50:48.314360,3,45,MEDIUM,This is a medium-value transaction. 3 retries have already been attempted. Suggest an alternate payment method or lower-value transaction.
TXN104432,CUST1969,6999.09,UPI,FAILED,LIMIT_EXCEEDED,2026-08-20 10:21:48.314360,1,45,MEDIUM,This is a medium-value transaction. One retry has already been attempted. Suggest an alternate payment method or lower-value transaction.
TXN104697,CUST8349,8352.23,WALLET,FAILED,BANK_DECLINE,2026-08-28 12:17:48.314360,2,45,MEDIUM,This is a medium-value transaction. 2 retries have already been attempted. Avoid immediate repeated retries. Suggest an alternate payment method.
TXN101538,CUST2794,18369.25,NETBANKING,FAILED,LIMIT_EXCEEDED,2026-08-10 05:11:48.314360,3,45,MEDIUM,This is a medium-value transaction. 3 retries have already been attempted. Suggest an alternate payment method or lower-value transaction.
TXN101476,CUST9001,9397.56,UPI,FAILED,NETWORK_ERROR,2026-08-21 01:47:48.314360,3,45,MEDIUM,This is a medium-value transaction. 3 retries have already been attempted. Retry after a short delay because the failure may be caused by a temporary network issue.
TXN101524,CUST9815,5782.01,NETBANKING,FAILED,INSUFFICIENT_FUNDS,2026-08-26 22:28:48.314360,0,45,MEDIUM,This is a medium-value transaction. No previous retry has been attempted. Do not repeatedly retry. Prompt the customer to use another payment method.
TXN101663,CUST4320,4553.12,WALLET,FAILED,TIMEOUT,2026-08-28 20:03:48.314360,2,45,MEDIUM,This is a low-value transaction. 2 retries have already been attempted. Retry the payment because the failure may be temporary.
TXN100152,CUST5312,12212.19,WALLET,FAILED,INSUFFICIENT_FUNDS,2026-08-21 02:59:48.314360,3,40,LOW,This is a medium-value transaction. 3 retries have already been attempted. Do not repeatedly retry. Prompt the customer to use another payment method.
TXN104957,CUST5695,1293.2,WALLET,FAILED,TIMEOUT,2026-08-03 05:28:48.314360,3,40,LOW,This is a low-value transaction. 3 retries have already been attempted. Retry the payment because the failure may be temporary.
TXN104135,CUST2953,8858.11,WALLET,FAILED,INSUFFICIENT_FUNDS,2026-08-26 07:26:48.314360,1,40,LOW,This is a medium-value transaction. One retry has already been attempted. Do not repeatedly retry. Prompt the customer to use another payment method.
TXN103124,CUST3188,7081.97,WALLET,FAILED,BANK_DECLINE,2026-08-03 00:05:48.314360,3,40,LOW,This is a medium-value transaction. 3 retries have already been attempted. Avoid immediate repeated retries. Suggest an alternate payment method.
TXN103163,CUST1905,13569.59,WALLET,FAILED,INSUFFICIENT_FUNDS,2026-08-18 15:12:48.314360,3,40,LOW,This is a medium-value transaction. 3 retries have already been attempted. Do not repeatedly retry. Prompt the customer to use another payment method.
TXN103718,CUST6940,5440.09,UPI,FAILED,BANK_DECLINE,2026-08-14 02:23:48.314360,3,40,LOW,This is a medium-value transaction. 3 retries have already been attempted. Avoid immediate repeated retries. Suggest an alternate payment method.
TXN103926,CUST7635,3608.84,WALLET,FAILED,BANK_DECLINE,2026-08-07 09:52:48.314360,1,40,LOW,This is a low-value transaction. One retry has already been attempted. Avoid immediate repeated retries. Suggest an alternate payment method.
TXN103882,CUST9002,6106.5,UPI,FAILED,LIMIT_EXCEEDED,2026-08-19 00:08:48.314360,2,40,LOW,This is a medium-value transaction. 2 retries have already been attempted. Suggest an alternate payment method or lower-value transaction.
TXN100970,CUST9563,9454.11,WALLET,FAILED,INSUFFICIENT_FUNDS,2026-08-10 03:25:48.314360,1,40,LOW,This is a medium-value transaction. One retry has already been attempted. Do not repeatedly retry. Prompt the customer to use another payment method.
TXN100920,CUST4156,4243.43,UPI,FAILED,NETWORK_ERROR,2026-08-13 14:52:48.314360,2,40,LOW,This is a low-value transaction. 2 retries have already been attempted. Retry after a short delay because the failure may be caused by a temporary network issue.
TXN100597,CUST6840,5466.19,CARD,FAILED,INSUFFICIENT_FUNDS,2026-08-28 01:47:48.314360,1,40,LOW,This is a medium-value transaction. One retry has already been attempted. Do not repeatedly retry. Prompt the customer to use another payment method.
TXN100555,CUST4220,1795.22,UPI,FAILED,LIMIT_EXCEEDED,2026-08-11 02:53:48.314360,0,40,LOW,This is a low-value transaction. No previous retry has been attempted. Suggest an alternate payment method or lower-value transaction.
TXN100031,CUST7563,2584.3,CARD,FAILED,NETWORK_ERROR,2026-08-04 21:24:48.314360,2,40,LOW,This is a low-value transaction. 2 retries have already been attempted. Retry after a short delay because the failure may be caused by a temporary network issue.
TXN102831,CUST4658,7773.61,UPI,FAILED,INSUFFICIENT_FUNDS,2026-08-22 17:33:48.314360,1,40,LOW,This is a medium-value transaction. One retry has already been attempted. Do not repeatedly retry. Prompt the customer to use another payment method.
TXN102707,CUST3596,19033.43,NETBANKING,FAILED,INSUFFICIENT_FUNDS,2026-08-25 23:47:48.314360,3,40,LOW,This is a medium-value transaction. 3 retries have already been attempted. Do not repeatedly retry. Prompt the customer to use another payment method.
TXN102602,CUST6773,10759.38,UPI,FAILED,INSUFFICIENT_FUNDS,2026-08-04 03:22:48.314360,3,40,LOW,This is a medium-value transaction. 3 retries have already been attempted. Do not repeatedly retry. Prompt the customer to use another payment method.
TXN102498,CUST7399,4051.17,NETBANKING,FAILED,LIMIT_EXCEEDED,2026-08-25 15:48:48.314360,0,40,LOW,This is a low-value transaction. No previous retry has been attempted. Suggest an alternate payment method or lower-value transaction.
TXN101340,CUST2717,16360.46,WALLET,FAILED,INSUFFICIENT_FUNDS,2026-08-11 17:30:48.314360,3,40,LOW,This is a medium-value transaction. 3 retries have already been attempted. Do not repeatedly retry. Prompt the customer to use another payment method.
TXN101343,CUST5510,1326.49,UPI,FAILED,LIMIT_EXCEEDED,2026-08-05 15:01:48.314360,0,40,LOW,This is a low-value transaction. No previous retry has been attempted. Suggest an alternate payment method or lower-value transaction.
TXN101649,CUST2031,4167.49,UPI,FAILED,TIMEOUT,2026-08-12 08:49:48.314360,3,40,LOW,This is a low-value transaction. 3 retries have already been attempted. Retry the payment because the failure may be temporary.
TXN101623,CUST7804,5757.42,UPI,FAILED,LIMIT_EXCEEDED,2026-08-01 00:49:48.314360,2,40,LOW,This is a medium-value transaction. 2 retries have already been attempted. Suggest an alternate payment method or lower-value transaction.
TXN101998,CUST7813,17137.22,WALLET,FAILED,INSUFFICIENT_FUNDS,2026-08-14 10:25:48.314360,3,40,LOW,This is a medium-value transaction. 3 retries have already been attempted. Do not repeatedly retry. Prompt the customer to use another payment method.
TXN100449,CUST9171,12201.3,NETBANKING,FAILED,INSUFFICIENT_FUNDS,2026-08-11 19:55:48.314360,3,40,LOW,This is a medium-value transaction. 3 retries have already been attempted. Do not repeatedly retry. Prompt the customer to use another payment method.
TXN100275,CUST3599,369.17,CARD,FAILED,BANK_DECLINE,2026-08-03 01:26:48.314360,1,40,LOW,This is a low-value transaction. One retry has already been attempted. Avoid immediate repeated retries. Suggest an alternate payment method.
TXN101520,CUST9297,9292.31,WALLET,FAILED,BANK_DECLINE,2026-08-13 14:15:48.314360,3,40,LOW,This is a medium-value transaction. 3 retries have already been attempted. Avoid immediate repeated retries. Suggest an alternate payment method.
TXN102329,CUST2335,8164.2,CARD,FAILED,BANK_DECLINE,2026-08-11 12:44:48.314360,3,40,LOW,This is a medium-value transaction. 3 retries have already been attempted. Avoid immediate repeated retries. Suggest an alternate payment method.
TXN102183,CUST6160,7963.02,WALLET,FAILED,INSUFFICIENT_FUNDS,2026-08-11 12:22:48.314360,1,40,LOW,This is a medium-value transaction. One retry has already been attempted. Do not repeatedly retry. Prompt the customer to use another payment method.
TXN101125,CUST2150,6850.74,NETBANKING,FAILED,BANK_DECLINE,2026-08-20 04:27:48.314360,3,40,LOW,This is a medium-value transaction. 3 retries have already been attempted. Avoid immediate repeated retries. Suggest an alternate payment method.
TXN101278,CUST1450,13702.33,UPI,FAILED,INSUFFICIENT_FUNDS,2026-08-23 12:24:48.314360,3,40,LOW,This is a medium-value transaction. 3 retries have already been attempted. Do not repeatedly retry. Prompt the customer to use another payment method.
TXN100170,CUST4661,10841.01,CARD,FAILED,INSUFFICIENT_FUNDS,2026-08-25 22:50:48.314360,3,40,LOW,This is a medium-value transaction. 3 retries have already been attempted. Do not repeatedly retry. Prompt the customer to use another payment method.
TXN100121,CUST6895,259.4,NETBANKING,FAILED,BANK_DECLINE,2026-08-23 11:40:48.314360,2,35,LOW,This is a low-value transaction. 2 retries have already been attempted. Avoid immediate repeated retries. Suggest an alternate payment method.
TXN104918,CUST8341,460.37,WALLET,FAILED,NETWORK_ERROR,2026-08-15 03:00:48.314360,3,35,LOW,This is a low-value transaction. 3 retries have already been attempted. Retry after a short delay because the failure may be caused by a temporary network issue.
TXN103905,CUST3311,4835.79,NETBANKING,FAILED,INSUFFICIENT_FUNDS,2026-08-24 00:22:48.314360,0,35,LOW,This is a low-value transaction. No previous retry has been attempted. Do not repeatedly retry. Prompt the customer to use another payment method.
TXN103616,CUST5958,2360.33,NETBANKING,FAILED,NETWORK_ERROR,2026-08-13 13:32:48.314360,3,35,LOW,This is a low-value transaction. 3 retries have already been attempted. Retry after a short delay because the failure may be caused by a temporary network issue.
TXN104230,CUST9279,6479.77,UPI,FAILED,LIMIT_EXCEEDED,2026-08-01 19:50:48.314360,3,35,LOW,This is a medium-value transaction. 3 retries have already been attempted. Suggest an alternate payment method or lower-value transaction.
TXN103247,CUST6075,818.1,CARD,FAILED,LIMIT_EXCEEDED,2026-08-09 10:52:48.314360,1,35,LOW,This is a low-value transaction. One retry has already been attempted. Suggest an alternate payment method or lower-value transaction.
TXN103154,CUST9559,8860.11,NETBANKING,FAILED,LIMIT_EXCEEDED,2026-08-21 18:15:48.314360,3,35,LOW,This is a medium-value transaction. 3 retries have already been attempted. Suggest an alternate payment method or lower-value transaction.
TXN103638,CUST1595,4678.28,CARD,FAILED,LIMIT_EXCEEDED,2026-08-24 12:30:48.314360,1,35,LOW,This is a low-value transaction. One retry has already been attempted. Suggest an alternate payment method or lower-value transaction.
TXN103509,CUST6627,1715.47,CARD,FAILED,INSUFFICIENT_FUNDS,2026-08-24 00:05:48.314360,0,35,LOW,This is a low-value transaction. No previous retry has been attempted. Do not repeatedly retry. Prompt the customer to use another payment method.
TXN103243,CUST9022,3991.5,WALLET,FAILED,NETWORK_ERROR,2026-08-15 18:19:48.314360,3,35,LOW,This is a low-value transaction. 3 retries have already been attempted. Retry after a short delay because the failure may be caused by a temporary network issue.
TXN103205,CUST8369,4237.35,UPI,FAILED,NETWORK_ERROR,2026-08-07 15:01:48.314360,3,35,LOW,This is a low-value transaction. 3 retries have already been attempted. Retry after a short delay because the failure may be caused by a temporary network issue.
TXN102815,CUST8757,5449.78,CARD,FAILED,INSUFFICIENT_FUNDS,2026-08-22 19:08:48.314360,2,35,LOW,This is a medium-value transaction. 2 retries have already been attempted. Do not repeatedly retry. Prompt the customer to use another payment method.
TXN100022,CUST8837,3412.74,WALLET,FAILED,BANK_DECLINE,2026-08-23 08:02:48.314360,2,35,LOW,This is a low-value transaction. 2 retries have already been attempted. Avoid immediate repeated retries. Suggest an alternate payment method.
TXN100517,CUST2224,5497.34,CARD,FAILED,LIMIT_EXCEEDED,2026-08-06 07:35:48.314360,3,35,LOW,This is a medium-value transaction. 3 retries have already been attempted. Suggest an alternate payment method or lower-value transaction.
TXN100751,CUST5754,3827.99,UPI,FAILED,NETWORK_ERROR,2026-08-10 21:54:48.314360,3,35,LOW,This is a low-value transaction. 3 retries have already been attempted. Retry after a short delay because the failure may be caused by a temporary network issue.
TXN101508,CUST8787,9975.31,UPI,FAILED,INSUFFICIENT_FUNDS,2026-08-23 08:30:48.314360,2,35,LOW,This is a medium-value transaction. 2 retries have already been attempted. Do not repeatedly retry. Prompt the customer to use another payment method.
TXN102364,CUST2920,3965.1,WALLET,FAILED,LIMIT_EXCEEDED,2026-07-31 14:39:48.314360,1,35,LOW,This is a low-value transaction. One retry has already been attempted. Suggest an alternate payment method or lower-value transaction.
TXN102404,CUST4913,8401.6,NETBANKING,FAILED,INSUFFICIENT_FUNDS,2026-08-19 04:52:48.314360,2,35,LOW,This is a medium-value transaction. 2 retries have already been attempted. Do not repeatedly retry. Prompt the customer to use another payment method.
TXN103021,CUST5573,1465.06,WALLET,FAILED,BANK_DECLINE,2026-08-22 10:56:48.314360,2,35,LOW,This is a low-value transaction. 2 retries have already been attempted. Avoid immediate repeated retries. Suggest an alternate payment method.
TXN103013,CUST1985,3918.04,CARD,FAILED,INSUFFICIENT_FUNDS,2026-08-06 07:30:48.314360,0,35,LOW,This is a low-value transaction. No previous retry has been attempted. Do not repeatedly retry. Prompt the customer to use another payment method.
TXN100585,CUST2619,2217.39,NETBANKING,FAILED,BANK_DECLINE,2026-08-07 15:35:48.314360,3,30,LOW,This is a low-value transaction. 3 retries have already been attempted. Avoid immediate repeated retries. Suggest an alternate payment method.
TXN104434,CUST7590,4489.19,NETBANKING,FAILED,LIMIT_EXCEEDED,2026-07-30 05:45:48.314360,2,30,LOW,This is a low-value transaction. 2 retries have already been attempted. Suggest an alternate payment method or lower-value transaction.
TXN103275,CUST6252,3037.7,CARD,FAILED,INSUFFICIENT_FUNDS,2026-08-15 07:36:48.314360,1,30,LOW,This is a low-value transaction. One retry has already been attempted. Do not repeatedly retry. Prompt the customer to use another payment method.
TXN104057,CUST4099,4615.53,UPI,FAILED,INSUFFICIENT_FUNDS,2026-08-14 23:22:48.314360,1,30,LOW,This is a low-value transaction. One retry has already been attempted. Do not repeatedly retry. Prompt the customer to use another payment method.
TXN104527,CUST7678,1640.83,WALLET,FAILED,LIMIT_EXCEEDED,2026-08-18 23:37:48.314360,2,30,LOW,This is a low-value transaction. 2 retries have already been attempted. Suggest an alternate payment method or lower-value transaction.
TXN102420,CUST9041,2077.21,UPI,FAILED,BANK_DECLINE,2026-08-20 01:03:48.314360,3,30,LOW,This is a low-value transaction. 3 retries have already been attempted. Avoid immediate repeated retries. Suggest an alternate payment method.
TXN104915,CUST6609,4080.53,WALLET,FAILED,BANK_DECLINE,2026-08-22 09:01:48.314360,3,30,LOW,This is a low-value transaction. 3 retries have already been attempted. Avoid immediate repeated retries. Suggest an alternate payment method.
TXN104852,CUST1473,9596.29,WALLET,FAILED,INSUFFICIENT_FUNDS,2026-08-27 07:23:48.314360,3,30,LOW,This is a medium-value transaction. 3 retries have already been attempted. Do not repeatedly retry. Prompt the customer to use another payment method.
TXN102367,CUST2557,2232.19,CARD,FAILED,LIMIT_EXCEEDED,2026-08-17 03:36:48.314360,2,30,LOW,This is a low-value transaction. 2 retries have already been attempted. Suggest an alternate payment method or lower-value transaction.
TXN102431,CUST2583,3865.98,WALLET,FAILED,BANK_DECLINE,2026-08-05 22:48:48.314360,3,30,LOW,This is a low-value transaction. 3 retries have already been attempted. Avoid immediate repeated retries. Suggest an alternate payment method.
TXN104677,CUST5757,1378.44,UPI,FAILED,INSUFFICIENT_FUNDS,2026-08-28 08:31:48.314360,1,30,LOW,This is a low-value transaction. One retry has already been attempted. Do not repeatedly retry. Prompt the customer to use another payment method.
TXN102950,CUST7062,1242.59,NETBANKING,FAILED,LIMIT_EXCEEDED,2026-08-11 16:12:48.314360,2,30,LOW,This is a low-value transaction. 2 retries have already been attempted. Suggest an alternate payment method or lower-value transaction.
TXN104739,CUST8150,300.68,WALLET,FAILED,INSUFFICIENT_FUNDS,2026-08-16 03:04:48.314360,1,30,LOW,This is a low-value transaction. One retry has already been attempted. Do not repeatedly retry. Prompt the customer to use another payment method.
TXN101145,CUST4722,7696.12,CARD,FAILED,INSUFFICIENT_FUNDS,2026-08-07 23:56:48.314360,3,30,LOW,This is a medium-value transaction. 3 retries have already been attempted. Do not repeatedly retry. Prompt the customer to use another payment method.
TXN101002,CUST9526,4955.33,WALLET,FAILED,INSUFFICIENT_FUNDS,2026-08-18 16:59:48.314360,1,30,LOW,This is a low-value transaction. One retry has already been attempted. Do not repeatedly retry. Prompt the customer to use another payment method.
TXN104378,CUST7028,1089.72,NETBANKING,FAILED,LIMIT_EXCEEDED,2026-08-11 07:08:48.314360,3,25,LOW,This is a low-value transaction. 3 retries have already been attempted. Suggest an alternate payment method or lower-value transaction.
TXN102156,CUST8714,3654.79,NETBANKING,FAILED,LIMIT_EXCEEDED,2026-08-24 14:39:48.314360,3,25,LOW,This is a low-value transaction. 3 retries have already been attempted. Suggest an alternate payment method or lower-value transaction.
TXN101236,CUST9624,4335.34,CARD,FAILED,LIMIT_EXCEEDED,2026-08-01 05:40:48.314360,3,25,LOW,This is a low-value transaction. 3 retries have already been attempted. Suggest an alternate payment method or lower-value transaction.
TXN100020,CUST8791,2264.42,CARD,FAILED,LIMIT_EXCEEDED,2026-08-12 19:50:48.314360,3,25,LOW,This is a low-value transaction. 3 retries have already been attempted. Suggest an alternate payment method or lower-value transaction.
TXN104059,CUST3947,4666.06,UPI,FAILED,INSUFFICIENT_FUNDS,2026-08-18 20:15:48.314360,3,20,LOW,This is a low-value transaction. 3 retries have already been attempted. Do not repeatedly retry. Prompt the customer to use another payment method.
TXN104700,CUST2967,4249.01,UPI,FAILED,INSUFFICIENT_FUNDS,2026-08-14 02:35:48.314360,3,20,LOW,This is a low-value transaction. 3 retries have already been attempted. Do not repeatedly retry. Prompt the customer to use another payment method.
TXN102009,CUST9865,4698.48,WALLET,FAILED,INSUFFICIENT_FUNDS,2026-08-02 21:13:48.314360,3,20,LOW,This is a low-value transaction. 3 retries have already been attempted. Do not repeatedly retry. Prompt the customer to use another payment method.
