transaction_id,customer_id,amount,payment_method,status,failure_reason,transaction_time,retry_count,recovery_score,priority,recovery_probability,expected_recovery,recommended_action
TXN102345,CUST3325,48616.46,NETBANKING,FAILED,NETWORK_ERROR,2026-08-12 03:01:48.314360,1,75,HIGH,96.66666666666667,46995.91133333333,RETRY
TXN101291,CUST7855,49031.37,NETBANKING,FAILED,NETWORK_ERROR,2026-08-03 13:00:48.314360,1,75,HIGH,94.66666666666667,46416.363600000004,RETRY
TXN104648,CUST7952,46704.51,UPI,FAILED,LIMIT_EXCEEDED,2026-08-27 11:58:48.314360,0,70,HIGH,97.33333333333334,45459.0564,RETRY
TXN104451,CUST7894,47179.68,CARD,FAILED,LIMIT_EXCEEDED,2026-08-01 22:19:48.314360,0,70,HIGH,96.0,45292.4928,RETRY
TXN104318,CUST7778,47897.35,UPI,FAILED,NETWORK_ERROR,2026-08-02 10:05:48.314360,1,75,HIGH,93.33333333333333,44704.19333333333,RETRY
TXN104672,CUST8450,49533.08,NETBANKING,FAILED,BANK_DECLINE,2026-08-20 03:02:48.314360,3,60,MEDIUM,90.0,44579.772000000004,ALTERNATE_METHOD
TXN104556,CUST6073,46753.16,WALLET,FAILED,NETWORK_ERROR,2026-08-06 04:41:48.314360,1,75,HIGH,94.66666666666667,44259.65813333334,RETRY
TXN103489,CUST7888,46336.65,CARD,FAILED,LIMIT_EXCEEDED,2026-08-07 01:43:48.314360,0,70,HIGH,94.0,43556.451,RETRY
TXN103529,CUST9331,48925.16,CARD,FAILED,TIMEOUT,2026-08-01 17:41:48.314360,0,85,HIGH,88.0,43054.1408,RETRY
TXN100415,CUST3089,49497.29,UPI,FAILED,TIMEOUT,2026-08-25 01:19:48.314360,0,85,HIGH,86.66666666666667,42897.651333333335,RETRY
TXN104579,CUST4948,48692.06,CARD,FAILED,TIMEOUT,2026-08-24 07:13:48.314360,0,85,HIGH,88.0,42849.0128,RETRY
TXN103530,CUST7585,46310.4,WALLET,FAILED,NETWORK_ERROR,2026-08-04 16:34:48.314360,1,75,HIGH,91.33333333333333,42296.832,RETRY
TXN102706,CUST4327,44348.29,NETBANKING,FAILED,BANK_DECLINE,2026-08-17 00:13:48.314360,3,60,MEDIUM,95.33333333333334,42278.70313333334,ALTERNATE_METHOD
TXN101566,CUST8186,44981.18,NETBANKING,FAILED,LIMIT_EXCEEDED,2026-08-21 02:38:48.314360,2,60,MEDIUM,92.0,41382.685600000004,ALTERNATE_METHOD
TXN102451,CUST9164,47612.12,WALLET,FAILED,LIMIT_EXCEEDED,2026-08-13 03:58:48.314360,0,70,HIGH,86.66666666666667,41263.83733333334,RETRY
TXN100905,CUST3703,47543.88,UPI,FAILED,LIMIT_EXCEEDED,2026-08-14 18:52:48.314360,0,70,HIGH,86.66666666666667,41204.695999999996,RETRY
TXN102875,CUST8812,45305.1,WALLET,FAILED,BANK_DECLINE,2026-08-24 15:12:48.314360,1,70,HIGH,90.66666666666666,41076.623999999996,RETRY
TXN102781,CUST2646,48156.14,NETBANKING,FAILED,TIMEOUT,2026-08-25 01:47:48.314360,2,75,HIGH,84.0,40451.1576,ALTERNATE_METHOD
TXN101254,CUST6048,47766.99,NETBANKING,FAILED,TIMEOUT,2026-08-03 09:38:48.314360,2,75,HIGH,84.0,40124.2716,ALTERNATE_METHOD
TXN102166,CUST5016,41447.86,NETBANKING,FAILED,BANK_DECLINE,2026-08-26 03:48:48.314360,0,75,HIGH,96.66666666666667,40066.26466666667,RETRY
TXN100211,CUST3597,40923.38,NETBANKING,FAILED,BANK_DECLINE,2026-08-04 15:48:48.314360,3,60,MEDIUM,97.33333333333334,39832.08986666667,ALTERNATE_METHOD
TXN101109,CUST3048,44924.67,WALLET,FAILED,NETWORK_ERROR,2026-08-19 19:14:48.314360,2,70,HIGH,88.0,39533.7096,ALTERNATE_METHOD
TXN104933,CUST5077,44907.64,CARD,FAILED,NETWORK_ERROR,2026-08-27 00:07:48.314360,1,75,HIGH,88.0,39518.7232,RETRY
TXN102224,CUST1766,42903.57,WALLET,FAILED,NETWORK_ERROR,2026-08-16 14:06:48.314360,2,70,HIGH,92.0,39471.284400000004,ALTERNATE_METHOD
TXN104719,CUST4670,39892.16,NETBANKING,FAILED,NETWORK_ERROR,2026-08-08 23:49:48.314360,1,75,HIGH,98.0,39094.3168,RETRY
TXN104383,CUST9916,42492.14,CARD,FAILED,TIMEOUT,2026-08-23 13:56:48.314360,1,80,HIGH,92.0,39092.7688,RETRY
TXN101366,CUST7435,46049.34,NETBANKING,FAILED,LIMIT_EXCEEDED,2026-08-19 01:42:48.314360,2,60,MEDIUM,84.0,38681.4456,ALTERNATE_METHOD
TXN102227,CUST1272,47449.47,UPI,FAILED,TIMEOUT,2026-07-30 06:01:48.314360,1,80,HIGH,81.33333333333333,38592.2356,RETRY
TXN103758,CUST7018,39512.19,NETBANKING,FAILED,BANK_DECLINE,2026-08-05 04:43:48.314360,0,75,HIGH,97.33333333333334,38458.5316,RETRY
TXN104436,CUST6936,38660.45,NETBANKING,FAILED,BANK_DECLINE,2026-08-21 18:58:48.314360,0,75,HIGH,98.66666666666667,38144.97733333333,RETRY
TXN104296,CUST3041,42445.11,NETBANKING,FAILED,NETWORK_ERROR,2026-08-25 09:00:48.314360,1,75,HIGH,89.33333333333333,37917.6316,RETRY
TXN104947,CUST3094,41581.25,NETBANKING,FAILED,NETWORK_ERROR,2026-07-30 23:54:48.314360,3,65,MEDIUM,90.66666666666666,37700.33333333333,ALTERNATE_METHOD
TXN101583,CUST3753,47012.51,NETBANKING,FAILED,NETWORK_ERROR,2026-07-31 07:47:48.314360,3,65,MEDIUM,80.0,37610.008,ALTERNATE_METHOD
TXN104726,CUST2200,44651.86,CARD,FAILED,BANK_DECLINE,2026-08-05 02:36:48.314360,3,60,MEDIUM,83.33333333333334,37209.88333333334,ALTERNATE_METHOD
TXN102862,CUST1375,37472.69,NETBANKING,FAILED,BANK_DECLINE,2026-08-13 13:54:48.314360,0,75,HIGH,98.0,36723.2362,RETRY
TXN103203,CUST8816,47779.95,NETBANKING,FAILED,BANK_DECLINE,2026-08-14 11:14:48.314360,0,75,HIGH,76.66666666666667,36631.295,RETRY
TXN100609,CUST6114,38569.44,NETBANKING,FAILED,NETWORK_ERROR,2026-08-02 17:02:48.314360,1,75,HIGH,94.66666666666667,36512.40320000001,RETRY
TXN100596,CUST3797,49692.63,CARD,FAILED,BANK_DECLINE,2026-07-30 13:05:48.314360,2,65,MEDIUM,73.33333333333333,36441.261999999995,ALTERNATE_METHOD
TXN101873,CUST9961,37668.26,CARD,FAILED,NETWORK_ERROR,2026-08-12 18:53:48.314360,1,75,HIGH,96.66666666666667,36412.651333333335,RETRY
TXN102709,CUST8268,37588.85,CARD,FAILED,NETWORK_ERROR,2026-07-30 06:26:48.314360,1,75,HIGH,96.66666666666667,36335.88833333333,RETRY
TXN104893,CUST2809,49205.47,UPI,FAILED,INSUFFICIENT_FUNDS,2026-08-14 04:08:48.314360,2,55,MEDIUM,72.66666666666667,35755.97486666667,ALTERNATE_METHOD
TXN103694,CUST4813,38816.95,UPI,FAILED,TIMEOUT,2026-08-13 13:52:48.314360,0,85,HIGH,91.33333333333333,35452.81433333333,RETRY
TXN100238,CUST3794,39209.73,WALLET,FAILED,BANK_DECLINE,2026-08-16 16:46:48.314360,1,70,HIGH,90.0,35288.757000000005,RETRY
TXN102297,CUST9746,48832.5,WALLET,FAILED,LIMIT_EXCEEDED,2026-08-20 08:58:48.314360,1,65,MEDIUM,72.0,35159.4,ALTERNATE_METHOD
TXN100193,CUST4504,39248.79,UPI,FAILED,NETWORK_ERROR,2026-08-05 08:43:48.314360,2,70,HIGH,89.33333333333333,35062.2524,ALTERNATE_METHOD
TXN101940,CUST2698,42388.92,CARD,FAILED,BANK_DECLINE,2026-08-18 23:07:48.314360,3,60,MEDIUM,82.66666666666667,35041.5072,ALTERNATE_METHOD
TXN100625,CUST4886,44864.39,UPI,FAILED,LIMIT_EXCEEDED,2026-08-26 18:13:48.314360,0,70,HIGH,78.0,34994.224200000004,RETRY
TXN104839,CUST5152,44017.09,WALLET,FAILED,NETWORK_ERROR,2026-07-30 06:43:48.314360,0,80,HIGH,78.66666666666666,34626.77746666666,RETRY
TXN100982,CUST1727,43166.38,CARD,FAILED,INSUFFICIENT_FUNDS,2026-08-14 00:10:48.314360,1,60,MEDIUM,79.33333333333333,34245.32813333333,RETRY
TXN102775,CUST2172,36733.63,UPI,FAILED,TIMEOUT,2026-08-14 07:26:48.314360,0,85,HIGH,92.66666666666666,34039.83046666666,RETRY
TXN104147,CUST8081,37710.06,UPI,FAILED,BANK_DECLINE,2026-08-23 07:35:48.314360,0,75,HIGH,88.66666666666667,33436.2532,RETRY
TXN104601,CUST3734,41240.39,NETBANKING,FAILED,NETWORK_ERROR,2026-08-07 23:39:48.314360,0,80,HIGH,80.66666666666666,33267.247933333325,RETRY
TXN101417,CUST2912,45360.48,UPI,FAILED,INSUFFICIENT_FUNDS,2026-08-07 08:48:48.314360,1,60,MEDIUM,73.33333333333333,33264.352,ALTERNATE_METHOD
TXN101971,CUST3269,35851.72,UPI,FAILED,BANK_DECLINE,2026-08-17 07:31:48.314360,0,75,HIGH,92.66666666666666,33222.59386666666,RETRY
TXN100937,CUST3857,43482.5,WALLET,FAILED,TIMEOUT,2026-08-28 15:53:48.314360,0,85,HIGH,76.0,33046.7,RETRY
TXN104118,CUST4570,43479.75,WALLET,FAILED,TIMEOUT,2026-08-17 18:15:48.314360,0,85,HIGH,76.0,33044.61,RETRY
TXN103730,CUST4039,42519.62,UPI,FAILED,BANK_DECLINE,2026-08-07 14:14:48.314360,1,70,HIGH,77.33333333333333,32881.839466666665,RETRY
TXN100995,CUST8987,38773.08,WALLET,FAILED,INSUFFICIENT_FUNDS,2026-07-31 03:31:48.314360,2,55,MEDIUM,84.66666666666667,32827.8744,ALTERNATE_METHOD
TXN104192,CUST1469,40617.21,UPI,FAILED,NETWORK_ERROR,2026-08-24 08:58:48.314360,1,75,HIGH,80.66666666666666,32764.549399999993,RETRY
TXN100283,CUST1963,41152.18,WALLET,FAILED,NETWORK_ERROR,2026-08-25 20:14:48.314360,2,70,HIGH,79.33333333333333,32647.39613333333,ALTERNATE_METHOD
TXN101988,CUST9526,46594.61,CARD,FAILED,LIMIT_EXCEEDED,2026-08-11 09:04:48.314360,2,60,MEDIUM,70.0,32616.227,ALTERNATE_METHOD
TXN100783,CUST5965,46077.44,NETBANKING,FAILED,LIMIT_EXCEEDED,2026-08-22 04:29:48.314360,0,70,HIGH,70.66666666666667,32561.390933333336,ALTERNATE_METHOD
TXN104632,CUST8033,34373.68,UPI,FAILED,BANK_DECLINE,2026-08-28 03:51:48.314360,0,75,HIGH,94.0,32311.259199999997,RETRY
TXN103524,CUST2508,40038.42,NETBANKING,FAILED,NETWORK_ERROR,2026-08-27 22:44:48.314360,2,70,HIGH,80.66666666666666,32297.658799999994,ALTERNATE_METHOD
TXN104977,CUST8455,35310.73,CARD,FAILED,BANK_DECLINE,2026-08-21 20:32:48.314360,3,60,MEDIUM,91.33333333333333,32250.466733333335,ALTERNATE_METHOD
TXN101043,CUST3781,46318.76,UPI,FAILED,BANK_DECLINE,2026-08-12 18:33:48.314360,2,65,MEDIUM,69.33333333333334,32114.340266666673,ALTERNATE_METHOD
TXN104102,CUST2850,33551.56,UPI,FAILED,BANK_DECLINE,2026-08-28 03:01:48.314360,0,75,HIGH,95.33333333333334,31985.820533333335,RETRY
TXN103916,CUST3589,44398.67,NETBANKING,FAILED,TIMEOUT,2026-08-25 18:26:48.314360,0,85,HIGH,72.0,31967.0424,ALTERNATE_METHOD
TXN104928,CUST1804,48374.42,UPI,FAILED,INSUFFICIENT_FUNDS,2026-08-08 00:43:48.314360,2,55,MEDIUM,65.33333333333333,31604.621066666667,ALTERNATE_METHOD
TXN100352,CUST3845,32230.24,NETBANKING,FAILED,BANK_DECLINE,2026-08-13 04:20:48.314360,0,75,HIGH,98.0,31585.6352,RETRY
TXN103324,CUST5248,34415.01,CARD,FAILED,BANK_DECLINE,2026-08-18 04:02:48.314360,3,60,MEDIUM,91.33333333333333,31432.3758,ALTERNATE_METHOD
TXN100730,CUST5711,34620.09,CARD,FAILED,BANK_DECLINE,2026-08-01 02:14:48.314360,3,60,MEDIUM,90.66666666666666,31388.881599999997,ALTERNATE_METHOD
TXN102750,CUST1833,42510.21,UPI,FAILED,LIMIT_EXCEEDED,2026-08-16 19:54:48.314360,1,65,MEDIUM,73.33333333333333,31174.154,ALTERNATE_METHOD
TXN104779,CUST2975,38313.55,WALLET,FAILED,NETWORK_ERROR,2026-08-18 07:37:48.314360,0,80,HIGH,81.33333333333333,31161.68733333333,RETRY
TXN103206,CUST8032,37816.71,CARD,FAILED,INSUFFICIENT_FUNDS,2026-08-16 08:24:48.314360,1,60,MEDIUM,80.0,30253.368000000002,RETRY
TXN104860,CUST2387,41227.38,CARD,FAILED,INSUFFICIENT_FUNDS,2026-08-06 00:13:48.314360,0,65,MEDIUM,73.33333333333333,30233.411999999997,ALTERNATE_METHOD
TXN100131,CUST7010,36619.0,UPI,FAILED,BANK_DECLINE,2026-08-26 11:26:48.314360,3,60,MEDIUM,82.0,30027.579999999998,ALTERNATE_METHOD
TXN101967,CUST9473,32874.57,UPI,FAILED,TIMEOUT,2026-08-05 18:22:48.314360,3,70,HIGH,91.33333333333333,30025.440599999998,ALTERNATE_METHOD
TXN102396,CUST8815,31040.21,UPI,FAILED,NETWORK_ERROR,2026-08-28 19:49:48.314360,0,80,HIGH,96.66666666666667,30005.536333333333,RETRY
TXN104416,CUST8711,34710.61,WALLET,FAILED,BANK_DECLINE,2026-08-13 05:17:48.314360,0,75,HIGH,86.0,29851.1246,RETRY
TXN100992,CUST5159,42479.99,UPI,FAILED,NETWORK_ERROR,2026-08-21 01:51:48.314360,3,65,MEDIUM,70.0,29735.992999999995,ALTERNATE_METHOD
TXN101915,CUST1722,42415.29,UPI,FAILED,TIMEOUT,2026-08-17 02:30:48.314360,3,70,HIGH,70.0,29690.702999999998,ALTERNATE_METHOD
TXN104311,CUST4977,36912.2,NETBANKING,FAILED,NETWORK_ERROR,2026-08-24 09:17:48.314360,1,75,HIGH,80.0,29529.76,RETRY
TXN101299,CUST3088,47074.0,UPI,FAILED,INSUFFICIENT_FUNDS,2026-08-18 10:03:48.314360,2,55,MEDIUM,62.66666666666667,29499.70666666667,ALTERNATE_METHOD
TXN104880,CUST1959,39000.32,WALLET,FAILED,INSUFFICIENT_FUNDS,2026-08-10 13:54:48.314360,3,50,MEDIUM,75.33333333333333,29380.241066666666,ALTERNATE_METHOD
TXN102700,CUST7822,32176.93,UPI,FAILED,TIMEOUT,2026-08-26 18:04:48.314360,2,75,HIGH,90.66666666666666,29173.749866666665,ALTERNATE_METHOD
TXN101735,CUST6816,30956.19,UPI,FAILED,TIMEOUT,2026-08-10 12:54:48.314360,2,75,HIGH,94.0,29098.8186,ALTERNATE_METHOD
TXN101127,CUST3621,31232.35,NETBANKING,FAILED,TIMEOUT,2026-08-27 16:16:48.314360,1,80,HIGH,92.66666666666666,28941.977666666662,RETRY
TXN102836,CUST3213,32350.93,CARD,FAILED,TIMEOUT,2026-08-08 21:26:48.314360,0,85,HIGH,88.66666666666667,28684.491266666668,RETRY
TXN103881,CUST4871,30604.96,NETBANKING,FAILED,TIMEOUT,2026-07-30 22:29:48.314360,1,80,HIGH,93.33333333333333,28564.62933333333,RETRY
TXN104163,CUST8784,37129.5,UPI,FAILED,NETWORK_ERROR,2026-08-16 11:47:48.314360,2,70,HIGH,76.0,28218.420000000002,ALTERNATE_METHOD
TXN100142,CUST9349,31019.42,CARD,FAILED,NETWORK_ERROR,2026-08-10 16:02:48.314360,0,80,HIGH,90.0,27917.478,RETRY
TXN100622,CUST3786,29441.31,CARD,FAILED,BANK_DECLINE,2026-08-19 14:20:48.314360,0,75,HIGH,94.66666666666667,27871.106800000005,RETRY
TXN103473,CUST2957,36565.19,WALLET,FAILED,TIMEOUT,2026-08-07 13:57:48.314360,3,70,HIGH,74.66666666666667,27302.008533333337,ALTERNATE_METHOD
TXN100304,CUST8310,41249.49,UPI,FAILED,TIMEOUT,2026-08-17 11:36:48.314360,3,70,HIGH,66.0,27224.6634,ALTERNATE_METHOD
TXN103845,CUST3113,36933.83,CARD,FAILED,LIMIT_EXCEEDED,2026-08-28 03:28:48.314360,1,65,MEDIUM,73.33333333333333,27084.808666666668,ALTERNATE_METHOD
TXN100768,CUST7742,34091.66,NETBANKING,FAILED,BANK_DECLINE,2026-07-31 18:48:48.314360,3,60,MEDIUM,79.33333333333333,27046.05026666667,ALTERNATE_METHOD
TXN102132,CUST9670,32989.23,WALLET,FAILED,TIMEOUT,2026-08-07 05:26:48.314360,1,80,HIGH,81.33333333333333,26831.2404,RETRY
TXN100807,CUST3353,34100.38,CARD,FAILED,LIMIT_EXCEEDED,2026-08-19 10:25:48.314360,3,55,MEDIUM,78.0,26598.2964,ALTERNATE_METHOD
TXN104298,CUST6863,33106.2,UPI,FAILED,BANK_DECLINE,2026-08-01 18:19:48.314360,3,60,MEDIUM,80.0,26484.96,ALTERNATE_METHOD
TXN101444,CUST5770,28330.4,UPI,FAILED,NETWORK_ERROR,2026-08-08 21:37:48.314360,0,80,HIGH,93.33333333333333,26441.706666666665,RETRY
TXN103799,CUST7927,35678.86,WALLET,FAILED,TIMEOUT,2026-08-11 23:54:48.314360,2,75,HIGH,73.33333333333333,26164.497333333333,ALTERNATE_METHOD
TXN104859,CUST8856,32651.1,UPI,FAILED,NETWORK_ERROR,2026-08-22 17:10:48.314360,2,70,HIGH,80.0,26120.88,ALTERNATE_METHOD
TXN102319,CUST6358,31807.79,CARD,FAILED,LIMIT_EXCEEDED,2026-08-21 23:32:48.314360,1,65,MEDIUM,82.0,26082.3878,RETRY
TXN103557,CUST1897,35274.14,WALLET,FAILED,INSUFFICIENT_FUNDS,2026-08-04 18:34:48.314360,1,60,MEDIUM,73.33333333333333,25867.702666666664,ALTERNATE_METHOD
TXN100959,CUST9559,31286.16,UPI,FAILED,BANK_DECLINE,2026-08-10 15:29:48.314360,1,70,HIGH,82.0,25654.651199999997,RETRY
TXN101080,CUST5176,33860.27,NETBANKING,FAILED,TIMEOUT,2026-08-24 11:19:48.314360,3,70,HIGH,75.33333333333333,25508.070066666663,ALTERNATE_METHOD
TXN104246,CUST1801,35865.02,WALLET,FAILED,NETWORK_ERROR,2026-07-31 10:38:48.314360,1,75,HIGH,70.66666666666667,25344.614133333333,ALTERNATE_METHOD
TXN103079,CUST4705,26211.4,NETBANKING,FAILED,TIMEOUT,2026-08-27 20:11:48.314360,1,80,HIGH,96.66666666666667,25337.68666666667,RETRY
TXN100648,CUST7762,32188.85,CARD,FAILED,BANK_DECLINE,2026-08-25 18:14:48.314360,3,60,MEDIUM,78.66666666666666,25321.89533333333,ALTERNATE_METHOD
TXN103536,CUST1387,36155.14,WALLET,FAILED,NETWORK_ERROR,2026-08-03 01:50:48.314360,1,75,HIGH,70.0,25308.597999999998,ALTERNATE_METHOD
TXN103387,CUST8533,32445.13,WALLET,FAILED,NETWORK_ERROR,2026-08-16 00:22:48.314360,2,70,HIGH,78.0,25307.2014,ALTERNATE_METHOD
TXN101847,CUST2912,32989.05,WALLET,FAILED,LIMIT_EXCEEDED,2026-08-03 09:44:48.314360,0,70,HIGH,76.66666666666667,25291.605000000003,RETRY
TXN100325,CUST7149,32938.7,WALLET,FAILED,LIMIT_EXCEEDED,2026-08-23 17:46:48.314360,0,70,HIGH,76.66666666666667,25253.003333333334,RETRY
TXN101287,CUST9221,28096.72,WALLET,FAILED,BANK_DECLINE,2026-08-24 04:22:48.314360,1,70,HIGH,88.0,24725.1136,RETRY
TXN103604,CUST3327,26208.91,UPI,FAILED,NETWORK_ERROR,2026-08-12 07:11:48.314360,0,80,HIGH,94.0,24636.375399999997,RETRY
TXN101282,CUST6827,32406.38,CARD,FAILED,BANK_DECLINE,2026-08-28 19:27:48.314360,2,65,MEDIUM,76.0,24628.8488,ALTERNATE_METHOD
TXN101302,CUST4655,29843.91,NETBANKING,FAILED,NETWORK_ERROR,2026-08-02 06:21:48.314360,0,80,HIGH,82.0,24472.0062,RETRY
TXN104112,CUST8959,32707.21,CARD,FAILED,BANK_DECLINE,2026-08-11 16:36:48.314360,2,65,MEDIUM,74.66666666666667,24421.383466666666,ALTERNATE_METHOD
TXN104334,CUST1765,30506.74,CARD,FAILED,BANK_DECLINE,2026-08-09 13:06:48.314360,1,70,HIGH,80.0,24405.392000000003,RETRY
TXN101313,CUST6310,30295.72,CARD,FAILED,TIMEOUT,2026-08-25 10:14:48.314360,2,75,HIGH,80.0,24236.576,ALTERNATE_METHOD
TXN103185,CUST8521,33011.64,CARD,FAILED,LIMIT_EXCEEDED,2026-08-11 23:01:48.314360,0,70,HIGH,73.33333333333333,24208.535999999996,ALTERNATE_METHOD
TXN103076,CUST8708,29368.06,WALLET,FAILED,LIMIT_EXCEEDED,2026-08-21 20:31:48.314360,2,60,MEDIUM,82.0,24081.8092,ALTERNATE_METHOD
TXN104776,CUST4346,46902.25,WALLET,FAILED,INSUFFICIENT_FUNDS,2026-08-21 23:39:48.314360,2,55,MEDIUM,51.33333333333333,24076.48833333333,ALTERNATE_METHOD
TXN101445,CUST2149,33177.49,UPI,FAILED,INSUFFICIENT_FUNDS,2026-08-24 02:46:48.314360,0,65,MEDIUM,72.0,23887.7928,ALTERNATE_METHOD
TXN103977,CUST9916,25888.0,NETBANKING,FAILED,BANK_DECLINE,2026-07-31 03:22:48.314360,0,75,HIGH,92.0,23816.960000000003,RETRY
TXN104840,CUST2231,25675.49,NETBANKING,FAILED,BANK_DECLINE,2026-08-01 07:07:48.314360,0,75,HIGH,90.66666666666666,23279.110933333333,RETRY
TXN102886,CUST1321,29540.5,WALLET,FAILED,TIMEOUT,2026-08-22 10:59:48.314360,0,85,HIGH,78.66666666666666,23238.526666666665,RETRY
TXN100653,CUST1951,26729.22,NETBANKING,FAILED,INSUFFICIENT_FUNDS,2026-08-06 07:32:48.314360,2,55,MEDIUM,86.66666666666667,23165.324,ALTERNATE_METHOD
TXN103875,CUST8710,23912.28,CARD,FAILED,TIMEOUT,2026-07-31 04:18:48.314360,1,80,HIGH,96.66666666666667,23115.203999999998,RETRY
TXN100228,CUST3787,24370.01,CARD,FAILED,LIMIT_EXCEEDED,2026-08-12 09:48:48.314360,2,60,MEDIUM,94.66666666666667,23070.276133333333,ALTERNATE_METHOD
TXN100811,CUST6901,27128.21,WALLET,FAILED,LIMIT_EXCEEDED,2026-08-09 10:11:48.314360,2,60,MEDIUM,84.66666666666667,22968.551133333334,ALTERNATE_METHOD
TXN101035,CUST8540,24329.68,CARD,FAILED,TIMEOUT,2026-08-13 21:06:48.314360,0,85,HIGH,94.0,22869.8992,RETRY
TXN104823,CUST7119,23370.2,CARD,FAILED,TIMEOUT,2026-08-18 09:12:48.314360,1,80,HIGH,97.33333333333334,22746.99466666667,RETRY
TXN101658,CUST3731,27526.88,WALLET,FAILED,NETWORK_ERROR,2026-08-06 08:49:48.314360,1,75,HIGH,81.33333333333333,22388.529066666666,RETRY
TXN104518,CUST6782,28725.46,UPI,FAILED,INSUFFICIENT_FUNDS,2026-08-26 05:05:48.314360,1,60,MEDIUM,77.33333333333333,22214.355733333334,RETRY
TXN103771,CUST6094,22228.57,CARD,FAILED,TIMEOUT,2026-08-25 01:06:48.314360,0,85,HIGH,99.33333333333333,22080.379533333333,RETRY
TXN100606,CUST5093,44045.08,WALLET,FAILED,TIMEOUT,2026-08-24 07:34:48.314360,1,80,HIGH,50.0,22022.54,ALTERNATE_METHOD
TXN101123,CUST6397,27732.37,UPI,FAILED,NETWORK_ERROR,2026-08-17 22:23:48.314360,2,70,HIGH,79.33333333333333,22001.01353333333,ALTERNATE_METHOD
TXN103725,CUST1117,23043.26,UPI,FAILED,TIMEOUT,2026-08-25 11:28:48.314360,0,85,HIGH,95.33333333333334,21967.90786666667,RETRY
TXN101414,CUST2132,24525.12,NETBANKING,FAILED,NETWORK_ERROR,2026-08-27 14:09:48.314360,1,75,HIGH,88.0,21582.1056,RETRY
TXN101264,CUST9767,27869.6,CARD,FAILED,BANK_DECLINE,2026-07-31 00:29:48.314360,0,75,HIGH,77.33333333333333,21552.490666666665,RETRY
TXN100526,CUST3991,24812.29,NETBANKING,FAILED,INSUFFICIENT_FUNDS,2026-08-11 00:56:48.314360,2,55,MEDIUM,86.66666666666667,21503.984666666667,ALTERNATE_METHOD
TXN101376,CUST6725,23430.37,WALLET,FAILED,NETWORK_ERROR,2026-08-24 07:52:48.314360,1,75,HIGH,90.66666666666666,21243.535466666664,RETRY
TXN101573,CUST2596,27295.93,NETBANKING,FAILED,TIMEOUT,2026-08-19 09:47:48.314360,2,75,HIGH,77.33333333333333,21108.852533333335,ALTERNATE_METHOD
TXN101845,CUST6409,28169.33,WALLET,FAILED,NETWORK_ERROR,2026-08-19 04:41:48.314360,1,75,HIGH,74.66666666666667,21033.099733333336,ALTERNATE_METHOD
TXN104214,CUST3105,26852.48,NETBANKING,FAILED,NETWORK_ERROR,2026-08-01 06:32:48.314360,3,65,MEDIUM,76.66666666666667,20586.901333333335,ALTERNATE_METHOD
TXN100179,CUST5733,26141.66,CARD,FAILED,NETWORK_ERROR,2026-08-21 23:11:48.314360,2,70,HIGH,78.0,20390.4948,ALTERNATE_METHOD
TXN101430,CUST6924,44048.12,NETBANKING,FAILED,NETWORK_ERROR,2026-08-19 16:33:48.314360,1,75,HIGH,46.0,20262.1352,DO_NOT_RETRY
TXN103020,CUST1110,47941.39,UPI,FAILED,LIMIT_EXCEEDED,2026-08-15 22:15:48.314360,0,70,HIGH,42.0,20135.3838,DO_NOT_RETRY
TXN104085,CUST3626,26920.1,CARD,FAILED,INSUFFICIENT_FUNDS,2026-08-14 12:52:48.314360,0,65,MEDIUM,74.66666666666667,20100.341333333334,ALTERNATE_METHOD
TXN100714,CUST9832,48571.4,NETBANKING,FAILED,NETWORK_ERROR,2026-08-27 08:21:48.314360,3,65,MEDIUM,40.666666666666664,19752.369333333332,DO_NOT_RETRY
TXN101575,CUST9830,41229.56,CARD,FAILED,NETWORK_ERROR,2026-08-23 01:18:48.314360,1,75,HIGH,47.333333333333336,19515.325066666668,DO_NOT_RETRY
TXN104429,CUST8138,44239.55,UPI,FAILED,BANK_DECLINE,2026-08-12 02:56:48.314360,3,60,MEDIUM,44.0,19465.402000000002,DO_NOT_RETRY
TXN101180,CUST7498,23820.98,CARD,FAILED,INSUFFICIENT_FUNDS,2026-08-12 07:58:48.314360,1,60,MEDIUM,81.33333333333333,19374.397066666665,RETRY
TXN104252,CUST1170,22850.48,CARD,FAILED,LIMIT_EXCEEDED,2026-08-28 09:31:48.314360,2,60,MEDIUM,84.66666666666667,19346.739733333332,ALTERNATE_METHOD
TXN101336,CUST2595,21381.93,UPI,FAILED,TIMEOUT,2026-08-06 08:34:48.314360,0,85,HIGH,90.0,19243.737,RETRY
TXN102448,CUST9829,24185.05,NETBANKING,FAILED,NETWORK_ERROR,2026-08-18 03:09:48.314360,2,70,HIGH,79.33333333333333,19186.806333333334,ALTERNATE_METHOD
TXN102036,CUST1317,46319.45,NETBANKING,FAILED,LIMIT_EXCEEDED,2026-07-30 05:59:48.314360,2,60,MEDIUM,41.333333333333336,19145.372666666666,DO_NOT_RETRY
TXN103791,CUST1339,21862.8,UPI,FAILED,BANK_DECLINE,2026-08-20 01:37:48.314360,3,60,MEDIUM,87.33333333333333,19093.512,ALTERNATE_METHOD
TXN102963,CUST3591,23325.03,UPI,FAILED,BANK_DECLINE,2026-08-18 16:26:48.314360,1,70,HIGH,80.0,18660.024,RETRY
TXN103869,CUST8250,22702.68,WALLET,FAILED,BANK_DECLINE,2026-08-17 13:27:48.314360,3,60,MEDIUM,82.0,18616.1976,ALTERNATE_METHOD
TXN104981,CUST3901,19807.85,NETBANKING,FAILED,NETWORK_ERROR,2026-08-27 03:50:48.314360,1,65,MEDIUM,93.33333333333333,18487.326666666664,RETRY
TXN101766,CUST1265,22327.36,CARD,FAILED,NETWORK_ERROR,2026-08-03 00:21:48.314360,3,65,MEDIUM,82.66666666666667,18457.284266666666,ALTERNATE_METHOD
TXN104694,CUST1184,23258.51,NETBANKING,FAILED,LIMIT_EXCEEDED,2026-08-20 00:13:48.314360,2,60,MEDIUM,79.33333333333333,18451.751266666666,ALTERNATE_METHOD
TXN100876,CUST6124,19898.72,NETBANKING,FAILED,TIMEOUT,2026-07-30 23:20:48.314360,1,70,HIGH,92.66666666666666,18439.48053333333,RETRY
TXN101244,CUST6597,21709.9,WALLET,FAILED,BANK_DECLINE,2026-08-15 15:14:48.314360,3,60,MEDIUM,84.66666666666667,18381.04866666667,ALTERNATE_METHOD
TXN103024,CUST8846,42204.71,WALLET,FAILED,NETWORK_ERROR,2026-08-05 12:39:48.314360,0,80,HIGH,43.333333333333336,18288.707666666665,DO_NOT_RETRY
TXN102304,CUST5004,40876.8,WALLET,FAILED,NETWORK_ERROR,2026-08-13 02:44:48.314360,2,70,HIGH,44.0,17985.792,DO_NOT_RETRY
TXN103098,CUST5746,19117.04,CARD,FAILED,TIMEOUT,2026-08-17 20:12:48.314360,0,75,HIGH,94.0,17970.0176,RETRY
TXN102261,CUST3007,22244.62,CARD,FAILED,NETWORK_ERROR,2026-08-11 10:02:48.314360,1,75,HIGH,80.66666666666666,17943.993466666663,RETRY
TXN101713,CUST6596,22127.13,WALLET,FAILED,NETWORK_ERROR,2026-08-23 01:02:48.314360,3,65,MEDIUM,80.66666666666666,17849.2182,ALTERNATE_METHOD
TXN103827,CUST5261,21986.13,CARD,FAILED,INSUFFICIENT_FUNDS,2026-08-12 19:39:48.314360,1,60,MEDIUM,80.66666666666666,17735.478199999998,RETRY
TXN102286,CUST4331,18205.86,CARD,FAILED,NETWORK_ERROR,2026-08-12 15:50:48.314360,1,65,MEDIUM,97.33333333333334,17720.3704,RETRY
TXN102221,CUST8255,47387.62,CARD,FAILED,INSUFFICIENT_FUNDS,2026-08-27 11:41:48.314360,1,60,MEDIUM,37.333333333333336,17691.378133333335,CUSTOMER_ACTION
TXN101189,CUST4193,42051.48,WALLET,FAILED,NETWORK_ERROR,2026-08-07 22:40:48.314360,0,80,HIGH,42.0,17661.621600000002,DO_NOT_RETRY
TXN103943,CUST7369,23486.48,UPI,FAILED,NETWORK_ERROR,2026-08-02 07:20:48.314360,2,70,HIGH,74.66666666666667,17536.571733333334,ALTERNATE_METHOD
TXN104286,CUST3239,20046.71,CARD,FAILED,LIMIT_EXCEEDED,2026-08-20 08:04:48.314360,0,70,HIGH,87.33333333333333,17507.460066666667,RETRY
TXN101373,CUST9297,46480.96,WALLET,FAILED,LIMIT_EXCEEDED,2026-08-24 13:43:48.314360,1,65,MEDIUM,37.333333333333336,17352.891733333334,DO_NOT_RETRY
TXN100689,CUST8096,45443.42,WALLET,FAILED,LIMIT_EXCEEDED,2026-08-15 21:30:48.314360,0,70,HIGH,38.0,17268.4996,DO_NOT_RETRY
TXN103264,CUST2859,18141.92,WALLET,FAILED,TIMEOUT,2026-08-04 02:28:48.314360,0,75,HIGH,94.66666666666667,17174.350933333335,RETRY
TXN100888,CUST9940,19785.53,UPI,FAILED,TIMEOUT,2026-08-18 16:33:48.314360,0,75,HIGH,86.66666666666667,17147.459333333332,RETRY
TXN102419,CUST7603,17786.55,UPI,FAILED,TIMEOUT,2026-08-07 19:51:48.314360,2,65,MEDIUM,95.33333333333334,16956.511000000002,ALTERNATE_METHOD
TXN100687,CUST6708,22786.98,CARD,FAILED,TIMEOUT,2026-08-05 03:51:48.314360,3,70,HIGH,74.0,16862.3652,ALTERNATE_METHOD
TXN100588,CUST5054,17546.04,CARD,FAILED,TIMEOUT,2026-08-17 17:00:48.314360,2,65,MEDIUM,96.0,16844.1984,ALTERNATE_METHOD
TXN100810,CUST6288,17604.17,UPI,FAILED,TIMEOUT,2026-08-04 23:22:48.314360,2,65,MEDIUM,95.33333333333334,16782.642066666667,ALTERNATE_METHOD
TXN102485,CUST3431,16695.69,NETBANKING,FAILED,LIMIT_EXCEEDED,2026-08-02 12:03:48.314360,0,60,MEDIUM,100.0,16695.69,RETRY
TXN101727,CUST3747,19568.76,WALLET,FAILED,NETWORK_ERROR,2026-08-15 16:37:48.314360,2,60,MEDIUM,84.66666666666667,16568.2168,ALTERNATE_METHOD
TXN100230,CUST7587,19878.39,WALLET,FAILED,BANK_DECLINE,2026-08-04 16:24:48.314360,2,55,MEDIUM,82.66666666666667,16432.8024,ALTERNATE_METHOD
TXN101424,CUST9166,24609.38,UPI,FAILED,NETWORK_ERROR,2026-08-13 14:35:48.314360,1,75,HIGH,66.66666666666666,16406.25333333333,ALTERNATE_METHOD
TXN104617,CUST5912,41669.45,WALLET,FAILED,TIMEOUT,2026-08-09 15:50:48.314360,0,85,HIGH,39.33333333333333,16389.983666666663,DO_NOT_RETRY
TXN102735,CUST3615,17819.92,CARD,FAILED,BANK_DECLINE,2026-08-20 00:12:48.314360,1,60,MEDIUM,91.33333333333333,16275.52693333333,RETRY
TXN102651,CUST3308,42322.74,CARD,FAILED,NETWORK_ERROR,2026-08-08 04:15:48.314360,1,75,HIGH,38.0,16082.6412,DO_NOT_RETRY
TXN103008,CUST9940,48094.75,CARD,FAILED,BANK_DECLINE,2026-07-30 22:18:48.314360,3,60,MEDIUM,33.33333333333333,16031.58333333333,DO_NOT_RETRY
TXN103912,CUST3365,42158.04,UPI,FAILED,LIMIT_EXCEEDED,2026-08-05 14:27:48.314360,2,60,MEDIUM,38.0,16020.0552,DO_NOT_RETRY
TXN101076,CUST7429,22376.07,NETBANKING,FAILED,INSUFFICIENT_FUNDS,2026-08-08 02:08:48.314360,2,55,MEDIUM,71.33333333333334,15961.5966,ALTERNATE_METHOD
TXN100802,CUST8344,15924.39,NETBANKING,FAILED,LIMIT_EXCEEDED,2026-08-08 14:57:48.314360,0,60,MEDIUM,100.0,15924.39,RETRY
TXN103370,CUST2236,15879.02,NETBANKING,FAILED,LIMIT_EXCEEDED,2026-08-09 13:21:48.314360,0,60,MEDIUM,100.0,15879.02,RETRY
TXN102078,CUST5344,18741.96,CARD,FAILED,NETWORK_ERROR,2026-08-05 14:24:48.314360,3,55,MEDIUM,84.66666666666667,15868.192799999999,ALTERNATE_METHOD
TXN100748,CUST7576,20436.83,CARD,FAILED,NETWORK_ERROR,2026-08-17 03:05:48.314360,3,65,MEDIUM,77.33333333333333,15804.481866666667,ALTERNATE_METHOD
TXN102960,CUST6599,42294.42,UPI,FAILED,TIMEOUT,2026-08-15 09:23:48.314360,0,85,HIGH,37.333333333333336,15789.9168,DO_NOT_RETRY
TXN100082,CUST8728,16960.76,WALLET,FAILED,TIMEOUT,2026-08-11 17:56:48.314360,0,75,HIGH,92.66666666666666,15716.97093333333,RETRY
TXN104986,CUST1094,42809.12,UPI,FAILED,BANK_DECLINE,2026-08-16 11:42:48.314360,1,70,HIGH,36.666666666666664,15696.677333333333,DO_NOT_RETRY
TXN100458,CUST5097,16887.14,NETBANKING,FAILED,TIMEOUT,2026-08-13 02:11:48.314360,1,70,HIGH,92.66666666666666,15648.74973333333,RETRY
TXN101726,CUST1661,19856.83,UPI,FAILED,BANK_DECLINE,2026-08-19 01:01:48.314360,2,55,MEDIUM,78.0,15488.327400000002,ALTERNATE_METHOD
TXN100095,CUST4291,19843.54,UPI,FAILED,BANK_DECLINE,2026-08-12 06:56:48.314360,2,55,MEDIUM,78.0,15477.961200000002,ALTERNATE_METHOD
TXN101435,CUST4452,35654.94,UPI,FAILED,NETWORK_ERROR,2026-08-01 13:03:48.314360,2,70,HIGH,43.333333333333336,15450.474000000002,DO_NOT_RETRY
TXN100789,CUST4507,39896.51,NETBANKING,FAILED,TIMEOUT,2026-08-17 10:07:48.314360,2,75,HIGH,38.666666666666664,15426.650533333333,DO_NOT_RETRY
TXN100772,CUST8905,15843.81,NETBANKING,FAILED,NETWORK_ERROR,2026-08-24 03:12:48.314360,1,65,MEDIUM,96.66666666666667,15315.682999999999,RETRY
TXN101612,CUST8137,20074.93,CARD,FAILED,LIMIT_EXCEEDED,2026-08-20 08:07:48.314360,0,70,HIGH,76.0,15256.9468,RETRY
TXN103823,CUST1666,18317.14,NETBANKING,FAILED,TIMEOUT,2026-08-23 23:58:48.314360,2,65,MEDIUM,82.66666666666667,15142.169066666665,ALTERNATE_METHOD
TXN104545,CUST3658,22633.05,UPI,FAILED,TIMEOUT,2026-08-27 13:29:48.314360,3,70,HIGH,66.66666666666666,15088.699999999995,ALTERNATE_METHOD
TXN102035,CUST6257,34638.09,CARD,FAILED,TIMEOUT,2026-07-31 02:36:48.314360,0,85,HIGH,43.333333333333336,15009.838999999998,DO_NOT_RETRY
TXN101757,CUST3930,17715.58,CARD,FAILED,BANK_DECLINE,2026-08-16 06:54:48.314360,0,65,MEDIUM,84.66666666666667,14999.191066666668,RETRY
TXN102234,CUST5111,16416.34,UPI,FAILED,NETWORK_ERROR,2026-08-20 19:49:48.314360,0,70,HIGH,91.33333333333333,14993.590533333334,RETRY
TXN100854,CUST8091,49964.19,WALLET,FAILED,LIMIT_EXCEEDED,2026-08-03 14:16:48.314360,1,65,MEDIUM,30.0,14989.257,DO_NOT_RETRY
TXN100514,CUST9363,18223.68,NETBANKING,FAILED,BANK_DECLINE,2026-07-31 16:59:48.314360,1,60,MEDIUM,82.0,14943.417599999999,RETRY
TXN100044,CUST4043,18052.38,UPI,FAILED,TIMEOUT,2026-08-03 12:18:48.314360,1,70,HIGH,82.66666666666667,14923.3008,RETRY
TXN101096,CUST5884,44718.14,CARD,FAILED,LIMIT_EXCEEDED,2026-08-20 22:40:48.314360,0,70,HIGH,33.33333333333333,14906.046666666663,DO_NOT_RETRY
TXN102557,CUST3497,39728.81,UPI,FAILED,NETWORK_ERROR,2026-08-05 04:21:48.314360,1,75,HIGH,37.333333333333336,14832.089066666667,DO_NOT_RETRY
TXN102948,CUST3790,15549.98,UPI,FAILED,TIMEOUT,2026-08-18 10:52:48.314360,2,65,MEDIUM,95.33333333333334,14824.314266666668,ALTERNATE_METHOD
TXN100864,CUST1254,33452.19,CARD,FAILED,NETWORK_ERROR,2026-08-10 16:33:48.314360,1,75,HIGH,44.0,14718.963600000001,DO_NOT_RETRY
TXN102820,CUST3169,49768.08,UPI,FAILED,INSUFFICIENT_FUNDS,2026-08-17 22:47:48.314360,2,55,MEDIUM,29.333333333333332,14598.6368,CUSTOMER_ACTION
TXN102525,CUST7292,17106.67,NETBANKING,FAILED,NETWORK_ERROR,2026-08-10 14:35:48.314360,0,70,HIGH,85.33333333333334,14597.691733333333,RETRY
TXN104689,CUST5016,22516.24,UPI,FAILED,TIMEOUT,2026-08-16 17:03:48.314360,3,70,HIGH,64.66666666666666,14560.501866666666,ALTERNATE_METHOD
TXN104634,CUST2690,38304.9,CARD,FAILED,INSUFFICIENT_FUNDS,2026-08-26 01:32:48.314360,1,60,MEDIUM,38.0,14555.862000000001,CUSTOMER_ACTION
TXN100261,CUST1109,18122.97,CARD,FAILED,BANK_DECLINE,2026-08-24 19:50:48.314360,2,55,MEDIUM,80.0,14498.376000000002,ALTERNATE_METHOD
TXN100395,CUST7514,41666.76,CARD,FAILED,BANK_DECLINE,2026-08-13 22:28:48.314360,0,75,HIGH,34.66666666666667,14444.476800000004,DO_NOT_RETRY
TXN100727,CUST7340,16150.12,WALLET,FAILED,LIMIT_EXCEEDED,2026-08-25 10:13:48.314360,3,45,MEDIUM,89.33333333333333,14427.440533333334,ALTERNATE_METHOD
TXN104295,CUST2688,49968.25,WALLET,FAILED,TIMEOUT,2026-08-15 03:09:48.314360,3,70,HIGH,28.666666666666668,14324.231666666667,DO_NOT_RETRY
TXN100069,CUST9887,15833.54,UPI,FAILED,BANK_DECLINE,2026-08-07 14:29:48.314360,0,65,MEDIUM,89.33333333333333,14144.629066666666,RETRY
TXN102575,CUST9232,43438.58,WALLET,FAILED,LIMIT_EXCEEDED,2026-08-19 21:20:48.314360,0,70,HIGH,32.0,13900.3456,DO_NOT_RETRY
TXN103899,CUST1339,36691.33,NETBANKING,FAILED,NETWORK_ERROR,2026-08-23 19:03:48.314360,1,75,HIGH,37.333333333333336,13698.096533333335,DO_NOT_RETRY
TXN101733,CUST4616,15107.93,WALLET,FAILED,TIMEOUT,2026-08-19 18:11:48.314360,0,75,HIGH,90.66666666666666,13697.856533333334,RETRY
TXN101185,CUST4779,16696.55,NETBANKING,FAILED,BANK_DECLINE,2026-08-26 05:32:48.314360,1,60,MEDIUM,82.0,13691.170999999998,RETRY
TXN101696,CUST1250,40989.5,WALLET,FAILED,TIMEOUT,2026-08-27 03:51:48.314360,1,80,HIGH,33.33333333333333,13663.166666666664,DO_NOT_RETRY
TXN104438,CUST1729,20223.26,WALLET,FAILED,INSUFFICIENT_FUNDS,2026-07-31 00:41:48.314360,0,65,MEDIUM,67.33333333333333,13616.995066666666,ALTERNATE_METHOD
TXN100286,CUST3323,46367.8,UPI,FAILED,BANK_DECLINE,2026-08-09 12:04:48.314360,3,60,MEDIUM,29.333333333333332,13601.221333333335,DO_NOT_RETRY
TXN102845,CUST4259,17381.41,WALLET,FAILED,BANK_DECLINE,2026-08-14 17:32:48.314360,1,60,MEDIUM,78.0,13557.4998,RETRY
TXN101086,CUST7758,49161.07,CARD,FAILED,LIMIT_EXCEEDED,2026-08-22 10:56:48.314360,2,60,MEDIUM,27.333333333333332,13437.359133333332,DO_NOT_RETRY
TXN100878,CUST4961,42595.13,NETBANKING,FAILED,NETWORK_ERROR,2026-08-11 21:35:48.314360,2,70,HIGH,31.333333333333336,13346.474066666668,DO_NOT_RETRY
TXN103923,CUST4959,14744.51,WALLET,FAILED,TIMEOUT,2026-08-06 05:52:48.314360,0,75,HIGH,90.0,13270.059000000001,RETRY
TXN103157,CUST5387,14580.75,UPI,FAILED,NETWORK_ERROR,2026-08-10 05:40:48.314360,1,65,MEDIUM,90.66666666666666,13219.88,RETRY
TXN101046,CUST7402,16034.5,CARD,FAILED,LIMIT_EXCEEDED,2026-08-28 20:44:48.314360,0,60,MEDIUM,82.0,13148.289999999999,RETRY
TXN101895,CUST8354,35327.44,CARD,FAILED,LIMIT_EXCEEDED,2026-08-21 07:50:48.314360,1,65,MEDIUM,36.666666666666664,12953.394666666667,DO_NOT_RETRY
TXN100852,CUST8826,18488.66,UPI,FAILED,NETWORK_ERROR,2026-08-25 15:03:48.314360,3,55,MEDIUM,70.0,12942.062,ALTERNATE_METHOD
TXN103241,CUST1565,15339.85,NETBANKING,FAILED,TIMEOUT,2026-08-09 16:40:48.314360,1,70,HIGH,84.0,12885.474,RETRY
TXN101101,CUST3255,47011.16,NETBANKING,FAILED,TIMEOUT,2026-08-17 05:27:48.314360,3,70,HIGH,27.333333333333332,12849.717066666666,DO_NOT_RETRY
TXN101377,CUST3515,28960.2,WALLET,FAILED,LIMIT_EXCEEDED,2026-08-11 06:53:48.314360,2,60,MEDIUM,44.0,12742.488000000001,DO_NOT_RETRY
TXN101209,CUST5564,45498.93,UPI,FAILED,NETWORK_ERROR,2026-08-16 15:05:48.314360,3,65,MEDIUM,28.000000000000004,12739.700400000002,DO_NOT_RETRY
TXN104143,CUST7457,15373.09,WALLET,FAILED,TIMEOUT,2026-08-19 14:41:48.314360,2,65,MEDIUM,82.66666666666667,12708.421066666666,ALTERNATE_METHOD
TXN100397,CUST4739,19390.89,CARD,FAILED,LIMIT_EXCEEDED,2026-08-12 00:27:48.314360,3,45,MEDIUM,65.33333333333333,12668.7148,ALTERNATE_METHOD
TXN104308,CUST4250,13825.38,NETBANKING,FAILED,TIMEOUT,2026-07-31 21:59:48.314360,0,75,HIGH,91.33333333333333,12627.1804,RETRY
TXN101233,CUST1724,15343.32,WALLET,FAILED,INSUFFICIENT_FUNDS,2026-08-24 23:22:48.314360,2,45,MEDIUM,82.0,12581.5224,ALTERNATE_METHOD
TXN104162,CUST7667,13035.68,UPI,FAILED,TIMEOUT,2026-08-02 09:19:48.314360,0,75,HIGH,96.0,12514.2528,RETRY
TXN102937,CUST9487,15661.35,UPI,FAILED,BANK_DECLINE,2026-08-19 17:02:48.314360,1,60,MEDIUM,79.33333333333333,12424.671,RETRY
TXN101589,CUST4443,38780.75,WALLET,FAILED,TIMEOUT,2026-08-01 23:21:48.314360,3,70,HIGH,32.0,12409.84,DO_NOT_RETRY
TXN104446,CUST4233,35729.32,WALLET,FAILED,LIMIT_EXCEEDED,2026-08-20 20:53:48.314360,2,60,MEDIUM,34.66666666666667,12386.164266666668,DO_NOT_RETRY
TXN100035,CUST8145,13233.55,WALLET,FAILED,LIMIT_EXCEEDED,2026-08-20 08:50:48.314360,3,45,MEDIUM,93.33333333333333,12351.313333333332,ALTERNATE_METHOD
TXN101032,CUST2186,13214.23,WALLET,FAILED,LIMIT_EXCEEDED,2026-08-15 03:55:48.314360,3,45,MEDIUM,93.33333333333333,12333.281333333332,ALTERNATE_METHOD
TXN103850,CUST9786,42238.1,CARD,FAILED,INSUFFICIENT_FUNDS,2026-08-03 01:07:48.314360,0,65,MEDIUM,28.666666666666668,12108.255333333333,CUSTOMER_ACTION
TXN102675,CUST1359,12599.6,WALLET,FAILED,NETWORK_ERROR,2026-08-11 08:50:48.314360,1,65,MEDIUM,96.0,12095.616,RETRY
TXN104911,CUST6473,40758.08,CARD,FAILED,INSUFFICIENT_FUNDS,2026-07-31 11:39:48.314360,0,65,MEDIUM,29.333333333333332,11955.703466666668,CUSTOMER_ACTION
TXN104997,CUST4460,41461.85,UPI,FAILED,NETWORK_ERROR,2026-08-22 06:25:48.314360,3,65,MEDIUM,28.666666666666668,11885.730333333333,DO_NOT_RETRY
TXN103559,CUST5162,13849.35,WALLET,FAILED,BANK_DECLINE,2026-08-21 16:38:48.314360,0,65,MEDIUM,85.33333333333334,11818.112000000001,RETRY
TXN100187,CUST9039,35382.73,WALLET,FAILED,NETWORK_ERROR,2026-08-10 03:25:48.314360,1,75,HIGH,32.666666666666664,11558.358466666668,DO_NOT_RETRY
TXN104959,CUST6766,45501.2,CARD,FAILED,LIMIT_EXCEEDED,2026-08-26 08:16:48.314360,2,60,MEDIUM,25.333333333333336,11526.970666666666,DO_NOT_RETRY
TXN103816,CUST1354,28737.95,UPI,FAILED,NETWORK_ERROR,2026-08-15 09:43:48.314360,2,70,HIGH,40.0,11495.18,DO_NOT_RETRY
TXN101883,CUST3699,47895.11,NETBANKING,FAILED,NETWORK_ERROR,2026-08-09 04:16:48.314360,0,80,HIGH,24.0,11494.8264,DO_NOT_RETRY
TXN101111,CUST8330,27237.39,CARD,FAILED,BANK_DECLINE,2026-08-05 22:01:48.314360,0,75,HIGH,42.0,11439.7038,DO_NOT_RETRY
TXN101301,CUST1704,23086.75,NETBANKING,FAILED,NETWORK_ERROR,2026-08-27 03:33:48.314360,2,70,HIGH,49.333333333333336,11389.463333333333,DO_NOT_RETRY
TXN100056,CUST7996,36315.29,WALLET,FAILED,TIMEOUT,2026-08-26 23:58:48.314360,3,70,HIGH,31.333333333333336,11378.790866666668,DO_NOT_RETRY
TXN103597,CUST9798,13315.04,UPI,FAILED,NETWORK_ERROR,2026-08-12 16:54:48.314360,1,65,MEDIUM,85.33333333333334,11362.167466666668,RETRY
TXN100439,CUST9222,31327.48,WALLET,FAILED,LIMIT_EXCEEDED,2026-08-11 19:02:48.314360,0,70,HIGH,36.0,11277.8928,DO_NOT_RETRY
TXN100483,CUST6497,49064.36,WALLET,FAILED,INSUFFICIENT_FUNDS,2026-08-23 15:59:48.314360,1,60,MEDIUM,22.666666666666664,11121.254933333334,CUSTOMER_ACTION
TXN104738,CUST1963,13798.84,WALLET,FAILED,NETWORK_ERROR,2026-08-04 09:06:48.314360,1,65,MEDIUM,80.0,11039.072,RETRY
TXN102677,CUST2481,14611.3,UPI,FAILED,NETWORK_ERROR,2026-08-12 10:20:48.314360,2,60,MEDIUM,74.66666666666667,10909.770666666667,ALTERNATE_METHOD
TXN102495,CUST6755,14328.85,CARD,FAILED,BANK_DECLINE,2026-08-10 18:12:48.314360,1,60,MEDIUM,76.0,10889.926000000001,RETRY
TXN103183,CUST7445,30767.94,UPI,FAILED,BANK_DECLINE,2026-08-27 20:37:48.314360,1,70,HIGH,35.333333333333336,10871.3388,DO_NOT_RETRY
TXN101045,CUST5823,15288.88,CARD,FAILED,NETWORK_ERROR,2026-08-27 18:47:48.314360,3,55,MEDIUM,70.66666666666667,10804.141866666667,ALTERNATE_METHOD
TXN102676,CUST4780,38534.7,UPI,FAILED,NETWORK_ERROR,2026-08-06 01:32:48.314360,0,80,HIGH,28.000000000000004,10789.716,DO_NOT_RETRY
TXN103355,CUST6076,32343.76,CARD,FAILED,TIMEOUT,2026-08-01 01:31:48.314360,3,70,HIGH,33.33333333333333,10781.25333333333,DO_NOT_RETRY
TXN102452,CUST7081,44808.66,UPI,FAILED,TIMEOUT,2026-08-03 18:44:48.314360,2,75,HIGH,24.0,10754.0784,DO_NOT_RETRY
TXN102363,CUST9505,11333.26,UPI,FAILED,TIMEOUT,2026-08-26 02:49:48.314360,0,75,HIGH,94.66666666666667,10728.819466666668,RETRY
TXN103853,CUST5234,39837.39,CARD,FAILED,LIMIT_EXCEEDED,2026-08-01 15:57:48.314360,1,65,MEDIUM,26.666666666666668,10623.304,DO_NOT_RETRY
TXN102059,CUST4747,12805.7,WALLET,FAILED,BANK_DECLINE,2026-08-26 19:51:48.314360,0,65,MEDIUM,82.66666666666667,10586.045333333333,RETRY
TXN101034,CUST3061,13639.29,UPI,FAILED,TIMEOUT,2026-08-21 22:21:48.314360,3,60,MEDIUM,76.66666666666667,10456.789,ALTERNATE_METHOD
TXN101786,CUST4727,13997.21,NETBANKING,FAILED,LIMIT_EXCEEDED,2026-08-23 21:53:48.314360,2,50,MEDIUM,74.66666666666667,10451.250133333333,ALTERNATE_METHOD
TXN103410,CUST4499,12928.21,WALLET,FAILED,INSUFFICIENT_FUNDS,2026-08-14 17:40:48.314360,2,45,MEDIUM,80.66666666666666,10428.756066666665,ALTERNATE_METHOD
TXN103016,CUST7224,47360.39,CARD,FAILED,TIMEOUT,2026-08-11 15:55:48.314360,3,70,HIGH,22.0,10419.2858,DO_NOT_RETRY
TXN101316,CUST1816,28583.45,CARD,FAILED,INSUFFICIENT_FUNDS,2026-08-25 20:42:48.314360,1,60,MEDIUM,36.0,10290.042,CUSTOMER_ACTION
TXN103813,CUST5366,10724.05,WALLET,FAILED,NETWORK_ERROR,2026-08-19 07:33:48.314360,1,65,MEDIUM,95.33333333333334,10223.594333333334,RETRY
TXN104503,CUST9089,10710.19,CARD,FAILED,TIMEOUT,2026-08-14 19:48:48.314360,2,65,MEDIUM,95.33333333333334,10210.381133333336,ALTERNATE_METHOD
TXN104450,CUST9783,41377.81,WALLET,FAILED,TIMEOUT,2026-08-07 20:23:48.314360,2,75,HIGH,24.666666666666668,10206.526466666666,DO_NOT_RETRY
TXN100716,CUST3276,43539.89,WALLET,FAILED,TIMEOUT,2026-08-26 00:00:48.314360,3,70,HIGH,23.333333333333332,10159.307666666666,DO_NOT_RETRY
TXN101838,CUST8343,41068.11,CARD,FAILED,LIMIT_EXCEEDED,2026-08-15 18:12:48.314360,3,55,MEDIUM,24.666666666666668,10130.1338,DO_NOT_RETRY
TXN104555,CUST4599,43004.05,CARD,FAILED,LIMIT_EXCEEDED,2026-08-21 03:10:48.314360,2,60,MEDIUM,23.333333333333332,10034.278333333334,DO_NOT_RETRY
TXN102253,CUST5836,27364.95,WALLET,FAILED,NETWORK_ERROR,2026-08-25 02:35:48.314360,0,80,HIGH,36.0,9851.382,DO_NOT_RETRY
TXN101296,CUST6390,14645.7,NETBANKING,FAILED,TIMEOUT,2026-08-20 06:29:48.314360,1,70,HIGH,66.66666666666666,9763.799999999997,ALTERNATE_METHOD
TXN100670,CUST8237,40451.63,WALLET,FAILED,INSUFFICIENT_FUNDS,2026-08-17 12:35:48.314360,1,60,MEDIUM,24.0,9708.391199999998,CUSTOMER_ACTION
TXN104976,CUST3216,33843.51,CARD,FAILED,LIMIT_EXCEEDED,2026-08-05 06:37:48.314360,3,55,MEDIUM,28.666666666666668,9701.8062,DO_NOT_RETRY
TXN101165,CUST5268,40232.59,WALLET,FAILED,INSUFFICIENT_FUNDS,2026-08-08 11:53:48.314360,1,60,MEDIUM,24.0,9655.8216,CUSTOMER_ACTION
TXN102271,CUST5724,22357.56,CARD,FAILED,NETWORK_ERROR,2026-08-23 18:04:48.314360,1,75,HIGH,42.66666666666667,9539.225600000002,DO_NOT_RETRY
TXN103553,CUST4398,25402.54,WALLET,FAILED,NETWORK_ERROR,2026-08-07 17:45:48.314360,0,80,HIGH,37.333333333333336,9483.614933333334,DO_NOT_RETRY
TXN103659,CUST4015,21862.37,WALLET,FAILED,BANK_DECLINE,2026-08-01 18:49:48.314360,3,60,MEDIUM,43.333333333333336,9473.693666666666,DO_NOT_RETRY
TXN102163,CUST4844,10276.09,CARD,FAILED,BANK_DECLINE,2026-08-02 05:59:48.314360,1,60,MEDIUM,92.0,9454.0028,RETRY
TXN103072,CUST5624,17201.01,NETBANKING,FAILED,NETWORK_ERROR,2026-08-05 02:26:48.314360,3,55,MEDIUM,54.666666666666664,9403.218799999999,ALTERNATE_METHOD
TXN104507,CUST7023,38042.64,UPI,FAILED,INSUFFICIENT_FUNDS,2026-07-30 23:24:48.314360,0,65,MEDIUM,24.666666666666668,9383.851200000001,CUSTOMER_ACTION
TXN104127,CUST9117,14934.91,NETBANKING,FAILED,NETWORK_ERROR,2026-08-17 16:36:48.314360,0,70,HIGH,62.66666666666667,9359.210266666667,ALTERNATE_METHOD
TXN100972,CUST8916,10241.73,CARD,FAILED,NETWORK_ERROR,2026-08-25 07:22:48.314360,0,70,HIGH,91.33333333333333,9354.1134,RETRY
TXN100243,CUST7739,12403.46,CARD,FAILED,LIMIT_EXCEEDED,2026-08-17 05:47:48.314360,1,55,MEDIUM,75.33333333333333,9343.939866666666,RETRY
TXN104727,CUST5138,30467.09,CARD,FAILED,BANK_DECLINE,2026-08-02 22:59:48.314360,3,60,MEDIUM,30.666666666666664,9343.240933333333,DO_NOT_RETRY
TXN104472,CUST7228,25858.71,WALLET,FAILED,INSUFFICIENT_FUNDS,2026-08-07 11:15:48.314360,2,55,MEDIUM,36.0,9309.1356,CUSTOMER_ACTION
TXN102901,CUST6608,17002.79,NETBANKING,FAILED,NETWORK_ERROR,2026-08-13 20:12:48.314360,3,55,MEDIUM,54.666666666666664,9294.858533333334,ALTERNATE_METHOD
TXN104937,CUST9055,29436.27,CARD,FAILED,NETWORK_ERROR,2026-08-14 13:09:48.314360,2,70,HIGH,31.333333333333336,9223.3646,DO_NOT_RETRY
TXN102504,CUST6512,29943.85,WALLET,FAILED,TIMEOUT,2026-07-30 12:17:48.314360,1,80,HIGH,30.666666666666664,9182.780666666666,DO_NOT_RETRY
TXN103975,CUST7353,11158.84,UPI,FAILED,TIMEOUT,2026-08-10 18:18:48.314360,2,65,MEDIUM,82.0,9150.2488,ALTERNATE_METHOD
TXN104182,CUST3254,11249.27,WALLET,FAILED,LIMIT_EXCEEDED,2026-08-13 06:17:48.314360,2,50,MEDIUM,81.33333333333333,9149.406266666667,ALTERNATE_METHOD
TXN102118,CUST2476,27313.01,CARD,FAILED,INSUFFICIENT_FUNDS,2026-07-31 00:18:48.314360,0,65,MEDIUM,33.33333333333333,9104.336666666664,CUSTOMER_ACTION
TXN100678,CUST4787,11850.27,CARD,FAILED,INSUFFICIENT_FUNDS,2026-08-22 12:00:48.314360,0,55,MEDIUM,76.66666666666667,9085.207,RETRY
TXN101749,CUST1082,32398.46,NETBANKING,FAILED,LIMIT_EXCEEDED,2026-08-03 03:04:48.314360,2,60,MEDIUM,28.000000000000004,9071.568800000001,DO_NOT_RETRY
TXN102344,CUST8699,33863.71,CARD,FAILED,BANK_DECLINE,2026-08-11 08:06:48.314360,2,65,MEDIUM,26.666666666666668,9030.322666666667,DO_NOT_RETRY
TXN100956,CUST9569,16006.35,CARD,FAILED,INSUFFICIENT_FUNDS,2026-08-19 03:20:48.314360,0,55,MEDIUM,55.333333333333336,8856.847,ALTERNATE_METHOD
TXN102453,CUST7879,25518.71,NETBANKING,FAILED,NETWORK_ERROR,2026-08-01 08:55:48.314360,3,65,MEDIUM,34.66666666666667,8846.486133333336,DO_NOT_RETRY
TXN100190,CUST3946,10142.15,CARD,FAILED,NETWORK_ERROR,2026-08-15 04:26:48.314360,2,60,MEDIUM,86.66666666666667,8789.863333333333,ALTERNATE_METHOD
TXN103980,CUST4364,42296.39,WALLET,FAILED,INSUFFICIENT_FUNDS,2026-08-25 02:34:48.314360,3,50,MEDIUM,20.666666666666668,8741.253933333333,CUSTOMER_ACTION
TXN104487,CUST7627,10888.0,CARD,FAILED,BANK_DECLINE,2026-08-14 06:22:48.314360,3,50,MEDIUM,80.0,8710.4,ALTERNATE_METHOD
TXN101053,CUST1378,48206.89,UPI,FAILED,BANK_DECLINE,2026-08-18 12:58:48.314360,1,70,HIGH,18.0,8677.2402,DO_NOT_RETRY
TXN104346,CUST9550,25938.9,CARD,FAILED,BANK_DECLINE,2026-08-26 08:35:48.314360,1,70,HIGH,33.33333333333333,8646.3,DO_NOT_RETRY
TXN102784,CUST8962,37921.95,CARD,FAILED,BANK_DECLINE,2026-08-20 22:32:48.314360,1,70,HIGH,22.666666666666664,8595.641999999998,DO_NOT_RETRY
TXN103637,CUST3530,22239.18,NETBANKING,FAILED,NETWORK_ERROR,2026-08-09 18:24:48.314360,2,70,HIGH,38.0,8450.8884,DO_NOT_RETRY
TXN100798,CUST2553,26886.62,CARD,FAILED,BANK_DECLINE,2026-08-27 21:35:48.314360,2,65,MEDIUM,31.333333333333336,8424.474266666666,DO_NOT_RETRY
TXN104236,CUST2844,43526.62,WALLET,FAILED,INSUFFICIENT_FUNDS,2026-08-06 16:08:48.314360,3,50,MEDIUM,19.333333333333332,8415.146533333334,CUSTOMER_ACTION
TXN101022,CUST6065,29288.85,CARD,FAILED,BANK_DECLINE,2026-08-12 16:27:48.314360,3,60,MEDIUM,28.666666666666668,8396.137,DO_NOT_RETRY
TXN104696,CUST7762,41752.22,WALLET,FAILED,BANK_DECLINE,2026-08-25 12:19:48.314360,3,60,MEDIUM,20.0,8350.444000000001,DO_NOT_RETRY
TXN102998,CUST2938,25450.39,UPI,FAILED,LIMIT_EXCEEDED,2026-08-20 11:38:48.314360,2,60,MEDIUM,32.666666666666664,8313.794066666665,DO_NOT_RETRY
TXN103876,CUST7653,26870.25,NETBANKING,FAILED,TIMEOUT,2026-08-16 13:38:48.314360,2,75,HIGH,30.666666666666664,8240.21,DO_NOT_RETRY
TXN101710,CUST8634,42450.77,CARD,FAILED,LIMIT_EXCEEDED,2026-08-11 22:59:48.314360,0,70,HIGH,19.333333333333332,8207.148866666666,DO_NOT_RETRY
TXN100541,CUST8562,36088.88,NETBANKING,FAILED,BANK_DECLINE,2026-07-31 07:31:48.314360,1,70,HIGH,22.666666666666664,8180.146133333333,DO_NOT_RETRY
TXN102853,CUST7042,27636.41,WALLET,FAILED,BANK_DECLINE,2026-08-23 12:50:48.314360,3,60,MEDIUM,29.333333333333332,8106.680266666666,DO_NOT_RETRY
TXN102465,CUST1042,15900.17,NETBANKING,FAILED,NETWORK_ERROR,2026-08-13 01:50:48.314360,3,55,MEDIUM,50.66666666666667,8056.086133333334,ALTERNATE_METHOD
TXN102767,CUST6432,15091.34,NETBANKING,FAILED,NETWORK_ERROR,2026-08-02 12:08:48.314360,2,60,MEDIUM,53.333333333333336,8048.714666666667,ALTERNATE_METHOD
TXN100301,CUST2573,25542.09,UPI,FAILED,INSUFFICIENT_FUNDS,2026-08-13 17:20:48.314360,0,65,MEDIUM,31.333333333333336,8003.1882000000005,CUSTOMER_ACTION
TXN101989,CUST4458,24891.41,WALLET,FAILED,TIMEOUT,2026-08-17 07:53:48.314360,0,85,HIGH,32.0,7965.2512,DO_NOT_RETRY
TXN102544,CUST2852,38211.67,UPI,FAILED,TIMEOUT,2026-08-15 18:31:48.314360,2,75,HIGH,20.666666666666668,7897.078466666666,DO_NOT_RETRY
TXN102667,CUST4421,10476.24,CARD,FAILED,LIMIT_EXCEEDED,2026-08-26 15:43:48.314360,0,60,MEDIUM,75.33333333333333,7892.100799999999,RETRY
TXN103330,CUST4106,8523.16,NETBANKING,FAILED,NETWORK_ERROR,2026-08-09 20:01:48.314360,1,55,MEDIUM,92.0,7841.3072,RETRY
TXN100428,CUST2333,36597.55,WALLET,FAILED,LIMIT_EXCEEDED,2026-08-03 20:53:48.314360,2,60,MEDIUM,21.333333333333336,7807.477333333334,DO_NOT_RETRY
TXN100858,CUST8838,41786.08,WALLET,FAILED,TIMEOUT,2026-08-09 04:43:48.314360,3,70,HIGH,18.666666666666668,7800.068266666667,DO_NOT_RETRY
TXN103953,CUST5353,17996.69,UPI,FAILED,TIMEOUT,2026-08-17 16:11:48.314360,0,75,HIGH,43.333333333333336,7798.565666666666,DO_NOT_RETRY
TXN102211,CUST6257,18502.94,UPI,FAILED,BANK_DECLINE,2026-08-24 13:50:48.314360,3,50,MEDIUM,42.0,7771.234799999999,DO_NOT_RETRY
TXN100747,CUST4103,33275.09,CARD,FAILED,INSUFFICIENT_FUNDS,2026-08-12 19:20:48.314360,0,65,MEDIUM,23.333333333333332,7764.187666666665,CUSTOMER_ACTION
TXN100970,CUST9563,9454.11,WALLET,FAILED,INSUFFICIENT_FUNDS,2026-08-10 03:25:48.314360,1,40,LOW,82.0,7752.3702,RETRY
TXN100339,CUST4760,46085.56,WALLET,FAILED,INSUFFICIENT_FUNDS,2026-08-04 08:48:48.314360,1,60,MEDIUM,16.666666666666664,7680.9266666666645,CUSTOMER_ACTION
TXN100902,CUST4176,30296.71,CARD,FAILED,NETWORK_ERROR,2026-07-30 18:10:48.314360,3,65,MEDIUM,25.333333333333336,7675.166533333334,DO_NOT_RETRY
TXN102329,CUST2335,8164.2,CARD,FAILED,BANK_DECLINE,2026-08-11 12:44:48.314360,3,40,LOW,92.66666666666666,7565.491999999998,ALTERNATE_METHOD
TXN103420,CUST6841,9437.47,CARD,FAILED,TIMEOUT,2026-07-30 14:25:48.314360,2,55,MEDIUM,80.0,7549.976,ALTERNATE_METHOD
TXN104454,CUST1386,49182.06,NETBANKING,FAILED,NETWORK_ERROR,2026-08-05 18:25:48.314360,2,70,HIGH,15.333333333333332,7541.249199999999,DO_NOT_RETRY
TXN102745,CUST5911,24532.77,UPI,FAILED,NETWORK_ERROR,2026-08-10 10:09:48.314360,2,70,HIGH,30.666666666666664,7523.382799999999,DO_NOT_RETRY
TXN104938,CUST6496,25537.56,CARD,FAILED,BANK_DECLINE,2026-08-03 10:38:48.314360,2,65,MEDIUM,29.333333333333332,7491.0176,DO_NOT_RETRY
TXN103991,CUST9123,10380.46,WALLET,FAILED,NETWORK_ERROR,2026-08-23 03:20:48.314360,2,60,MEDIUM,72.0,7473.931199999999,ALTERNATE_METHOD
TXN100568,CUST8032,16235.6,WALLET,FAILED,NETWORK_ERROR,2026-08-19 19:47:48.314360,1,65,MEDIUM,46.0,7468.376,DO_NOT_RETRY
TXN102711,CUST9221,8494.56,CARD,FAILED,BANK_DECLINE,2026-08-28 04:17:48.314360,2,45,MEDIUM,87.33333333333333,7418.582399999999,ALTERNATE_METHOD
TXN103927,CUST5663,33425.24,WALLET,FAILED,NETWORK_ERROR,2026-08-05 03:07:48.314360,1,75,HIGH,22.0,7353.5527999999995,DO_NOT_RETRY
TXN103190,CUST8500,8411.73,CARD,FAILED,NETWORK_ERROR,2026-08-06 17:27:48.314360,2,50,MEDIUM,87.33333333333333,7346.244199999999,ALTERNATE_METHOD
TXN104008,CUST9601,39296.44,UPI,FAILED,TIMEOUT,2026-08-12 07:42:48.314360,1,80,HIGH,18.666666666666668,7335.335466666667,DO_NOT_RETRY
TXN100559,CUST7559,7815.65,CARD,FAILED,NETWORK_ERROR,2026-08-27 19:51:48.314360,0,60,MEDIUM,93.33333333333333,7294.606666666666,RETRY
TXN103826,CUST7589,13454.14,WALLET,FAILED,LIMIT_EXCEEDED,2026-08-25 17:53:48.314360,0,60,MEDIUM,54.0,7265.2356,ALTERNATE_METHOD
TXN103910,CUST1907,45025.38,UPI,FAILED,TIMEOUT,2026-08-06 06:46:48.314360,3,70,HIGH,16.0,7204.060799999999,DO_NOT_RETRY
TXN103257,CUST3359,22042.37,CARD,FAILED,LIMIT_EXCEEDED,2026-08-08 21:39:48.314360,2,60,MEDIUM,32.666666666666664,7200.5075333333325,DO_NOT_RETRY
TXN104949,CUST2066,8117.02,WALLET,FAILED,NETWORK_ERROR,2026-08-17 18:43:48.314360,3,45,MEDIUM,88.66666666666667,7197.091066666668,ALTERNATE_METHOD
TXN101493,CUST4230,9405.96,NETBANKING,FAILED,NETWORK_ERROR,2026-08-01 09:07:48.314360,3,45,MEDIUM,76.0,7148.5296,ALTERNATE_METHOD
TXN101851,CUST9232,28767.13,NETBANKING,FAILED,TIMEOUT,2026-08-02 00:17:48.314360,3,70,HIGH,24.666666666666668,7095.892066666667,DO_NOT_RETRY
TXN103505,CUST9290,29367.98,NETBANKING,FAILED,NETWORK_ERROR,2026-08-17 20:59:48.314360,3,65,MEDIUM,24.0,7048.3152,DO_NOT_RETRY
TXN102387,CUST9060,45841.04,NETBANKING,FAILED,NETWORK_ERROR,2026-08-21 01:38:48.314360,0,80,HIGH,15.333333333333332,7028.959466666666,DO_NOT_RETRY
TXN100092,CUST4511,20079.11,CARD,FAILED,LIMIT_EXCEEDED,2026-08-05 22:26:48.314360,0,70,HIGH,34.66666666666667,6960.758133333335,DO_NOT_RETRY
TXN101927,CUST3223,9506.72,WALLET,FAILED,BANK_DECLINE,2026-08-01 22:12:48.314360,1,50,MEDIUM,72.66666666666667,6908.216533333333,ALTERNATE_METHOD
TXN100111,CUST7006,39813.38,WALLET,FAILED,NETWORK_ERROR,2026-08-07 01:08:48.314360,3,65,MEDIUM,17.333333333333336,6900.985866666668,DO_NOT_RETRY
TXN102073,CUST2971,32265.71,UPI,FAILED,TIMEOUT,2026-08-08 04:08:48.314360,1,80,HIGH,21.333333333333336,6883.351466666667,DO_NOT_RETRY
TXN102917,CUST8497,49073.53,WALLET,FAILED,LIMIT_EXCEEDED,2026-08-20 22:03:48.314360,3,55,MEDIUM,14.000000000000002,6870.2942,DO_NOT_RETRY
TXN104897,CUST1112,28560.71,WALLET,FAILED,NETWORK_ERROR,2026-08-14 08:12:48.314360,0,80,HIGH,24.0,6854.5704,DO_NOT_RETRY
TXN100267,CUST4961,44513.02,UPI,FAILED,NETWORK_ERROR,2026-08-05 04:58:48.314360,0,80,HIGH,15.333333333333332,6825.329733333332,DO_NOT_RETRY
TXN104066,CUST6974,42511.43,NETBANKING,FAILED,BANK_DECLINE,2026-08-21 14:14:48.314360,2,65,MEDIUM,16.0,6801.8288,DO_NOT_RETRY
TXN101553,CUST9361,38811.51,UPI,FAILED,INSUFFICIENT_FUNDS,2026-08-09 21:16:48.314360,1,60,MEDIUM,17.333333333333336,6727.328400000001,CUSTOMER_ACTION
TXN102084,CUST1536,33633.35,NETBANKING,FAILED,NETWORK_ERROR,2026-08-13 21:46:48.314360,3,65,MEDIUM,20.0,6726.67,DO_NOT_RETRY
TXN104734,CUST9205,45701.25,WALLET,FAILED,BANK_DECLINE,2026-08-14 20:57:48.314360,3,60,MEDIUM,14.666666666666666,6702.85,DO_NOT_RETRY
TXN102616,CUST9959,45678.84,UPI,FAILED,TIMEOUT,2026-08-19 19:59:48.314360,3,70,HIGH,14.666666666666666,6699.5632,DO_NOT_RETRY
TXN102897,CUST3858,38535.66,UPI,FAILED,INSUFFICIENT_FUNDS,2026-08-11 05:12:48.314360,1,60,MEDIUM,17.333333333333336,6679.514400000002,CUSTOMER_ACTION
TXN103170,CUST6021,24953.93,UPI,FAILED,TIMEOUT,2026-08-17 23:14:48.314360,1,80,HIGH,26.666666666666668,6654.381333333334,DO_NOT_RETRY
TXN103474,CUST3535,44363.28,CARD,FAILED,INSUFFICIENT_FUNDS,2026-08-10 01:06:48.314360,0,65,MEDIUM,14.666666666666666,6506.6143999999995,CUSTOMER_ACTION
TXN104882,CUST5170,30466.54,WALLET,FAILED,NETWORK_ERROR,2026-08-09 05:13:48.314360,1,75,HIGH,21.333333333333336,6499.528533333334,DO_NOT_RETRY
TXN103490,CUST9495,22239.67,CARD,FAILED,TIMEOUT,2026-08-16 17:23:48.314360,3,70,HIGH,28.666666666666668,6375.372066666667,DO_NOT_RETRY
TXN102183,CUST6160,7963.02,WALLET,FAILED,INSUFFICIENT_FUNDS,2026-08-11 12:22:48.314360,1,40,LOW,80.0,6370.416000000001,RETRY
TXN102492,CUST5869,6907.88,CARD,FAILED,NETWORK_ERROR,2026-08-18 05:52:48.314360,1,55,MEDIUM,92.0,6355.2496,RETRY
TXN104155,CUST6225,13446.27,WALLET,FAILED,TIMEOUT,2026-08-18 06:45:48.314360,0,75,HIGH,46.666666666666664,6274.9259999999995,DO_NOT_RETRY
TXN102404,CUST4913,8401.6,NETBANKING,FAILED,INSUFFICIENT_FUNDS,2026-08-19 04:52:48.314360,2,35,LOW,74.66666666666667,6273.194666666667,ALTERNATE_METHOD
TXN100350,CUST2356,49034.48,CARD,FAILED,INSUFFICIENT_FUNDS,2026-08-26 01:13:48.314360,2,55,MEDIUM,12.666666666666668,6211.0341333333345,CUSTOMER_ACTION
TXN101528,CUST1220,7812.7,UPI,FAILED,NETWORK_ERROR,2026-08-11 14:19:48.314360,1,55,MEDIUM,78.66666666666666,6145.990666666667,RETRY
TXN103957,CUST7120,41186.28,WALLET,FAILED,BANK_DECLINE,2026-08-11 12:14:48.314360,2,65,MEDIUM,14.666666666666666,6040.654399999999,DO_NOT_RETRY
TXN102187,CUST9240,16708.61,UPI,FAILED,BANK_DECLINE,2026-08-19 00:55:48.314360,2,55,MEDIUM,36.0,6015.0996,DO_NOT_RETRY
TXN104966,CUST9324,18036.78,WALLET,FAILED,LIMIT_EXCEEDED,2026-08-06 17:01:48.314360,2,50,MEDIUM,33.33333333333333,6012.259999999998,DO_NOT_RETRY
TXN100644,CUST7620,13915.41,CARD,FAILED,LIMIT_EXCEEDED,2026-08-09 17:01:48.314360,0,60,MEDIUM,42.66666666666667,5937.2416,DO_NOT_RETRY
TXN101419,CUST4439,46613.52,CARD,FAILED,BANK_DECLINE,2026-08-25 00:36:48.314360,2,65,MEDIUM,12.666666666666668,5904.3792,DO_NOT_RETRY
TXN100062,CUST3063,22661.14,CARD,FAILED,BANK_DECLINE,2026-07-30 19:38:48.314360,3,60,MEDIUM,26.0,5891.8964,DO_NOT_RETRY
TXN103196,CUST1898,30231.47,WALLET,FAILED,NETWORK_ERROR,2026-08-28 02:09:48.314360,0,80,HIGH,19.333333333333332,5844.750866666667,DO_NOT_RETRY
TXN103482,CUST3766,41571.05,UPI,FAILED,TIMEOUT,2026-08-15 23:54:48.314360,2,75,HIGH,14.000000000000002,5819.947000000001,DO_NOT_RETRY
TXN104113,CUST6089,43606.01,WALLET,FAILED,LIMIT_EXCEEDED,2026-08-04 20:55:48.314360,2,60,MEDIUM,13.333333333333334,5814.134666666667,DO_NOT_RETRY
TXN101393,CUST7714,7102.94,WALLET,FAILED,TIMEOUT,2026-08-10 04:29:48.314360,0,65,MEDIUM,81.33333333333333,5777.057866666666,RETRY
TXN104342,CUST7850,7677.27,UPI,FAILED,TIMEOUT,2026-08-27 15:15:48.314360,2,55,MEDIUM,74.0,5681.1798,ALTERNATE_METHOD
TXN103100,CUST5348,33784.92,CARD,FAILED,NETWORK_ERROR,2026-08-21 13:10:48.314360,3,65,MEDIUM,16.666666666666664,5630.819999999999,DO_NOT_RETRY
TXN102072,CUST6773,29971.65,NETBANKING,FAILED,BANK_DECLINE,2026-08-16 05:11:48.314360,3,60,MEDIUM,18.666666666666668,5594.7080000000005,DO_NOT_RETRY
TXN100565,CUST4175,25326.53,WALLET,FAILED,NETWORK_ERROR,2026-08-04 22:14:48.314360,3,65,MEDIUM,22.0,5571.8366,DO_NOT_RETRY
TXN103180,CUST5381,29804.33,WALLET,FAILED,TIMEOUT,2026-08-01 04:53:48.314360,2,75,HIGH,18.666666666666668,5563.474933333334,DO_NOT_RETRY
TXN100593,CUST3223,13031.27,NETBANKING,FAILED,NETWORK_ERROR,2026-08-06 00:00:48.314360,0,70,HIGH,42.0,5473.1334,DO_NOT_RETRY
TXN103089,CUST2968,47579.91,WALLET,FAILED,LIMIT_EXCEEDED,2026-08-08 15:33:48.314360,3,55,MEDIUM,11.333333333333332,5392.3898,DO_NOT_RETRY
TXN102215,CUST5420,6233.33,UPI,FAILED,TIMEOUT,2026-08-14 04:40:48.314360,2,55,MEDIUM,85.33333333333334,5319.108266666667,ALTERNATE_METHOD
TXN100626,CUST9148,30625.09,NETBANKING,FAILED,LIMIT_EXCEEDED,2026-08-02 17:30:48.314360,1,65,MEDIUM,17.333333333333336,5308.348933333335,DO_NOT_RETRY
TXN104254,CUST8735,49740.32,WALLET,FAILED,INSUFFICIENT_FUNDS,2026-08-06 19:12:48.314360,3,50,MEDIUM,10.666666666666668,5305.634133333334,CUSTOMER_ACTION
TXN104227,CUST6875,6016.72,CARD,FAILED,NETWORK_ERROR,2026-08-17 03:46:48.314360,1,55,MEDIUM,88.0,5294.7136,RETRY
TXN101935,CUST5152,28319.51,WALLET,FAILED,NETWORK_ERROR,2026-08-28 20:44:48.314360,2,70,HIGH,18.666666666666668,5286.308533333333,DO_NOT_RETRY
TXN102630,CUST5344,19787.81,CARD,FAILED,LIMIT_EXCEEDED,2026-08-27 12:18:48.314360,1,55,MEDIUM,26.666666666666668,5276.749333333333,DO_NOT_RETRY
TXN102054,CUST6891,15217.9,NETBANKING,FAILED,TIMEOUT,2026-08-12 02:49:48.314360,2,65,MEDIUM,34.66666666666667,5275.538666666667,DO_NOT_RETRY
TXN100313,CUST4766,27262.9,WALLET,FAILED,NETWORK_ERROR,2026-08-03 14:58:48.314360,2,70,HIGH,19.333333333333332,5270.827333333334,DO_NOT_RETRY
TXN102944,CUST4109,46494.53,UPI,FAILED,NETWORK_ERROR,2026-08-04 03:37:48.314360,0,80,HIGH,11.333333333333332,5269.380066666667,DO_NOT_RETRY
TXN100476,CUST6100,5693.65,NETBANKING,FAILED,NETWORK_ERROR,2026-08-19 14:35:48.314360,0,60,MEDIUM,92.0,5238.157999999999,RETRY
TXN100529,CUST7596,12071.23,NETBANKING,FAILED,NETWORK_ERROR,2026-08-03 05:32:48.314360,0,70,HIGH,43.333333333333336,5230.866333333333,DO_NOT_RETRY
TXN100438,CUST3958,45714.49,NETBANKING,FAILED,BANK_DECLINE,2026-08-25 10:40:48.314360,1,70,HIGH,11.333333333333332,5180.975533333333,DO_NOT_RETRY
TXN104616,CUST1339,22841.22,NETBANKING,FAILED,TIMEOUT,2026-08-17 15:33:48.314360,2,75,HIGH,22.666666666666664,5177.3432,DO_NOT_RETRY
TXN102952,CUST7245,14976.68,NETBANKING,FAILED,TIMEOUT,2026-08-17 17:11:48.314360,2,65,MEDIUM,34.0,5092.0712,DO_NOT_RETRY
TXN103269,CUST6962,32828.52,CARD,FAILED,LIMIT_EXCEEDED,2026-08-15 02:39:48.314360,2,60,MEDIUM,15.333333333333332,5033.706399999999,DO_NOT_RETRY
TXN103989,CUST9278,38697.73,CARD,FAILED,BANK_DECLINE,2026-08-01 23:07:48.314360,1,70,HIGH,12.666666666666668,4901.712466666668,DO_NOT_RETRY
TXN100846,CUST7994,5480.71,NETBANKING,FAILED,LIMIT_EXCEEDED,2026-07-30 06:06:48.314360,0,50,MEDIUM,89.33333333333333,4896.100933333333,RETRY
TXN103663,CUST2304,20213.74,CARD,FAILED,BANK_DECLINE,2026-08-19 10:53:48.314360,0,75,HIGH,24.0,4851.2976,DO_NOT_RETRY
TXN101503,CUST3765,40144.23,UPI,FAILED,BANK_DECLINE,2026-08-26 19:34:48.314360,2,65,MEDIUM,12.0,4817.3076,DO_NOT_RETRY
TXN103992,CUST5533,15114.97,UPI,FAILED,TIMEOUT,2026-08-12 07:17:48.314360,3,60,MEDIUM,31.333333333333336,4736.023933333334,DO_NOT_RETRY
TXN102154,CUST1308,18908.27,NETBANKING,FAILED,LIMIT_EXCEEDED,2026-08-11 23:13:48.314360,2,50,MEDIUM,24.666666666666668,4664.0399333333335,DO_NOT_RETRY
TXN102607,CUST6001,41145.42,UPI,FAILED,BANK_DECLINE,2026-08-13 20:37:48.314360,2,65,MEDIUM,11.333333333333332,4663.147599999999,DO_NOT_RETRY
TXN104073,CUST4538,5417.55,CARD,FAILED,NETWORK_ERROR,2026-08-12 22:35:48.314360,3,45,MEDIUM,86.0,4659.093,ALTERNATE_METHOD
TXN100510,CUST7073,14180.2,NETBANKING,FAILED,LIMIT_EXCEEDED,2026-08-25 04:07:48.314360,1,55,MEDIUM,32.666666666666664,4632.198666666667,DO_NOT_RETRY
TXN100984,CUST5538,13947.82,WALLET,FAILED,BANK_DECLINE,2026-08-27 01:48:48.314360,1,60,MEDIUM,32.666666666666664,4556.287866666667,DO_NOT_RETRY
TXN104405,CUST1639,27169.23,WALLET,FAILED,LIMIT_EXCEEDED,2026-08-06 07:22:48.314360,1,65,MEDIUM,16.666666666666664,4528.204999999999,DO_NOT_RETRY
TXN100597,CUST6840,5466.19,CARD,FAILED,INSUFFICIENT_FUNDS,2026-08-28 01:47:48.314360,1,40,LOW,81.33333333333333,4445.834533333333,RETRY
TXN102123,CUST5744,19411.82,UPI,FAILED,NETWORK_ERROR,2026-08-06 04:36:48.314360,3,55,MEDIUM,22.666666666666664,4400.012533333333,DO_NOT_RETRY
TXN100323,CUST9418,41009.95,CARD,FAILED,NETWORK_ERROR,2026-07-30 04:05:48.314360,3,65,MEDIUM,10.666666666666668,4374.394666666667,DO_NOT_RETRY
TXN104564,CUST1760,4574.36,UPI,FAILED,TIMEOUT,2026-08-16 14:51:48.314360,1,50,MEDIUM,94.66666666666667,4330.394133333333,RETRY
TXN103207,CUST3694,45623.82,UPI,FAILED,BANK_DECLINE,2026-08-19 02:32:48.314360,2,65,MEDIUM,9.333333333333334,4258.2232,DO_NOT_RETRY
TXN100310,CUST2084,45562.59,UPI,FAILED,BANK_DECLINE,2026-08-02 08:45:48.314360,2,65,MEDIUM,9.333333333333334,4252.5084,DO_NOT_RETRY
TXN103638,CUST1595,4678.28,CARD,FAILED,LIMIT_EXCEEDED,2026-08-24 12:30:48.314360,1,35,LOW,90.66666666666666,4241.640533333333,RETRY
TXN104428,CUST3998,5092.38,UPI,FAILED,LIMIT_EXCEEDED,2026-08-18 02:06:48.314360,1,45,MEDIUM,82.66666666666667,4209.7008,RETRY
TXN100659,CUST2126,48354.27,CARD,FAILED,LIMIT_EXCEEDED,2026-08-05 21:44:48.314360,3,55,MEDIUM,8.666666666666668,4190.7034,DO_NOT_RETRY
TXN102184,CUST3303,9663.46,CARD,FAILED,BANK_DECLINE,2026-08-06 17:28:48.314360,2,45,MEDIUM,43.333333333333336,4187.499333333333,DO_NOT_RETRY
TXN102848,CUST6781,18990.94,CARD,FAILED,TIMEOUT,2026-08-13 05:46:48.314360,1,70,HIGH,22.0,4178.0068,DO_NOT_RETRY
TXN103664,CUST8306,20748.27,WALLET,FAILED,INSUFFICIENT_FUNDS,2026-08-13 18:32:48.314360,0,65,MEDIUM,20.0,4149.654,CUSTOMER_ACTION
TXN103377,CUST4629,47786.42,CARD,FAILED,BANK_DECLINE,2026-08-13 07:59:48.314360,1,70,HIGH,8.666666666666668,4141.489733333334,DO_NOT_RETRY
TXN102029,CUST9653,32425.99,WALLET,FAILED,NETWORK_ERROR,2026-07-31 18:18:48.314360,1,75,HIGH,12.666666666666668,4107.292066666667,DO_NOT_RETRY
TXN104741,CUST2203,8793.73,UPI,FAILED,NETWORK_ERROR,2026-08-26 21:31:48.314360,1,55,MEDIUM,46.666666666666664,4103.740666666666,DO_NOT_RETRY
TXN103531,CUST6520,5299.74,NETBANKING,FAILED,TIMEOUT,2026-08-17 22:48:48.314360,2,55,MEDIUM,77.33333333333333,4098.4655999999995,ALTERNATE_METHOD
TXN101565,CUST6471,33997.35,WALLET,FAILED,BANK_DECLINE,2026-08-14 19:23:48.314360,3,60,MEDIUM,12.0,4079.682,DO_NOT_RETRY
TXN104362,CUST4845,19630.74,UPI,FAILED,NETWORK_ERROR,2026-08-02 08:22:48.314360,2,60,MEDIUM,20.666666666666668,4057.0196,DO_NOT_RETRY
TXN102349,CUST5573,15123.2,UPI,FAILED,NETWORK_ERROR,2026-08-03 18:33:48.314360,3,55,MEDIUM,26.666666666666668,4032.8533333333335,DO_NOT_RETRY
TXN103954,CUST2932,4934.64,NETBANKING,FAILED,BANK_DECLINE,2026-08-26 23:31:48.314360,0,45,MEDIUM,81.33333333333333,4013.5072,RETRY
TXN100570,CUST4549,35200.72,CARD,FAILED,TIMEOUT,2026-08-05 22:48:48.314360,2,75,HIGH,11.333333333333332,3989.4149333333335,DO_NOT_RETRY
TXN102812,CUST6305,22075.27,NETBANKING,FAILED,NETWORK_ERROR,2026-07-31 17:13:48.314360,0,80,HIGH,18.0,3973.5486,DO_NOT_RETRY
TXN100073,CUST8434,21171.5,CARD,FAILED,BANK_DECLINE,2026-08-13 08:32:48.314360,3,60,MEDIUM,18.666666666666668,3952.0133333333333,DO_NOT_RETRY
TXN101155,CUST2006,48915.19,WALLET,FAILED,INSUFFICIENT_FUNDS,2026-08-24 02:45:48.314360,3,50,MEDIUM,8.0,3913.2152,CUSTOMER_ACTION
TXN104111,CUST9789,10801.82,WALLET,FAILED,INSUFFICIENT_FUNDS,2026-07-30 22:41:48.314360,2,45,MEDIUM,36.0,3888.6551999999997,CUSTOMER_ACTION
TXN100573,CUST7007,10999.54,CARD,FAILED,BANK_DECLINE,2026-08-08 22:20:48.314360,0,65,MEDIUM,35.333333333333336,3886.504133333334,DO_NOT_RETRY
TXN100684,CUST7181,23298.1,NETBANKING,FAILED,TIMEOUT,2026-08-20 04:50:48.314360,3,70,HIGH,16.666666666666664,3883.0166666666655,DO_NOT_RETRY
TXN103308,CUST7596,36008.11,WALLET,FAILED,TIMEOUT,2026-08-21 07:15:48.314360,3,70,HIGH,10.666666666666668,3840.865066666667,DO_NOT_RETRY
TXN103615,CUST9966,3918.71,NETBANKING,FAILED,NETWORK_ERROR,2026-08-04 06:02:48.314360,1,45,MEDIUM,97.33333333333334,3814.2110666666667,RETRY
TXN103243,CUST9022,3991.5,WALLET,FAILED,NETWORK_ERROR,2026-08-15 18:19:48.314360,3,35,LOW,95.33333333333334,3805.2300000000005,ALTERNATE_METHOD
TXN101499,CUST5722,33499.03,CARD,FAILED,LIMIT_EXCEEDED,2026-08-07 10:26:48.314360,2,60,MEDIUM,11.333333333333332,3796.556733333333,DO_NOT_RETRY
TXN103219,CUST9180,47417.77,CARD,FAILED,NETWORK_ERROR,2026-08-01 08:39:48.314360,3,65,MEDIUM,8.0,3793.4215999999997,DO_NOT_RETRY
TXN102719,CUST1000,28435.97,CARD,FAILED,INSUFFICIENT_FUNDS,2026-08-04 12:05:48.314360,0,65,MEDIUM,13.333333333333334,3791.462666666667,CUSTOMER_ACTION
TXN103286,CUST2746,5019.69,UPI,FAILED,TIMEOUT,2026-08-13 18:49:48.314360,2,55,MEDIUM,75.33333333333333,3781.4997999999996,ALTERNATE_METHOD
TXN101663,CUST4320,4553.12,WALLET,FAILED,TIMEOUT,2026-08-28 20:03:48.314360,2,45,MEDIUM,82.66666666666667,3763.912533333333,ALTERNATE_METHOD
TXN100920,CUST4156,4243.43,UPI,FAILED,NETWORK_ERROR,2026-08-13 14:52:48.314360,2,40,LOW,88.0,3734.2184,ALTERNATE_METHOD
TXN102530,CUST5147,34657.95,CARD,FAILED,TIMEOUT,2026-08-19 03:37:48.314360,2,75,HIGH,10.666666666666668,3696.848,DO_NOT_RETRY
TXN100213,CUST4413,36966.5,WALLET,FAILED,INSUFFICIENT_FUNDS,2026-08-18 02:27:48.314360,3,50,MEDIUM,10.0,3696.65,CUSTOMER_ACTION
TXN104595,CUST3175,10869.81,UPI,FAILED,TIMEOUT,2026-08-11 23:09:48.314360,1,70,HIGH,34.0,3695.7354,DO_NOT_RETRY
TXN102443,CUST7202,21307.46,CARD,FAILED,LIMIT_EXCEEDED,2026-08-28 12:17:48.314360,3,55,MEDIUM,17.333333333333336,3693.293066666667,DO_NOT_RETRY
TXN102275,CUST5113,42477.64,UPI,FAILED,INSUFFICIENT_FUNDS,2026-08-06 12:18:48.314360,2,55,MEDIUM,8.666666666666668,3681.3954666666673,CUSTOMER_ACTION
TXN102170,CUST4472,11689.5,NETBANKING,FAILED,LIMIT_EXCEEDED,2026-08-14 13:08:48.314360,2,50,MEDIUM,31.333333333333336,3662.71,DO_NOT_RETRY
TXN104135,CUST2953,8858.11,WALLET,FAILED,INSUFFICIENT_FUNDS,2026-08-26 07:26:48.314360,1,40,LOW,41.333333333333336,3661.3521333333338,CUSTOMER_ACTION
TXN104324,CUST2240,34062.39,NETBANKING,FAILED,LIMIT_EXCEEDED,2026-07-30 16:15:48.314360,1,65,MEDIUM,10.666666666666668,3633.3216,DO_NOT_RETRY
TXN102768,CUST1557,45340.03,WALLET,FAILED,LIMIT_EXCEEDED,2026-07-31 07:12:48.314360,1,65,MEDIUM,8.0,3627.2024,DO_NOT_RETRY
TXN102498,CUST7399,4051.17,NETBANKING,FAILED,LIMIT_EXCEEDED,2026-08-25 15:48:48.314360,0,40,LOW,89.33333333333333,3619.0452,RETRY
TXN103849,CUST9524,5071.73,WALLET,FAILED,BANK_DECLINE,2026-08-24 02:28:48.314360,0,55,MEDIUM,71.33333333333334,3617.834066666667,ALTERNATE_METHOD
TXN101649,CUST2031,4167.49,UPI,FAILED,TIMEOUT,2026-08-12 08:49:48.314360,3,40,LOW,86.66666666666667,3611.8246666666664,ALTERNATE_METHOD
TXN101579,CUST6481,25667.11,WALLET,FAILED,BANK_DECLINE,2026-08-20 11:22:48.314360,2,65,MEDIUM,14.000000000000002,3593.3954000000003,DO_NOT_RETRY
TXN102883,CUST7755,20716.48,NETBANKING,FAILED,NETWORK_ERROR,2026-08-17 05:06:48.314360,0,80,HIGH,17.333333333333336,3590.856533333334,DO_NOT_RETRY
TXN103205,CUST8369,4237.35,UPI,FAILED,NETWORK_ERROR,2026-08-07 15:01:48.314360,3,35,LOW,84.66666666666667,3587.6230000000005,ALTERNATE_METHOD
TXN104894,CUST6519,3843.63,UPI,FAILED,TIMEOUT,2026-08-10 21:48:48.314360,1,50,MEDIUM,93.33333333333333,3587.388,RETRY
TXN101752,CUST5185,22964.83,WALLET,FAILED,BANK_DECLINE,2026-08-06 18:05:48.314360,0,75,HIGH,15.333333333333332,3521.2739333333334,DO_NOT_RETRY
TXN100751,CUST5754,3827.99,UPI,FAILED,NETWORK_ERROR,2026-08-10 21:54:48.314360,3,35,LOW,91.33333333333333,3496.2308666666663,ALTERNATE_METHOD
TXN104753,CUST5586,19724.59,CARD,FAILED,BANK_DECLINE,2026-08-12 14:17:48.314360,3,50,MEDIUM,17.333333333333336,3418.928933333334,DO_NOT_RETRY
TXN103352,CUST2017,36486.51,WALLET,FAILED,INSUFFICIENT_FUNDS,2026-08-07 13:40:48.314360,3,50,MEDIUM,9.333333333333334,3405.4076000000005,CUSTOMER_ACTION
TXN100070,CUST3938,3693.63,NETBANKING,FAILED,NETWORK_ERROR,2026-08-22 11:40:48.314360,0,50,MEDIUM,90.66666666666666,3348.8912,RETRY
TXN102051,CUST6389,13517.29,UPI,FAILED,BANK_DECLINE,2026-08-23 01:35:48.314360,3,50,MEDIUM,24.666666666666668,3334.264866666667,DO_NOT_RETRY
TXN101904,CUST4101,12419.67,CARD,FAILED,INSUFFICIENT_FUNDS,2026-08-12 19:13:48.314360,1,50,MEDIUM,26.666666666666668,3311.912,CUSTOMER_ACTION
TXN103675,CUST5919,20455.86,UPI,FAILED,NETWORK_ERROR,2026-08-17 10:37:48.314360,3,65,MEDIUM,16.0,3272.9376,DO_NOT_RETRY
TXN103013,CUST1985,3918.04,CARD,FAILED,INSUFFICIENT_FUNDS,2026-08-06 07:30:48.314360,0,35,LOW,83.33333333333334,3265.0333333333338,RETRY
TXN102684,CUST4669,48772.46,NETBANKING,FAILED,INSUFFICIENT_FUNDS,2026-08-27 23:14:48.314360,3,50,MEDIUM,6.666666666666667,3251.4973333333332,CUSTOMER_ACTION
TXN102290,CUST4851,20311.9,UPI,FAILED,NETWORK_ERROR,2026-08-09 17:27:48.314360,3,65,MEDIUM,16.0,3249.9040000000005,DO_NOT_RETRY
TXN101602,CUST9724,27055.07,WALLET,FAILED,LIMIT_EXCEEDED,2026-08-25 15:34:48.314360,1,65,MEDIUM,12.0,3246.6083999999996,DO_NOT_RETRY
TXN102266,CUST3747,19175.32,UPI,FAILED,TIMEOUT,2026-08-24 09:16:48.314360,3,60,MEDIUM,16.666666666666664,3195.886666666666,DO_NOT_RETRY
TXN104953,CUST1561,13590.26,WALLET,FAILED,BANK_DECLINE,2026-08-08 15:50:48.314360,3,50,MEDIUM,23.333333333333332,3171.0606666666663,DO_NOT_RETRY
TXN101506,CUST1829,4993.45,CARD,FAILED,NETWORK_ERROR,2026-08-03 03:55:48.314360,0,50,MEDIUM,63.33333333333333,3162.518333333333,ALTERNATE_METHOD
TXN102749,CUST7726,22346.29,UPI,FAILED,NETWORK_ERROR,2026-08-25 17:36:48.314360,2,70,HIGH,14.000000000000002,3128.4806000000003,DO_NOT_RETRY
TXN103700,CUST5006,14532.03,NETBANKING,FAILED,LIMIT_EXCEEDED,2026-08-08 03:58:48.314360,1,55,MEDIUM,21.333333333333336,3100.1664000000005,DO_NOT_RETRY
TXN103698,CUST7745,16589.54,CARD,FAILED,BANK_DECLINE,2026-08-20 17:20:48.314360,3,50,MEDIUM,18.666666666666668,3096.714133333334,DO_NOT_RETRY
TXN102549,CUST8712,11284.86,WALLET,FAILED,BANK_DECLINE,2026-08-17 15:34:48.314360,2,55,MEDIUM,27.333333333333332,3084.5284,DO_NOT_RETRY
TXN101360,CUST9454,3326.27,UPI,FAILED,TIMEOUT,2026-08-21 16:57:48.314360,1,50,MEDIUM,92.66666666666666,3082.3435333333327,RETRY
TXN102431,CUST2583,3865.98,WALLET,FAILED,BANK_DECLINE,2026-08-05 22:48:48.314360,3,30,LOW,79.33333333333333,3067.0108,ALTERNATE_METHOD
TXN103839,CUST1588,10728.96,UPI,FAILED,NETWORK_ERROR,2026-08-05 04:07:48.314360,2,60,MEDIUM,28.000000000000004,3004.1088,DO_NOT_RETRY
TXN104095,CUST8500,11240.12,UPI,FAILED,LIMIT_EXCEEDED,2026-08-27 19:35:48.314360,0,60,MEDIUM,26.666666666666668,2997.3653333333336,DO_NOT_RETRY
TXN104065,CUST8506,40288.95,WALLET,FAILED,LIMIT_EXCEEDED,2026-08-27 17:53:48.314360,2,60,MEDIUM,7.333333333333333,2954.5229999999997,DO_NOT_RETRY
TXN102006,CUST9857,31584.4,UPI,FAILED,BANK_DECLINE,2026-08-25 16:38:48.314360,2,65,MEDIUM,9.333333333333334,2947.877333333334,DO_NOT_RETRY
TXN102205,CUST8604,16881.42,WALLET,FAILED,BANK_DECLINE,2026-08-20 23:50:48.314360,3,50,MEDIUM,17.333333333333336,2926.1128000000003,DO_NOT_RETRY
TXN100355,CUST1868,8249.23,CARD,FAILED,TIMEOUT,2026-08-09 02:32:48.314360,3,50,MEDIUM,35.333333333333336,2914.727933333333,DO_NOT_RETRY
TXN103851,CUST2156,43545.68,NETBANKING,FAILED,INSUFFICIENT_FUNDS,2026-08-19 21:55:48.314360,3,50,MEDIUM,6.666666666666667,2903.0453333333335,CUSTOMER_ACTION
TXN102089,CUST8705,21765.14,WALLET,FAILED,BANK_DECLINE,2026-08-01 04:03:48.314360,0,75,HIGH,13.333333333333334,2902.0186666666664,DO_NOT_RETRY
TXN104593,CUST8420,28859.64,UPI,FAILED,INSUFFICIENT_FUNDS,2026-08-24 23:52:48.314360,2,55,MEDIUM,10.0,2885.964,CUSTOMER_ACTION
TXN100440,CUST2397,20432.74,NETBANKING,FAILED,BANK_DECLINE,2026-08-01 02:43:48.314360,2,65,MEDIUM,14.000000000000002,2860.5836000000004,DO_NOT_RETRY
TXN101007,CUST1764,25033.1,CARD,FAILED,LIMIT_EXCEEDED,2026-08-10 03:04:48.314360,0,70,HIGH,11.333333333333332,2837.084666666666,DO_NOT_RETRY
TXN102415,CUST2879,3060.03,CARD,FAILED,TIMEOUT,2026-08-25 20:45:48.314360,2,45,MEDIUM,92.66666666666666,2835.6277999999998,ALTERNATE_METHOD
TXN101002,CUST9526,4955.33,WALLET,FAILED,INSUFFICIENT_FUNDS,2026-08-18 16:59:48.314360,1,30,LOW,56.666666666666664,2808.0203333333334,ALTERNATE_METHOD
TXN104807,CUST1630,41790.04,UPI,FAILED,INSUFFICIENT_FUNDS,2026-08-10 09:53:48.314360,2,55,MEDIUM,6.666666666666667,2786.0026666666668,CUSTOMER_ACTION
TXN103084,CUST4462,27721.35,CARD,FAILED,INSUFFICIENT_FUNDS,2026-08-09 00:40:48.314360,2,55,MEDIUM,10.0,2772.135,CUSTOMER_ACTION
TXN104201,CUST2849,10874.71,UPI,FAILED,LIMIT_EXCEEDED,2026-08-14 23:20:48.314360,0,60,MEDIUM,25.333333333333336,2754.9265333333333,DO_NOT_RETRY
TXN103275,CUST6252,3037.7,CARD,FAILED,INSUFFICIENT_FUNDS,2026-08-15 07:36:48.314360,1,30,LOW,90.66666666666666,2754.181333333333,RETRY
TXN104250,CUST4410,21738.5,UPI,FAILED,NETWORK_ERROR,2026-08-06 08:41:48.314360,2,70,HIGH,12.666666666666668,2753.5433333333335,DO_NOT_RETRY
TXN103374,CUST3004,41252.15,CARD,FAILED,BANK_DECLINE,2026-08-28 06:13:48.314360,2,65,MEDIUM,6.666666666666667,2750.1433333333334,DO_NOT_RETRY
TXN104623,CUST2680,5272.95,WALLET,FAILED,LIMIT_EXCEEDED,2026-08-24 23:02:48.314360,0,50,MEDIUM,51.33333333333333,2706.781,ALTERNATE_METHOD
TXN101794,CUST1175,40284.62,NETBANKING,FAILED,INSUFFICIENT_FUNDS,2026-08-12 23:02:48.314360,0,65,MEDIUM,6.666666666666667,2685.6413333333335,CUSTOMER_ACTION
TXN104728,CUST7232,9986.96,CARD,FAILED,TIMEOUT,2026-08-18 21:07:48.314360,3,50,MEDIUM,26.666666666666668,2663.1893333333333,DO_NOT_RETRY
TXN103304,CUST8512,23445.34,WALLET,FAILED,LIMIT_EXCEEDED,2026-08-04 23:39:48.314360,3,55,MEDIUM,11.333333333333332,2657.1385333333333,DO_NOT_RETRY
TXN104941,CUST5376,9684.89,WALLET,FAILED,NETWORK_ERROR,2026-08-04 21:32:48.314360,2,50,MEDIUM,27.333333333333332,2647.2032666666664,DO_NOT_RETRY
TXN103641,CUST6798,24529.52,UPI,FAILED,BANK_DECLINE,2026-08-15 18:32:48.314360,2,65,MEDIUM,10.666666666666668,2616.4821333333334,DO_NOT_RETRY
TXN102445,CUST7567,6737.62,UPI,FAILED,NETWORK_ERROR,2026-08-22 23:25:48.314360,0,60,MEDIUM,38.666666666666664,2605.2130666666667,DO_NOT_RETRY
TXN101539,CUST3978,14921.94,CARD,FAILED,TIMEOUT,2026-08-01 05:25:48.314360,1,70,HIGH,17.333333333333336,2586.469600000001,DO_NOT_RETRY
TXN102773,CUST7443,9551.1,WALLET,FAILED,INSUFFICIENT_FUNDS,2026-08-02 19:34:48.314360,0,45,MEDIUM,26.666666666666668,2546.96,CUSTOMER_ACTION
TXN101241,CUST1471,37827.16,NETBANKING,FAILED,INSUFFICIENT_FUNDS,2026-08-09 18:10:48.314360,0,65,MEDIUM,6.666666666666667,2521.8106666666667,CUSTOMER_ACTION
TXN102140,CUST6895,41981.42,CARD,FAILED,BANK_DECLINE,2026-08-26 12:24:48.314360,2,65,MEDIUM,6.0,2518.8851999999997,DO_NOT_RETRY
TXN100031,CUST7563,2584.3,CARD,FAILED,NETWORK_ERROR,2026-08-04 21:24:48.314360,2,40,LOW,97.33333333333334,2515.3853333333336,ALTERNATE_METHOD
TXN102638,CUST6322,47072.9,NETBANKING,FAILED,INSUFFICIENT_FUNDS,2026-08-11 12:21:48.314360,1,60,MEDIUM,5.333333333333334,2510.554666666667,CUSTOMER_ACTION
TXN104895,CUST4423,28929.4,WALLET,FAILED,TIMEOUT,2026-08-09 17:47:48.314360,3,70,HIGH,8.666666666666668,2507.214666666667,DO_NOT_RETRY
TXN103958,CUST2840,2724.1,CARD,FAILED,TIMEOUT,2026-08-03 13:29:48.314360,1,50,MEDIUM,92.0,2506.172,RETRY
TXN101178,CUST7144,11709.19,CARD,FAILED,NETWORK_ERROR,2026-08-09 08:28:48.314360,3,55,MEDIUM,21.333333333333336,2497.9605333333334,DO_NOT_RETRY
TXN100494,CUST1404,21924.72,NETBANKING,FAILED,INSUFFICIENT_FUNDS,2026-08-22 02:56:48.314360,1,60,MEDIUM,11.333333333333332,2484.8016,CUSTOMER_ACTION
TXN104089,CUST5002,41360.34,CARD,FAILED,NETWORK_ERROR,2026-08-28 13:59:48.314360,2,70,HIGH,6.0,2481.6204,DO_NOT_RETRY
TXN104430,CUST4928,46267.38,NETBANKING,FAILED,INSUFFICIENT_FUNDS,2026-07-31 02:21:48.314360,0,65,MEDIUM,5.333333333333334,2467.5936,CUSTOMER_ACTION
TXN100299,CUST1532,33543.66,UPI,FAILED,LIMIT_EXCEEDED,2026-08-01 17:47:48.314360,1,65,MEDIUM,7.333333333333333,2459.8684000000003,DO_NOT_RETRY
TXN102831,CUST4658,7773.61,UPI,FAILED,INSUFFICIENT_FUNDS,2026-08-22 17:33:48.314360,1,40,LOW,31.333333333333336,2435.731133333333,CUSTOMER_ACTION
TXN103086,CUST2331,5365.68,WALLET,FAILED,BANK_DECLINE,2026-08-16 02:23:48.314360,0,55,MEDIUM,45.33333333333333,2432.4416,DO_NOT_RETRY
TXN104178,CUST2677,2699.69,UPI,FAILED,TIMEOUT,2026-08-08 06:11:48.314360,0,55,MEDIUM,90.0,2429.721,RETRY
TXN101016,CUST4072,45198.63,CARD,FAILED,NETWORK_ERROR,2026-07-31 11:32:48.314360,2,70,HIGH,5.333333333333334,2410.5936,DO_NOT_RETRY
TXN101304,CUST1775,18869.75,CARD,FAILED,LIMIT_EXCEEDED,2026-08-24 03:29:48.314360,2,50,MEDIUM,12.666666666666668,2390.1683333333335,DO_NOT_RETRY
TXN104586,CUST9912,10481.51,CARD,FAILED,NETWORK_ERROR,2026-08-14 16:49:48.314360,3,55,MEDIUM,22.666666666666664,2375.8089333333332,DO_NOT_RETRY
TXN104304,CUST7865,10444.71,WALLET,FAILED,BANK_DECLINE,2026-08-09 00:52:48.314360,2,55,MEDIUM,22.666666666666664,2367.4675999999995,DO_NOT_RETRY
TXN101110,CUST6118,27303.5,WALLET,FAILED,TIMEOUT,2026-08-03 20:38:48.314360,2,75,HIGH,8.666666666666668,2366.3033333333337,DO_NOT_RETRY
TXN100988,CUST5999,44338.88,CARD,FAILED,BANK_DECLINE,2026-08-19 15:04:48.314360,2,65,MEDIUM,5.333333333333334,2364.7402666666667,DO_NOT_RETRY
TXN102923,CUST1068,9555.32,UPI,FAILED,NETWORK_ERROR,2026-08-02 01:32:48.314360,2,50,MEDIUM,24.666666666666668,2356.9789333333333,DO_NOT_RETRY
TXN103336,CUST8551,5976.82,CARD,FAILED,TIMEOUT,2026-08-08 20:37:48.314360,2,55,MEDIUM,39.33333333333333,2350.882533333333,DO_NOT_RETRY
TXN100903,CUST5962,34876.05,WALLET,FAILED,INSUFFICIENT_FUNDS,2026-08-24 21:30:48.314360,0,65,MEDIUM,6.666666666666667,2325.07,CUSTOMER_ACTION
TXN102949,CUST8451,43514.86,CARD,FAILED,INSUFFICIENT_FUNDS,2026-07-30 00:53:48.314360,2,55,MEDIUM,5.333333333333334,2320.7925333333337,CUSTOMER_ACTION
TXN104175,CUST8977,38517.49,WALLET,FAILED,LIMIT_EXCEEDED,2026-08-04 22:20:48.314360,1,65,MEDIUM,6.0,2311.0494,DO_NOT_RETRY
TXN102930,CUST3620,34242.36,UPI,FAILED,LIMIT_EXCEEDED,2026-08-03 18:58:48.314360,1,65,MEDIUM,6.666666666666667,2282.824,DO_NOT_RETRY
TXN100732,CUST1016,18818.35,CARD,FAILED,LIMIT_EXCEEDED,2026-08-19 10:56:48.314360,2,50,MEDIUM,12.0,2258.2019999999998,DO_NOT_RETRY
TXN103160,CUST6663,30711.91,NETBANKING,FAILED,INSUFFICIENT_FUNDS,2026-07-30 05:28:48.314360,1,60,MEDIUM,7.333333333333333,2252.2067333333334,CUSTOMER_ACTION
TXN100408,CUST1753,14662.93,WALLET,FAILED,INSUFFICIENT_FUNDS,2026-08-01 20:36:48.314360,0,55,MEDIUM,14.666666666666666,2150.5630666666666,CUSTOMER_ACTION
TXN101467,CUST8510,9403.77,UPI,FAILED,LIMIT_EXCEEDED,2026-08-02 21:48:48.314360,0,50,MEDIUM,22.666666666666664,2131.5212,DO_NOT_RETRY
TXN100138,CUST4908,35349.26,NETBANKING,FAILED,LIMIT_EXCEEDED,2026-08-06 11:00:48.314360,3,55,MEDIUM,6.0,2120.9556000000002,DO_NOT_RETRY
TXN102364,CUST2920,3965.1,WALLET,FAILED,LIMIT_EXCEEDED,2026-07-31 14:39:48.314360,1,35,LOW,53.333333333333336,2114.72,ALTERNATE_METHOD
TXN102356,CUST7612,45292.35,CARD,FAILED,NETWORK_ERROR,2026-08-12 03:53:48.314360,2,70,HIGH,4.666666666666667,2113.643,DO_NOT_RETRY
TXN100215,CUST9950,13157.62,UPI,FAILED,BANK_DECLINE,2026-08-13 04:21:48.314360,1,60,MEDIUM,16.0,2105.2192,DO_NOT_RETRY
TXN101638,CUST1992,10985.44,NETBANKING,FAILED,TIMEOUT,2026-08-16 15:14:48.314360,1,70,HIGH,18.666666666666668,2050.6154666666666,DO_NOT_RETRY
TXN100545,CUST7821,34062.25,UPI,FAILED,LIMIT_EXCEEDED,2026-08-17 15:19:48.314360,1,65,MEDIUM,6.0,2043.735,DO_NOT_RETRY
TXN103266,CUST2274,34015.88,WALLET,FAILED,LIMIT_EXCEEDED,2026-08-08 04:09:48.314360,3,55,MEDIUM,6.0,2040.9527999999998,DO_NOT_RETRY
TXN104995,CUST9810,8469.8,NETBANKING,FAILED,BANK_DECLINE,2026-08-11 21:17:48.314360,1,50,MEDIUM,23.333333333333332,1976.2866666666664,DO_NOT_RETRY
TXN102851,CUST3005,24319.49,NETBANKING,FAILED,BANK_DECLINE,2026-08-15 14:28:48.314360,3,60,MEDIUM,8.0,1945.5592000000001,DO_NOT_RETRY
TXN101634,CUST8749,16135.12,WALLET,FAILED,TIMEOUT,2026-08-02 10:13:48.314360,3,60,MEDIUM,12.0,1936.2144,DO_NOT_RETRY
TXN104614,CUST4540,26213.71,UPI,FAILED,LIMIT_EXCEEDED,2026-08-28 17:19:48.314360,1,65,MEDIUM,7.333333333333333,1922.3387333333333,DO_NOT_RETRY
TXN100340,CUST9307,35498.67,UPI,FAILED,LIMIT_EXCEEDED,2026-08-15 00:43:48.314360,3,55,MEDIUM,5.333333333333334,1893.2624,DO_NOT_RETRY
TXN104076,CUST9520,28354.62,WALLET,FAILED,TIMEOUT,2026-08-02 15:54:48.314360,2,75,HIGH,6.666666666666667,1890.308,DO_NOT_RETRY
TXN102197,CUST1310,21591.8,NETBANKING,FAILED,INSUFFICIENT_FUNDS,2026-07-31 20:23:48.314360,0,65,MEDIUM,8.666666666666668,1871.2893333333336,CUSTOMER_ACTION
TXN104223,CUST9921,27999.86,WALLET,FAILED,TIMEOUT,2026-08-21 21:10:48.314360,2,75,HIGH,6.666666666666667,1866.6573333333333,DO_NOT_RETRY
TXN101559,CUST3758,23037.09,CARD,FAILED,LIMIT_EXCEEDED,2026-08-28 14:04:48.314360,0,70,HIGH,8.0,1842.9672,DO_NOT_RETRY
TXN101538,CUST2794,18369.25,NETBANKING,FAILED,LIMIT_EXCEEDED,2026-08-10 05:11:48.314360,3,45,MEDIUM,10.0,1836.9250000000002,DO_NOT_RETRY
TXN103585,CUST3300,45867.33,CARD,FAILED,BANK_DECLINE,2026-08-17 23:43:48.314360,1,70,HIGH,4.0,1834.6932000000002,DO_NOT_RETRY
TXN100040,CUST5665,45685.33,CARD,FAILED,NETWORK_ERROR,2026-08-04 11:26:48.314360,2,70,HIGH,4.0,1827.4132000000002,DO_NOT_RETRY
TXN100664,CUST3173,39086.62,NETBANKING,FAILED,LIMIT_EXCEEDED,2026-08-18 09:07:48.314360,3,55,MEDIUM,4.666666666666667,1824.0422666666668,DO_NOT_RETRY
TXN104481,CUST1733,10120.27,UPI,FAILED,BANK_DECLINE,2026-08-25 04:21:48.314360,1,60,MEDIUM,18.0,1821.6486,DO_NOT_RETRY
TXN100534,CUST4089,7794.53,CARD,FAILED,BANK_DECLINE,2026-08-27 19:04:48.314360,0,55,MEDIUM,23.333333333333332,1818.7236666666665,DO_NOT_RETRY
TXN104842,CUST5711,12374.78,UPI,FAILED,BANK_DECLINE,2026-08-19 01:07:48.314360,1,60,MEDIUM,14.666666666666666,1814.9677333333334,DO_NOT_RETRY
TXN102420,CUST9041,2077.21,UPI,FAILED,BANK_DECLINE,2026-08-20 01:03:48.314360,3,30,LOW,87.33333333333333,1814.0967333333333,ALTERNATE_METHOD
TXN101980,CUST8082,22618.5,CARD,FAILED,LIMIT_EXCEEDED,2026-08-18 02:35:48.314360,0,70,HIGH,8.0,1809.48,DO_NOT_RETRY
TXN100524,CUST5581,4784.18,UPI,FAILED,TIMEOUT,2026-08-14 17:27:48.314360,2,45,MEDIUM,37.333333333333336,1786.0938666666668,DO_NOT_RETRY
TXN100248,CUST1818,17528.49,WALLET,FAILED,TIMEOUT,2026-08-19 02:26:48.314360,3,60,MEDIUM,10.0,1752.8490000000002,DO_NOT_RETRY
TXN103513,CUST3290,37089.36,NETBANKING,FAILED,INSUFFICIENT_FUNDS,2026-07-30 14:00:48.314360,1,60,MEDIUM,4.666666666666667,1730.8368,CUSTOMER_ACTION
TXN100152,CUST5312,12212.19,WALLET,FAILED,INSUFFICIENT_FUNDS,2026-08-21 02:59:48.314360,3,40,LOW,14.000000000000002,1709.7066000000002,CUSTOMER_ACTION
TXN101084,CUST2426,14714.69,UPI,FAILED,LIMIT_EXCEEDED,2026-08-08 10:57:48.314360,1,55,MEDIUM,11.333333333333332,1667.6648666666667,DO_NOT_RETRY
TXN101125,CUST2150,6850.74,NETBANKING,FAILED,BANK_DECLINE,2026-08-20 04:27:48.314360,3,40,LOW,23.333333333333332,1598.5059999999999,DO_NOT_RETRY
TXN103562,CUST2167,37960.69,UPI,FAILED,LIMIT_EXCEEDED,2026-08-20 14:43:48.314360,3,55,MEDIUM,4.0,1518.4276000000002,DO_NOT_RETRY
TXN100185,CUST6505,1732.84,UPI,FAILED,TIMEOUT,2026-08-27 17:11:48.314360,0,55,MEDIUM,87.33333333333333,1513.3469333333333,RETRY
TXN103027,CUST4924,11252.11,UPI,FAILED,INSUFFICIENT_FUNDS,2026-08-07 23:52:48.314360,1,50,MEDIUM,13.333333333333334,1500.2813333333334,CUSTOMER_ACTION
TXN104515,CUST4418,17188.04,UPI,FAILED,INSUFFICIENT_FUNDS,2026-07-30 11:29:48.314360,1,50,MEDIUM,8.666666666666668,1489.6301333333338,CUSTOMER_ACTION
TXN103718,CUST6940,5440.09,UPI,FAILED,BANK_DECLINE,2026-08-14 02:23:48.314360,3,40,LOW,27.333333333333332,1486.9579333333334,DO_NOT_RETRY
TXN100523,CUST3047,43756.78,WALLET,FAILED,INSUFFICIENT_FUNDS,2026-08-23 10:00:48.314360,0,65,MEDIUM,3.3333333333333335,1458.5593333333334,CUSTOMER_ACTION
TXN104432,CUST1969,6999.09,UPI,FAILED,LIMIT_EXCEEDED,2026-08-20 10:21:48.314360,1,45,MEDIUM,20.666666666666668,1446.4786,DO_NOT_RETRY
TXN100958,CUST9367,43300.77,WALLET,FAILED,LIMIT_EXCEEDED,2026-08-21 10:00:48.314360,1,65,MEDIUM,3.3333333333333335,1443.359,DO_NOT_RETRY
TXN104973,CUST4078,21428.33,WALLET,FAILED,INSUFFICIENT_FUNDS,2026-08-12 14:47:48.314360,0,65,MEDIUM,6.666666666666667,1428.5553333333335,CUSTOMER_ACTION
TXN102455,CUST8747,42818.45,NETBANKING,FAILED,INSUFFICIENT_FUNDS,2026-08-14 06:20:48.314360,1,60,MEDIUM,3.3333333333333335,1427.2816666666665,CUSTOMER_ACTION
TXN102145,CUST2622,4068.8,NETBANKING,FAILED,BANK_DECLINE,2026-08-27 01:01:48.314360,0,45,MEDIUM,34.66666666666667,1410.5173333333337,DO_NOT_RETRY
TXN104156,CUST4042,13195.84,UPI,FAILED,INSUFFICIENT_FUNDS,2026-08-20 18:24:48.314360,1,50,MEDIUM,10.666666666666668,1407.5562666666667,CUSTOMER_ACTION
TXN104412,CUST7995,10419.43,UPI,FAILED,INSUFFICIENT_FUNDS,2026-08-10 02:42:48.314360,1,50,MEDIUM,13.333333333333334,1389.2573333333335,CUSTOMER_ACTION
TXN103462,CUST8649,29748.89,UPI,FAILED,INSUFFICIENT_FUNDS,2026-08-08 14:59:48.314360,2,55,MEDIUM,4.666666666666667,1388.2815333333333,CUSTOMER_ACTION
TXN104915,CUST6609,4080.53,WALLET,FAILED,BANK_DECLINE,2026-08-22 09:01:48.314360,3,30,LOW,33.33333333333333,1360.1766666666665,DO_NOT_RETRY
TXN100580,CUST4496,7839.07,NETBANKING,FAILED,NETWORK_ERROR,2026-08-13 00:15:48.314360,2,50,MEDIUM,17.333333333333336,1358.7721333333336,DO_NOT_RETRY
TXN104049,CUST9695,8080.85,CARD,FAILED,LIMIT_EXCEEDED,2026-08-19 09:44:48.314360,0,50,MEDIUM,16.666666666666664,1346.8083333333332,DO_NOT_RETRY
TXN100273,CUST3363,5770.16,WALLET,FAILED,TIMEOUT,2026-08-08 20:48:48.314360,2,55,MEDIUM,23.333333333333332,1346.3706666666665,DO_NOT_RETRY
TXN101365,CUST1993,10008.05,CARD,FAILED,LIMIT_EXCEEDED,2026-08-18 07:38:48.314360,3,45,MEDIUM,13.333333333333334,1334.4066666666665,DO_NOT_RETRY
TXN102324,CUST6854,7981.97,UPI,FAILED,NETWORK_ERROR,2026-08-13 20:55:48.314360,3,45,MEDIUM,16.666666666666664,1330.3283333333331,DO_NOT_RETRY
TXN104877,CUST1330,4475.74,WALLET,FAILED,TIMEOUT,2026-08-14 13:18:48.314360,1,50,MEDIUM,29.333333333333332,1312.8837333333333,DO_NOT_RETRY
TXN101388,CUST3350,1557.01,NETBANKING,FAILED,TIMEOUT,2026-08-02 10:07:48.314360,2,45,MEDIUM,84.0,1307.8884,ALTERNATE_METHOD
TXN100449,CUST9171,12201.3,NETBANKING,FAILED,INSUFFICIENT_FUNDS,2026-08-11 19:55:48.314360,3,40,LOW,10.666666666666668,1301.472,CUSTOMER_ACTION
TXN100175,CUST7656,16063.73,NETBANKING,FAILED,TIMEOUT,2026-08-15 12:45:48.314360,3,60,MEDIUM,8.0,1285.0984,DO_NOT_RETRY
TXN103320,CUST8893,8664.6,WALLET,FAILED,TIMEOUT,2026-08-26 20:50:48.314360,1,60,MEDIUM,14.666666666666666,1270.808,DO_NOT_RETRY
TXN100503,CUST6088,11197.75,CARD,FAILED,LIMIT_EXCEEDED,2026-08-23 00:55:48.314360,2,50,MEDIUM,11.333333333333332,1269.0783333333334,DO_NOT_RETRY
TXN104057,CUST4099,4615.53,UPI,FAILED,INSUFFICIENT_FUNDS,2026-08-14 23:22:48.314360,1,30,LOW,27.333333333333332,1261.5782,CUSTOMER_ACTION
TXN100466,CUST7272,7877.78,NETBANKING,FAILED,NETWORK_ERROR,2026-08-12 12:32:48.314360,2,50,MEDIUM,16.0,1260.4448,DO_NOT_RETRY
TXN101476,CUST9001,9397.56,UPI,FAILED,NETWORK_ERROR,2026-08-21 01:47:48.314360,3,45,MEDIUM,13.333333333333334,1253.0079999999998,DO_NOT_RETRY
TXN101319,CUST4390,36614.29,UPI,FAILED,INSUFFICIENT_FUNDS,2026-07-31 21:25:48.314360,2,55,MEDIUM,3.3333333333333335,1220.4763333333333,CUSTOMER_ACTION
TXN103021,CUST5573,1465.06,WALLET,FAILED,BANK_DECLINE,2026-08-22 10:56:48.314360,2,35,LOW,80.66666666666666,1181.8150666666663,ALTERNATE_METHOD
TXN104957,CUST5695,1293.2,WALLET,FAILED,TIMEOUT,2026-08-03 05:28:48.314360,3,40,LOW,90.66666666666666,1172.5013333333334,ALTERNATE_METHOD
TXN103670,CUST1524,24168.18,WALLET,FAILED,INSUFFICIENT_FUNDS,2026-08-12 13:12:48.314360,3,50,MEDIUM,4.666666666666667,1127.8484,CUSTOMER_ACTION
TXN103154,CUST9559,8860.11,NETBANKING,FAILED,LIMIT_EXCEEDED,2026-08-21 18:15:48.314360,3,35,LOW,12.666666666666668,1122.2806000000003,DO_NOT_RETRY
TXN102354,CUST6175,41373.98,CARD,FAILED,INSUFFICIENT_FUNDS,2026-07-31 06:09:48.314360,2,55,MEDIUM,2.666666666666667,1103.3061333333335,CUSTOMER_ACTION
TXN104677,CUST5757,1378.44,UPI,FAILED,INSUFFICIENT_FUNDS,2026-08-28 08:31:48.314360,1,30,LOW,80.0,1102.7520000000002,RETRY
TXN102815,CUST8757,5449.78,CARD,FAILED,INSUFFICIENT_FUNDS,2026-08-22 19:08:48.314360,2,35,LOW,20.0,1089.956,CUSTOMER_ACTION
TXN104434,CUST7590,4489.19,NETBANKING,FAILED,LIMIT_EXCEEDED,2026-07-30 05:45:48.314360,2,30,LOW,24.0,1077.4055999999998,DO_NOT_RETRY
TXN104411,CUST7334,13039.16,NETBANKING,FAILED,INSUFFICIENT_FUNDS,2026-08-12 15:00:48.314360,0,55,MEDIUM,8.0,1043.1328,CUSTOMER_ACTION
TXN104710,CUST6059,10232.82,UPI,FAILED,NETWORK_ERROR,2026-08-07 09:09:48.314360,3,55,MEDIUM,10.0,1023.282,DO_NOT_RETRY
TXN103009,CUST9077,7617.29,NETBANKING,FAILED,INSUFFICIENT_FUNDS,2026-08-24 08:58:48.314360,0,45,MEDIUM,13.333333333333334,1015.6386666666666,CUSTOMER_ACTION
TXN102707,CUST3596,19033.43,NETBANKING,FAILED,INSUFFICIENT_FUNDS,2026-08-25 23:47:48.314360,3,40,LOW,5.333333333333334,1015.1162666666668,CUSTOMER_ACTION
TXN104692,CUST8955,3099.73,WALLET,FAILED,TIMEOUT,2026-08-14 08:54:48.314360,0,55,MEDIUM,32.666666666666664,1012.5784666666666,DO_NOT_RETRY
TXN102367,CUST2557,2232.19,CARD,FAILED,LIMIT_EXCEEDED,2026-08-17 03:36:48.314360,2,30,LOW,45.33333333333333,1011.9261333333333,DO_NOT_RETRY
TXN100585,CUST2619,2217.39,NETBANKING,FAILED,BANK_DECLINE,2026-08-07 15:35:48.314360,3,30,LOW,45.33333333333333,1005.2167999999999,DO_NOT_RETRY
TXN101197,CUST3230,37411.89,WALLET,FAILED,LIMIT_EXCEEDED,2026-08-13 15:53:48.314360,3,55,MEDIUM,2.666666666666667,997.6504000000001,DO_NOT_RETRY
TXN102908,CUST6901,13394.59,NETBANKING,FAILED,INSUFFICIENT_FUNDS,2026-08-02 16:56:48.314360,2,45,MEDIUM,7.333333333333333,982.2699333333334,CUSTOMER_ACTION
TXN102262,CUST2510,29438.3,UPI,FAILED,LIMIT_EXCEEDED,2026-08-28 15:39:48.314360,3,55,MEDIUM,3.3333333333333335,981.2766666666666,DO_NOT_RETRY
TXN104745,CUST7112,29403.27,UPI,FAILED,BANK_DECLINE,2026-08-06 01:43:48.314360,2,65,MEDIUM,3.3333333333333335,980.109,DO_NOT_RETRY
TXN100022,CUST8837,3412.74,WALLET,FAILED,BANK_DECLINE,2026-08-23 08:02:48.314360,2,35,LOW,28.666666666666668,978.3188,DO_NOT_RETRY
TXN103551,CUST8202,36556.89,WALLET,FAILED,LIMIT_EXCEEDED,2026-08-15 00:02:48.314360,3,55,MEDIUM,2.666666666666667,974.8504,DO_NOT_RETRY
TXN102872,CUST9640,20882.02,NETBANKING,FAILED,BANK_DECLINE,2026-08-05 01:24:48.314360,3,60,MEDIUM,4.666666666666667,974.4942666666667,DO_NOT_RETRY
TXN102522,CUST8187,36524.77,WALLET,FAILED,LIMIT_EXCEEDED,2026-08-06 17:53:48.314360,3,55,MEDIUM,2.666666666666667,973.9938666666667,DO_NOT_RETRY
TXN100154,CUST3311,13278.48,NETBANKING,FAILED,INSUFFICIENT_FUNDS,2026-08-20 15:59:48.314360,2,45,MEDIUM,7.333333333333333,973.7552,CUSTOMER_ACTION
TXN103905,CUST3311,4835.79,NETBANKING,FAILED,INSUFFICIENT_FUNDS,2026-08-24 00:22:48.314360,0,35,LOW,20.0,967.158,CUSTOMER_ACTION
TXN104418,CUST3521,9543.95,UPI,FAILED,BANK_DECLINE,2026-08-17 09:06:48.314360,2,45,MEDIUM,10.0,954.3950000000001,DO_NOT_RETRY
TXN103591,CUST2730,20032.89,NETBANKING,FAILED,BANK_DECLINE,2026-07-31 03:52:48.314360,3,60,MEDIUM,4.666666666666667,934.8682,DO_NOT_RETRY
TXN101520,CUST9297,9292.31,WALLET,FAILED,BANK_DECLINE,2026-08-13 14:15:48.314360,3,40,LOW,10.0,929.231,DO_NOT_RETRY
TXN100797,CUST7984,27729.05,UPI,FAILED,LIMIT_EXCEEDED,2026-08-17 05:53:48.314360,3,55,MEDIUM,3.3333333333333335,924.3016666666666,DO_NOT_RETRY
TXN102649,CUST1966,2244.11,CARD,FAILED,NETWORK_ERROR,2026-08-26 08:37:48.314360,0,50,MEDIUM,40.666666666666664,912.6047333333332,DO_NOT_RETRY
TXN104054,CUST5118,10523.65,NETBANKING,FAILED,LIMIT_EXCEEDED,2026-08-01 16:01:48.314360,3,45,MEDIUM,8.666666666666668,912.0496666666668,DO_NOT_RETRY
TXN102821,CUST9386,5175.3,WALLET,FAILED,INSUFFICIENT_FUNDS,2026-08-01 20:58:48.314360,0,45,MEDIUM,17.333333333333336,897.0520000000002,CUSTOMER_ACTION
TXN103177,CUST8472,43872.61,UPI,FAILED,LIMIT_EXCEEDED,2026-07-30 18:10:48.314360,3,55,MEDIUM,2.0,877.4522000000001,DO_NOT_RETRY
TXN101531,CUST2013,26035.29,NETBANKING,FAILED,INSUFFICIENT_FUNDS,2026-08-14 07:43:48.314360,3,50,MEDIUM,3.3333333333333335,867.843,CUSTOMER_ACTION
TXN103217,CUST9641,25626.9,NETBANKING,FAILED,BANK_DECLINE,2026-07-30 03:03:48.314360,3,60,MEDIUM,3.3333333333333335,854.23,DO_NOT_RETRY
TXN101491,CUST7064,25534.47,WALLET,FAILED,LIMIT_EXCEEDED,2026-08-11 14:09:48.314360,3,55,MEDIUM,3.3333333333333335,851.149,DO_NOT_RETRY
TXN104697,CUST8349,8352.23,WALLET,FAILED,BANK_DECLINE,2026-08-28 12:17:48.314360,2,45,MEDIUM,10.0,835.223,DO_NOT_RETRY
TXN103616,CUST5958,2360.33,NETBANKING,FAILED,NETWORK_ERROR,2026-08-13 13:32:48.314360,3,35,LOW,35.333333333333336,833.9832666666666,DO_NOT_RETRY
TXN102593,CUST3024,24829.5,NETBANKING,FAILED,INSUFFICIENT_FUNDS,2026-08-25 22:06:48.314360,3,50,MEDIUM,3.3333333333333335,827.65,CUSTOMER_ACTION
TXN104536,CUST8292,30934.29,CARD,FAILED,INSUFFICIENT_FUNDS,2026-08-10 02:12:48.314360,3,50,MEDIUM,2.666666666666667,824.9144000000001,CUSTOMER_ACTION
TXN103163,CUST1905,13569.59,WALLET,FAILED,INSUFFICIENT_FUNDS,2026-08-18 15:12:48.314360,3,40,LOW,6.0,814.1754,CUSTOMER_ACTION
TXN101524,CUST9815,5782.01,NETBANKING,FAILED,INSUFFICIENT_FUNDS,2026-08-26 22:28:48.314360,0,45,MEDIUM,14.000000000000002,809.4814000000001,CUSTOMER_ACTION
TXN101623,CUST7804,5757.42,UPI,FAILED,LIMIT_EXCEEDED,2026-08-01 00:49:48.314360,2,40,LOW,14.000000000000002,806.0388,DO_NOT_RETRY
TXN104850,CUST3237,11917.56,NETBANKING,FAILED,BANK_DECLINE,2026-08-12 20:34:48.314360,3,50,MEDIUM,6.666666666666667,794.5039999999999,DO_NOT_RETRY
TXN100882,CUST5099,23429.53,NETBANKING,FAILED,INSUFFICIENT_FUNDS,2026-08-03 19:23:48.314360,3,50,MEDIUM,3.3333333333333335,780.9843333333333,CUSTOMER_ACTION
TXN100315,CUST1034,38548.18,NETBANKING,FAILED,INSUFFICIENT_FUNDS,2026-08-06 01:48:48.314360,1,60,MEDIUM,2.0,770.9636,CUSTOMER_ACTION
TXN100338,CUST8879,12744.67,UPI,FAILED,LIMIT_EXCEEDED,2026-08-25 10:02:48.314360,2,50,MEDIUM,6.0,764.6802,DO_NOT_RETRY
TXN103247,CUST6075,818.1,CARD,FAILED,LIMIT_EXCEEDED,2026-08-09 10:52:48.314360,1,35,LOW,92.66666666666666,758.1059999999999,RETRY
TXN100517,CUST2224,5497.34,CARD,FAILED,LIMIT_EXCEEDED,2026-08-06 07:35:48.314360,3,35,LOW,13.333333333333334,732.9786666666666,DO_NOT_RETRY
TXN103926,CUST7635,3608.84,WALLET,FAILED,BANK_DECLINE,2026-08-07 09:52:48.314360,1,40,LOW,20.0,721.768,DO_NOT_RETRY
TXN101145,CUST4722,7696.12,CARD,FAILED,INSUFFICIENT_FUNDS,2026-08-07 23:56:48.314360,3,30,LOW,9.333333333333334,718.3045333333333,CUSTOMER_ACTION
TXN103583,CUST8702,35392.06,WALLET,FAILED,LIMIT_EXCEEDED,2026-08-19 09:10:48.314360,3,55,MEDIUM,2.0,707.8412,DO_NOT_RETRY
TXN104852,CUST1473,9596.29,WALLET,FAILED,INSUFFICIENT_FUNDS,2026-08-27 07:23:48.314360,3,30,LOW,7.333333333333333,703.7279333333335,CUSTOMER_ACTION
TXN101591,CUST5021,7777.24,CARD,FAILED,LIMIT_EXCEEDED,2026-08-22 21:05:48.314360,1,45,MEDIUM,8.666666666666668,674.0274666666668,DO_NOT_RETRY
TXN100880,CUST2510,7725.22,CARD,FAILED,LIMIT_EXCEEDED,2026-08-08 19:00:48.314360,1,45,MEDIUM,8.666666666666668,669.5190666666668,DO_NOT_RETRY
TXN101775,CUST5280,25007.95,CARD,FAILED,INSUFFICIENT_FUNDS,2026-08-01 10:00:48.314360,3,50,MEDIUM,2.666666666666667,666.8786666666667,CUSTOMER_ACTION
TXN103124,CUST3188,7081.97,WALLET,FAILED,BANK_DECLINE,2026-08-03 00:05:48.314360,3,40,LOW,9.333333333333334,660.9838666666667,DO_NOT_RETRY
TXN103509,CUST6627,1715.47,CARD,FAILED,INSUFFICIENT_FUNDS,2026-08-24 00:05:48.314360,0,35,LOW,36.0,617.5692,CUSTOMER_ACTION
TXN100555,CUST4220,1795.22,UPI,FAILED,LIMIT_EXCEEDED,2026-08-11 02:53:48.314360,0,40,LOW,34.0,610.3748,DO_NOT_RETRY
TXN101236,CUST9624,4335.34,CARD,FAILED,LIMIT_EXCEEDED,2026-08-01 05:40:48.314360,3,25,LOW,14.000000000000002,606.9476000000001,DO_NOT_RETRY
TXN104370,CUST3330,22594.8,NETBANKING,FAILED,LIMIT_EXCEEDED,2026-08-20 12:57:48.314360,3,55,MEDIUM,2.666666666666667,602.528,DO_NOT_RETRY
TXN103889,CUST3530,45056.07,CARD,FAILED,INSUFFICIENT_FUNDS,2026-08-03 17:45:48.314360,3,50,MEDIUM,1.3333333333333335,600.7476,CUSTOMER_ACTION
TXN101536,CUST5022,14664.88,NETBANKING,FAILED,BANK_DECLINE,2026-08-12 23:06:48.314360,2,55,MEDIUM,4.0,586.5952,DO_NOT_RETRY
TXN104400,CUST6750,9653.33,NETBANKING,FAILED,TIMEOUT,2026-08-21 03:21:48.314360,1,60,MEDIUM,6.0,579.1998,DO_NOT_RETRY
TXN102474,CUST4958,43241.34,CARD,FAILED,INSUFFICIENT_FUNDS,2026-08-23 20:47:48.314360,3,50,MEDIUM,1.3333333333333335,576.5512,CUSTOMER_ACTION
TXN104783,CUST7027,28588.18,WALLET,FAILED,LIMIT_EXCEEDED,2026-08-28 09:26:48.314360,3,55,MEDIUM,2.0,571.7636,DO_NOT_RETRY
TXN100020,CUST8791,2264.42,CARD,FAILED,LIMIT_EXCEEDED,2026-08-12 19:50:48.314360,3,25,LOW,24.666666666666668,558.5569333333334,DO_NOT_RETRY
TXN100389,CUST7753,41759.43,WALLET,FAILED,LIMIT_EXCEEDED,2026-08-13 17:28:48.314360,1,65,MEDIUM,1.3333333333333335,556.7924,DO_NOT_RETRY
TXN104441,CUST1704,41120.51,CARD,FAILED,INSUFFICIENT_FUNDS,2026-08-12 12:34:48.314360,2,55,MEDIUM,1.3333333333333335,548.2734666666668,CUSTOMER_ACTION
TXN101440,CUST2393,41039.3,CARD,FAILED,INSUFFICIENT_FUNDS,2026-08-07 09:38:48.314360,2,55,MEDIUM,1.3333333333333335,547.1906666666667,CUSTOMER_ACTION
TXN101571,CUST1698,9016.42,NETBANKING,FAILED,TIMEOUT,2026-08-22 01:31:48.314360,2,55,MEDIUM,6.0,540.9852,DO_NOT_RETRY
TXN104173,CUST9906,8706.51,NETBANKING,FAILED,TIMEOUT,2026-08-21 02:26:48.314360,2,55,MEDIUM,6.0,522.3906,DO_NOT_RETRY
TXN102101,CUST3092,8651.45,NETBANKING,FAILED,TIMEOUT,2026-08-17 01:00:48.314360,2,55,MEDIUM,6.0,519.087,DO_NOT_RETRY
TXN102742,CUST7104,19310.22,UPI,FAILED,INSUFFICIENT_FUNDS,2026-07-31 13:04:48.314360,2,45,MEDIUM,2.666666666666667,514.9392,CUSTOMER_ACTION
TXN104527,CUST7678,1640.83,WALLET,FAILED,LIMIT_EXCEEDED,2026-08-18 23:37:48.314360,2,30,LOW,31.333333333333336,514.1267333333334,DO_NOT_RETRY
TXN100553,CUST7925,6927.72,NETBANKING,FAILED,TIMEOUT,2026-08-09 08:51:48.314360,1,60,MEDIUM,7.333333333333333,508.0328,DO_NOT_RETRY
TXN100207,CUST4952,3147.73,WALLET,FAILED,BANK_DECLINE,2026-08-19 23:18:48.314360,0,45,MEDIUM,16.0,503.6368,DO_NOT_RETRY
TXN101227,CUST7582,36220.39,UPI,FAILED,INSUFFICIENT_FUNDS,2026-08-25 17:27:48.314360,3,50,MEDIUM,1.3333333333333335,482.93853333333334,CUSTOMER_ACTION
TXN104070,CUST7640,35897.75,WALLET,FAILED,LIMIT_EXCEEDED,2026-08-19 13:39:48.314360,3,55,MEDIUM,1.3333333333333335,478.6366666666667,DO_NOT_RETRY
TXN104230,CUST9279,6479.77,UPI,FAILED,LIMIT_EXCEEDED,2026-08-01 19:50:48.314360,3,35,LOW,7.333333333333333,475.1831333333334,DO_NOT_RETRY
TXN102009,CUST9865,4698.48,WALLET,FAILED,INSUFFICIENT_FUNDS,2026-08-02 21:13:48.314360,3,20,LOW,10.0,469.84799999999996,CUSTOMER_ACTION
TXN101508,CUST8787,9975.31,UPI,FAILED,INSUFFICIENT_FUNDS,2026-08-23 08:30:48.314360,2,35,LOW,4.666666666666667,465.5144666666667,CUSTOMER_ACTION
TXN104284,CUST3339,511.76,WALLET,FAILED,NETWORK_ERROR,2026-08-26 09:00:48.314360,1,45,MEDIUM,90.66666666666666,463.9957333333333,RETRY
TXN101217,CUST9045,11416.76,CARD,FAILED,INSUFFICIENT_FUNDS,2026-08-19 06:45:48.314360,2,45,MEDIUM,4.0,456.67040000000003,CUSTOMER_ACTION
TXN103882,CUST9002,6106.5,UPI,FAILED,LIMIT_EXCEEDED,2026-08-19 00:08:48.314360,2,40,LOW,7.333333333333333,447.81,DO_NOT_RETRY
TXN101984,CUST6891,22278.25,NETBANKING,FAILED,LIMIT_EXCEEDED,2026-08-11 01:53:48.314360,3,55,MEDIUM,2.0,445.565,DO_NOT_RETRY
TXN101746,CUST8990,8254.86,NETBANKING,FAILED,TIMEOUT,2026-08-01 23:19:48.314360,2,55,MEDIUM,5.333333333333334,440.2592000000001,DO_NOT_RETRY
TXN102156,CUST8714,3654.79,NETBANKING,FAILED,LIMIT_EXCEEDED,2026-08-24 14:39:48.314360,3,25,LOW,12.0,438.5748,DO_NOT_RETRY
TXN104918,CUST8341,460.37,WALLET,FAILED,NETWORK_ERROR,2026-08-15 03:00:48.314360,3,35,LOW,94.66666666666667,435.8169333333334,ALTERNATE_METHOD
TXN101343,CUST5510,1326.49,UPI,FAILED,LIMIT_EXCEEDED,2026-08-05 15:01:48.314360,0,40,LOW,32.666666666666664,433.32006666666666,DO_NOT_RETRY
TXN100206,CUST9222,16197.22,NETBANKING,FAILED,INSUFFICIENT_FUNDS,2026-08-25 14:36:48.314360,1,50,MEDIUM,2.666666666666667,431.92586666666665,CUSTOMER_ACTION
TXN100915,CUST9739,10294.64,UPI,FAILED,INSUFFICIENT_FUNDS,2026-08-11 10:32:48.314360,0,55,MEDIUM,4.0,411.7856,CUSTOMER_ACTION
TXN102795,CUST3621,14941.93,CARD,FAILED,INSUFFICIENT_FUNDS,2026-08-02 04:58:48.314360,2,45,MEDIUM,2.666666666666667,398.4514666666667,CUSTOMER_ACTION
TXN102804,CUST4001,475.65,WALLET,FAILED,TIMEOUT,2026-08-25 15:52:48.314360,0,55,MEDIUM,78.0,371.007,RETRY
TXN104629,CUST6525,10344.62,UPI,FAILED,LIMIT_EXCEEDED,2026-08-15 18:40:48.314360,2,50,MEDIUM,3.3333333333333335,344.8206666666667,DO_NOT_RETRY
TXN101998,CUST7813,17137.22,WALLET,FAILED,INSUFFICIENT_FUNDS,2026-08-14 10:25:48.314360,3,40,LOW,2.0,342.74440000000004,CUSTOMER_ACTION
TXN100275,CUST3599,369.17,CARD,FAILED,BANK_DECLINE,2026-08-03 01:26:48.314360,1,40,LOW,92.66666666666666,342.0975333333333,RETRY
TXN104144,CUST7633,12445.07,NETBANKING,FAILED,BANK_DECLINE,2026-08-02 04:40:48.314360,2,55,MEDIUM,2.666666666666667,331.86853333333335,DO_NOT_RETRY
TXN101340,CUST2717,16360.46,WALLET,FAILED,INSUFFICIENT_FUNDS,2026-08-11 17:30:48.314360,3,40,LOW,2.0,327.2092,CUSTOMER_ACTION
TXN101428,CUST5224,45550.34,UPI,FAILED,LIMIT_EXCEEDED,2026-07-30 05:05:48.314360,3,55,MEDIUM,0.6666666666666667,303.6689333333333,DO_NOT_RETRY
TXN100170,CUST4661,10841.01,CARD,FAILED,INSUFFICIENT_FUNDS,2026-08-25 22:50:48.314360,3,40,LOW,2.666666666666667,289.09360000000004,CUSTOMER_ACTION
TXN103657,CUST3401,40935.89,CARD,FAILED,INSUFFICIENT_FUNDS,2026-08-24 06:10:48.314360,2,55,MEDIUM,0.6666666666666667,272.90593333333334,CUSTOMER_ACTION
TXN100818,CUST5922,13010.27,NETBANKING,FAILED,INSUFFICIENT_FUNDS,2026-08-05 19:30:48.314360,1,50,MEDIUM,2.0,260.2054,CUSTOMER_ACTION
TXN104700,CUST2967,4249.01,UPI,FAILED,INSUFFICIENT_FUNDS,2026-08-14 02:35:48.314360,3,20,LOW,6.0,254.94060000000002,CUSTOMER_ACTION
TXN102950,CUST7062,1242.59,NETBANKING,FAILED,LIMIT_EXCEEDED,2026-08-11 16:12:48.314360,2,30,LOW,20.0,248.518,DO_NOT_RETRY
TXN104764,CUST9146,604.15,NETBANKING,FAILED,TIMEOUT,2026-08-21 21:36:48.314360,0,55,MEDIUM,36.666666666666664,221.52166666666665,DO_NOT_RETRY
TXN104739,CUST8150,300.68,WALLET,FAILED,INSUFFICIENT_FUNDS,2026-08-16 03:04:48.314360,1,30,LOW,69.33333333333334,208.47146666666671,ALTERNATE_METHOD
TXN104654,CUST7151,15175.18,NETBANKING,FAILED,INSUFFICIENT_FUNDS,2026-07-29 22:15:48.314360,1,50,MEDIUM,1.3333333333333335,202.33573333333334,CUSTOMER_ACTION
TXN101208,CUST5479,14908.38,NETBANKING,FAILED,INSUFFICIENT_FUNDS,2026-08-16 09:50:48.314360,1,50,MEDIUM,1.3333333333333335,198.7784,CUSTOMER_ACTION
TXN102796,CUST7035,227.08,NETBANKING,FAILED,TIMEOUT,2026-08-18 04:11:48.314360,0,55,MEDIUM,80.0,181.66400000000002,RETRY
TXN104313,CUST8301,26328.45,UPI,FAILED,INSUFFICIENT_FUNDS,2026-08-23 12:02:48.314360,3,50,MEDIUM,0.6666666666666667,175.52300000000002,CUSTOMER_ACTION
TXN100121,CUST6895,259.4,NETBANKING,FAILED,BANK_DECLINE,2026-08-23 11:40:48.314360,2,35,LOW,49.333333333333336,127.97066666666666,DO_NOT_RETRY
TXN103966,CUST6094,16480.19,UPI,FAILED,INSUFFICIENT_FUNDS,2026-08-07 18:14:48.314360,0,55,MEDIUM,0.6666666666666667,109.86793333333333,CUSTOMER_ACTION
TXN101432,CUST8281,15000.44,UPI,FAILED,INSUFFICIENT_FUNDS,2026-08-23 20:00:48.314360,0,55,MEDIUM,0.6666666666666667,100.00293333333335,CUSTOMER_ACTION
TXN103944,CUST7325,14643.98,UPI,FAILED,INSUFFICIENT_FUNDS,2026-08-04 20:01:48.314360,0,55,MEDIUM,0.6666666666666667,97.62653333333334,CUSTOMER_ACTION
TXN104378,CUST7028,1089.72,NETBANKING,FAILED,LIMIT_EXCEEDED,2026-08-11 07:08:48.314360,3,25,LOW,8.666666666666668,94.44240000000002,DO_NOT_RETRY
TXN104059,CUST3947,4666.06,UPI,FAILED,INSUFFICIENT_FUNDS,2026-08-18 20:15:48.314360,3,20,LOW,2.0,93.3212,CUSTOMER_ACTION
TXN102602,CUST6773,10759.38,UPI,FAILED,INSUFFICIENT_FUNDS,2026-08-04 03:22:48.314360,3,40,LOW,0.6666666666666667,71.7292,CUSTOMER_ACTION
TXN102902,CUST8793,136.57,NETBANKING,FAILED,TIMEOUT,2026-08-27 03:49:48.314360,2,45,MEDIUM,42.66666666666667,58.269866666666665,DO_NOT_RETRY
TXN103946,CUST5916,23454.96,UPI,FAILED,INSUFFICIENT_FUNDS,2026-08-12 23:43:48.314360,3,50,MEDIUM,0.0,0.0,CUSTOMER_ACTION
TXN101411,CUST7164,30128.0,UPI,FAILED,INSUFFICIENT_FUNDS,2026-08-05 15:07:48.314360,3,50,MEDIUM,0.0,0.0,CUSTOMER_ACTION
TXN101278,CUST1450,13702.33,UPI,FAILED,INSUFFICIENT_FUNDS,2026-08-23 12:24:48.314360,3,40,LOW,0.0,0.0,CUSTOMER_ACTION
TXN100521,CUST9597,43319.15,WALLET,FAILED,LIMIT_EXCEEDED,2026-08-05 10:56:48.314360,3,55,MEDIUM,0.0,0.0,DO_NOT_RETRY
TXN102430,CUST7572,19626.2,UPI,FAILED,INSUFFICIENT_FUNDS,2026-08-18 22:09:48.314360,0,55,MEDIUM,0.0,0.0,CUSTOMER_ACTION
TXN104903,CUST7507,28009.0,NETBANKING,FAILED,LIMIT_EXCEEDED,2026-08-05 23:48:48.314360,3,55,MEDIUM,0.0,0.0,DO_NOT_RETRY
TXN101497,CUST7555,28748.6,NETBANKING,FAILED,LIMIT_EXCEEDED,2026-08-12 23:46:48.314360,3,55,MEDIUM,0.0,0.0,DO_NOT_RETRY
