transaction_id,customer_id,amount,payment_method,status,failure_reason,transaction_time,retry_count
TXN100000,CUST2385,29953.08,WALLET,SUCCESS,,2026-08-11 01:03:48.314360,2
TXN100001,CUST6298,38853.07,UPI,SUCCESS,,2026-08-18 05:48:48.314360,1
TXN100002,CUST2588,41653.03,WALLET,SUCCESS,,2026-08-22 19:00:48.314360,3
TXN100003,CUST3899,36868.97,WALLET,SUCCESS,,2026-08-05 13:44:48.314360,1
TXN100004,CUST7871,4515.37,WALLET,SUCCESS,,2026-08-17 06:57:48.314360,2
TXN100005,CUST4463,43170.13,WALLET,SUCCESS,,2026-08-18 19:48:48.314360,0
TXN100006,CUST7775,35437.69,NETBANKING,SUCCESS,,2026-08-07 21:46:48.314360,1
TXN100007,CUST6355,29364.74,WALLET,SUCCESS,,2026-08-26 19:44:48.314360,3
TXN100008,CUST4387,22143.64,WALLET,SUCCESS,,2026-08-09 09:17:48.314360,3
TXN100009,CUST3748,33221.37,UPI,SUCCESS,,2026-08-11 18:36:48.314360,3
TXN100010,CUST5259,5231.94,WALLET,SUCCESS,,2026-08-23 02:38:48.314360,0
TXN100011,CUST4657,25381.81,UPI,SUCCESS,,2026-08-20 07:15:48.314360,2
TXN100012,CUST9159,24128.89,WALLET,SUCCESS,,2026-08-17 02:21:48.314360,2
TXN100013,CUST4107,33932.46,UPI,SUCCESS,,2026-08-27 20:25:48.314360,1
TXN100014,CUST7617,14752.17,CARD,SUCCESS,,2026-08-12 22:26:48.314360,1
TXN100015,CUST8238,23261.36,NETBANKING,SUCCESS,,2026-08-16 21:25:48.314360,1
TXN100016,CUST9834,42129.22,WALLET,SUCCESS,,2026-08-21 21:55:48.314360,0
TXN100017,CUST3787,33961.05,NETBANKING,SUCCESS,,2026-08-01 06:07:48.314360,3
TXN100018,CUST1466,20148.22,WALLET,SUCCESS,,2026-08-06 22:10:48.314360,1
TXN100019,CUST3626,10369.69,WALLET,SUCCESS,,2026-08-07 03:40:48.314360,2
TXN100020,CUST8791,2264.42,CARD,FAILED,LIMIT_EXCEEDED,2026-08-12 19:50:48.314360,3
TXN100021,CUST2751,21609.49,UPI,SUCCESS,,2026-08-26 17:17:48.314360,0
TXN100022,CUST8837,3412.74,WALLET,FAILED,BANK_DECLINE,2026-08-23 08:02:48.314360,2
TXN100023,CUST8885,23925.25,NETBANKING,SUCCESS,,2026-08-27 03:53:48.314360,2
TXN100024,CUST4347,9184.93,WALLET,SUCCESS,,2026-08-25 17:42:48.314360,3
TXN100025,CUST3603,33442.73,NETBANKING,SUCCESS,,2026-08-01 09:28:48.314360,0
TXN100026,CUST5025,40937.26,NETBANKING,SUCCESS,,2026-08-28 15:35:48.314360,0
TXN100027,CUST8926,14449.05,WALLET,SUCCESS,,2026-08-23 10:38:48.314360,1
TXN100028,CUST1477,44212.14,CARD,SUCCESS,,2026-08-06 17:29:48.314360,0
TXN100029,CUST1764,44404.04,CARD,SUCCESS,,2026-08-08 09:25:48.314360,1
TXN100030,CUST6962,27764.06,WALLET,SUCCESS,,2026-08-13 17:44:48.314360,3
TXN100031,CUST7563,2584.3,CARD,FAILED,NETWORK_ERROR,2026-08-04 21:24:48.314360,2
TXN100032,CUST4682,20093.46,WALLET,SUCCESS,,2026-08-27 19:29:48.314360,2
TXN100033,CUST4369,18634.43,NETBANKING,SUCCESS,,2026-08-05 14:07:48.314360,1
TXN100034,CUST5043,42922.79,UPI,SUCCESS,,2026-08-11 13:06:48.314360,2
TXN100035,CUST8145,13233.55,WALLET,FAILED,LIMIT_EXCEEDED,2026-08-20 08:50:48.314360,3
TXN100036,CUST4973,23474.38,WALLET,SUCCESS,,2026-08-11 08:34:48.314360,0
TXN100037,CUST7314,49142.64,WALLET,SUCCESS,,2026-08-16 05:02:48.314360,2
TXN100038,CUST6975,46538.03,WALLET,SUCCESS,,2026-08-18 04:44:48.314360,2
TXN100039,CUST5289,32964.01,CARD,SUCCESS,,2026-07-30 20:43:48.314360,0
TXN100040,CUST5665,45685.33,CARD,FAILED,NETWORK_ERROR,2026-08-04 11:26:48.314360,2
TXN100041,CUST3054,12498.2,NETBANKING,SUCCESS,,2026-07-30 05:43:48.314360,1
TXN100042,CUST9966,34649.22,UPI,SUCCESS,,2026-08-05 22:37:48.314360,1
TXN100043,CUST1820,3234.97,WALLET,SUCCESS,,2026-08-18 13:46:48.314360,3
TXN100044,CUST4043,18052.38,UPI,FAILED,TIMEOUT,2026-08-03 12:18:48.314360,1
TXN100045,CUST9869,38868.33,CARD,SUCCESS,,2026-08-21 12:07:48.314360,2
TXN100046,CUST7008,42993.53,WALLET,SUCCESS,,2026-08-04 02:11:48.314360,2
TXN100047,CUST6302,19282.27,UPI,SUCCESS,,2026-08-11 04:52:48.314360,3
TXN100048,CUST7818,42782.83,NETBANKING,SUCCESS,,2026-08-10 02:11:48.314360,2
TXN100049,CUST4467,16308.31,CARD,SUCCESS,,2026-08-10 18:54:48.314360,1
TXN100050,CUST1687,4377.2,CARD,SUCCESS,,2026-08-26 13:22:48.314360,1
TXN100051,CUST9771,12347.53,CARD,SUCCESS,,2026-08-15 22:59:48.314360,1
TXN100052,CUST8096,46421.32,UPI,SUCCESS,,2026-08-08 23:34:48.314360,1
TXN100053,CUST4605,927.87,UPI,SUCCESS,,2026-08-27 13:35:48.314360,3
TXN100054,CUST1507,5732.76,UPI,SUCCESS,,2026-08-19 17:05:48.314360,0
TXN100055,CUST6203,44547.21,UPI,SUCCESS,,2026-08-21 02:15:48.314360,0
TXN100056,CUST7996,36315.29,WALLET,FAILED,TIMEOUT,2026-08-26 23:58:48.314360,3
TXN100057,CUST6288,12684.38,NETBANKING,SUCCESS,,2026-08-27 21:00:48.314360,2
TXN100058,CUST6351,9702.39,UPI,SUCCESS,,2026-08-21 17:36:48.314360,0
TXN100059,CUST7149,21218.79,NETBANKING,SUCCESS,,2026-08-28 07:47:48.314360,3
TXN100060,CUST7736,20076.34,CARD,SUCCESS,,2026-08-08 00:05:48.314360,2
TXN100061,CUST9845,1599.54,NETBANKING,SUCCESS,,2026-08-12 14:06:48.314360,0
TXN100062,CUST3063,22661.14,CARD,FAILED,BANK_DECLINE,2026-07-30 19:38:48.314360,3
TXN100063,CUST1750,26255.42,UPI,SUCCESS,,2026-08-27 11:01:48.314360,0
TXN100064,CUST8975,9678.77,NETBANKING,SUCCESS,,2026-08-04 19:43:48.314360,0
TXN100065,CUST2615,48484.66,UPI,SUCCESS,,2026-08-02 05:02:48.314360,2
TXN100066,CUST2655,2142.69,CARD,SUCCESS,,2026-08-15 16:13:48.314360,2
TXN100067,CUST7734,535.42,NETBANKING,SUCCESS,,2026-08-13 13:13:48.314360,3
TXN100068,CUST5275,37781.36,NETBANKING,SUCCESS,,2026-08-09 08:29:48.314360,3
TXN100069,CUST9887,15833.54,UPI,FAILED,BANK_DECLINE,2026-08-07 14:29:48.314360,0
TXN100070,CUST3938,3693.63,NETBANKING,FAILED,NETWORK_ERROR,2026-08-22 11:40:48.314360,0
TXN100071,CUST1034,10465.41,NETBANKING,SUCCESS,,2026-08-04 02:40:48.314360,3
TXN100072,CUST2370,11376.14,WALLET,SUCCESS,,2026-08-23 08:26:48.314360,2
TXN100073,CUST8434,21171.5,CARD,FAILED,BANK_DECLINE,2026-08-13 08:32:48.314360,3
TXN100074,CUST2263,4001.55,NETBANKING,SUCCESS,,2026-08-13 13:07:48.314360,0
TXN100075,CUST7179,36050.8,NETBANKING,SUCCESS,,2026-08-09 09:33:48.314360,3
TXN100076,CUST3811,2009.16,UPI,SUCCESS,,2026-08-21 03:56:48.314360,0
TXN100077,CUST1139,9330.91,CARD,SUCCESS,,2026-08-02 11:16:48.314360,3
TXN100078,CUST1729,48981.99,CARD,SUCCESS,,2026-08-15 02:59:48.314360,1
TXN100079,CUST7529,5753.25,CARD,SUCCESS,,2026-08-17 21:55:48.314360,1
TXN100080,CUST2080,9658.24,CARD,SUCCESS,,2026-08-27 16:42:48.314360,3
TXN100081,CUST1162,29355.92,NETBANKING,SUCCESS,,2026-08-17 03:11:48.314360,2
TXN100082,CUST8728,16960.76,WALLET,FAILED,TIMEOUT,2026-08-11 17:56:48.314360,0
TXN100083,CUST2878,15501.58,WALLET,SUCCESS,,2026-08-18 13:09:48.314360,1
TXN100084,CUST6766,5225.84,WALLET,SUCCESS,,2026-08-07 07:06:48.314360,2
TXN100085,CUST5402,9160.9,NETBANKING,SUCCESS,,2026-08-02 03:31:48.314360,2
TXN100086,CUST2127,44052.14,CARD,SUCCESS,,2026-08-20 02:26:48.314360,3
TXN100087,CUST5112,6808.97,WALLET,SUCCESS,,2026-08-10 03:10:48.314360,3
TXN100088,CUST9625,41493.82,UPI,SUCCESS,,2026-08-17 19:31:48.314360,1
TXN100089,CUST5131,1078.59,WALLET,SUCCESS,,2026-08-01 06:11:48.314360,0
TXN100090,CUST2916,3048.32,NETBANKING,SUCCESS,,2026-08-09 14:39:48.314360,0
TXN100091,CUST4338,43965.72,NETBANKING,SUCCESS,,2026-08-17 02:30:48.314360,1
TXN100092,CUST4511,20079.11,CARD,FAILED,LIMIT_EXCEEDED,2026-08-05 22:26:48.314360,0
TXN100093,CUST8338,16388.56,WALLET,SUCCESS,,2026-08-13 12:52:48.314360,2
TXN100094,CUST2868,33510.06,WALLET,SUCCESS,,2026-08-20 19:20:48.314360,3
TXN100095,CUST4291,19843.54,UPI,FAILED,BANK_DECLINE,2026-08-12 06:56:48.314360,2
TXN100096,CUST5377,213.44,CARD,SUCCESS,,2026-08-26 10:37:48.314360,0
TXN100097,CUST6534,24093.57,WALLET,SUCCESS,,2026-08-04 16:54:48.314360,2
TXN100098,CUST9004,25762.96,UPI,SUCCESS,,2026-08-11 09:47:48.314360,0
TXN100099,CUST4213,9495.54,NETBANKING,SUCCESS,,2026-08-27 00:41:48.314360,1
TXN100100,CUST1275,22243.85,NETBANKING,SUCCESS,,2026-08-19 02:50:48.314360,1
TXN100101,CUST2706,8025.8,CARD,SUCCESS,,2026-08-07 09:05:48.314360,0
TXN100102,CUST5347,15293.0,WALLET,SUCCESS,,2026-08-01 23:52:48.314360,1
TXN100103,CUST3857,12759.72,UPI,SUCCESS,,2026-08-08 00:07:48.314360,2
TXN100104,CUST6531,46530.74,UPI,SUCCESS,,2026-08-14 19:09:48.314360,2
TXN100105,CUST9972,4449.2,WALLET,SUCCESS,,2026-08-13 14:23:48.314360,1
TXN100106,CUST4251,9112.8,WALLET,SUCCESS,,2026-08-09 05:51:48.314360,0
TXN100107,CUST5941,5857.94,WALLET,SUCCESS,,2026-08-10 22:11:48.314360,1
TXN100108,CUST6498,32922.53,UPI,SUCCESS,,2026-08-24 16:21:48.314360,3
TXN100109,CUST1853,13597.33,NETBANKING,SUCCESS,,2026-08-14 15:10:48.314360,0
TXN100110,CUST9334,2211.31,CARD,SUCCESS,,2026-08-15 21:18:48.314360,0
TXN100111,CUST7006,39813.38,WALLET,FAILED,NETWORK_ERROR,2026-08-07 01:08:48.314360,3
TXN100112,CUST8075,34235.13,CARD,SUCCESS,,2026-08-25 20:59:48.314360,0
TXN100113,CUST2372,25347.66,WALLET,SUCCESS,,2026-08-22 14:59:48.314360,3
TXN100114,CUST6979,30253.7,UPI,SUCCESS,,2026-08-24 17:55:48.314360,0
TXN100115,CUST5179,41238.59,CARD,SUCCESS,,2026-07-30 13:41:48.314360,1
TXN100116,CUST3718,3042.38,NETBANKING,SUCCESS,,2026-08-04 05:43:48.314360,3
TXN100117,CUST1350,37321.27,CARD,SUCCESS,,2026-08-25 18:19:48.314360,3
TXN100118,CUST1161,13259.76,NETBANKING,SUCCESS,,2026-08-27 03:59:48.314360,0
TXN100119,CUST7217,24163.02,NETBANKING,SUCCESS,,2026-08-04 21:35:48.314360,1
TXN100120,CUST3996,22007.01,WALLET,SUCCESS,,2026-08-25 09:57:48.314360,1
TXN100121,CUST6895,259.4,NETBANKING,FAILED,BANK_DECLINE,2026-08-23 11:40:48.314360,2
TXN100122,CUST2984,502.13,UPI,SUCCESS,,2026-08-26 18:47:48.314360,2
TXN100123,CUST5362,46109.2,NETBANKING,SUCCESS,,2026-08-09 08:34:48.314360,0
TXN100124,CUST4289,29866.51,UPI,SUCCESS,,2026-08-04 08:23:48.314360,1
TXN100125,CUST6799,30507.41,WALLET,SUCCESS,,2026-08-14 23:27:48.314360,0
TXN100126,CUST1063,48889.61,WALLET,SUCCESS,,2026-08-03 01:46:48.314360,1
TXN100127,CUST1697,37054.8,UPI,SUCCESS,,2026-08-19 14:41:48.314360,1
TXN100128,CUST9577,45682.76,WALLET,SUCCESS,,2026-08-17 01:43:48.314360,3
TXN100129,CUST4182,12209.03,WALLET,SUCCESS,,2026-07-30 09:08:48.314360,0
TXN100130,CUST8446,2757.98,CARD,SUCCESS,,2026-08-15 10:51:48.314360,0
TXN100131,CUST7010,36619.0,UPI,FAILED,BANK_DECLINE,2026-08-26 11:26:48.314360,3
TXN100132,CUST8038,9467.0,CARD,SUCCESS,,2026-08-04 12:27:48.314360,0
TXN100133,CUST2756,41074.81,WALLET,SUCCESS,,2026-08-05 19:08:48.314360,0
TXN100134,CUST3994,24593.41,WALLET,SUCCESS,,2026-08-22 09:13:48.314360,3
TXN100135,CUST6830,49230.32,UPI,SUCCESS,,2026-07-30 18:33:48.314360,1
TXN100136,CUST2149,35328.2,CARD,SUCCESS,,2026-08-11 15:29:48.314360,2
TXN100137,CUST6917,32545.81,WALLET,SUCCESS,,2026-08-09 13:52:48.314360,0
TXN100138,CUST4908,35349.26,NETBANKING,FAILED,LIMIT_EXCEEDED,2026-08-06 11:00:48.314360,3
TXN100139,CUST9796,34019.17,WALLET,SUCCESS,,2026-08-19 03:31:48.314360,3
TXN100140,CUST5379,23166.1,NETBANKING,SUCCESS,,2026-08-20 11:01:48.314360,0
TXN100141,CUST8077,16204.38,WALLET,SUCCESS,,2026-08-03 07:54:48.314360,3
TXN100142,CUST9349,31019.42,CARD,FAILED,NETWORK_ERROR,2026-08-10 16:02:48.314360,0
TXN100143,CUST9049,19258.16,NETBANKING,SUCCESS,,2026-08-26 17:15:48.314360,3
TXN100144,CUST8012,41298.68,WALLET,SUCCESS,,2026-08-07 06:43:48.314360,3
TXN100145,CUST7700,27192.27,CARD,SUCCESS,,2026-08-27 17:53:48.314360,2
TXN100146,CUST5271,37048.84,CARD,SUCCESS,,2026-08-18 12:42:48.314360,3
TXN100147,CUST7625,21996.49,NETBANKING,SUCCESS,,2026-08-13 00:09:48.314360,3
TXN100148,CUST9769,18406.21,CARD,SUCCESS,,2026-08-22 08:23:48.314360,1
TXN100149,CUST9478,36251.62,UPI,SUCCESS,,2026-08-13 08:47:48.314360,2
TXN100150,CUST4418,44731.27,UPI,SUCCESS,,2026-08-06 00:24:48.314360,1
TXN100151,CUST4829,15607.67,CARD,SUCCESS,,2026-08-25 11:57:48.314360,3
TXN100152,CUST5312,12212.19,WALLET,FAILED,INSUFFICIENT_FUNDS,2026-08-21 02:59:48.314360,3
TXN100153,CUST5196,45439.37,NETBANKING,SUCCESS,,2026-08-25 08:26:48.314360,0
TXN100154,CUST3311,13278.48,NETBANKING,FAILED,INSUFFICIENT_FUNDS,2026-08-20 15:59:48.314360,2
TXN100155,CUST8425,15409.71,UPI,SUCCESS,,2026-08-20 03:48:48.314360,3
TXN100156,CUST7505,30514.54,WALLET,SUCCESS,,2026-08-27 01:22:48.314360,1
TXN100157,CUST7783,8152.27,WALLET,SUCCESS,,2026-08-06 16:41:48.314360,1
TXN100158,CUST4692,47736.56,NETBANKING,SUCCESS,,2026-08-01 22:23:48.314360,1
TXN100159,CUST7203,20097.2,NETBANKING,SUCCESS,,2026-07-30 11:19:48.314360,0
TXN100160,CUST2410,15837.46,UPI,SUCCESS,,2026-08-19 07:47:48.314360,2
TXN100161,CUST2285,5519.0,NETBANKING,SUCCESS,,2026-08-01 07:45:48.314360,0
TXN100162,CUST3116,31907.06,NETBANKING,SUCCESS,,2026-08-09 06:14:48.314360,1
TXN100163,CUST5688,14065.07,WALLET,SUCCESS,,2026-08-17 09:48:48.314360,3
TXN100164,CUST4724,34446.08,UPI,SUCCESS,,2026-08-22 06:28:48.314360,3
TXN100165,CUST1431,35513.5,WALLET,SUCCESS,,2026-07-30 02:35:48.314360,0
TXN100166,CUST5708,13147.86,WALLET,SUCCESS,,2026-08-15 04:36:48.314360,3
TXN100167,CUST9333,9771.09,NETBANKING,SUCCESS,,2026-08-22 16:56:48.314360,3
TXN100168,CUST5570,14316.2,CARD,SUCCESS,,2026-08-06 07:02:48.314360,3
TXN100169,CUST5413,13444.57,UPI,SUCCESS,,2026-08-01 02:14:48.314360,0
TXN100170,CUST4661,10841.01,CARD,FAILED,INSUFFICIENT_FUNDS,2026-08-25 22:50:48.314360,3
TXN100171,CUST9666,36366.22,UPI,SUCCESS,,2026-07-30 20:56:48.314360,1
TXN100172,CUST6842,47889.34,NETBANKING,SUCCESS,,2026-08-16 11:56:48.314360,1
TXN100173,CUST1703,18994.57,WALLET,SUCCESS,,2026-07-30 03:04:48.314360,2
TXN100174,CUST2041,46935.86,UPI,SUCCESS,,2026-08-22 16:43:48.314360,2
TXN100175,CUST7656,16063.73,NETBANKING,FAILED,TIMEOUT,2026-08-15 12:45:48.314360,3
TXN100176,CUST6285,10132.9,NETBANKING,SUCCESS,,2026-08-09 21:08:48.314360,1
TXN100177,CUST9921,40469.25,NETBANKING,SUCCESS,,2026-08-15 11:58:48.314360,0
TXN100178,CUST3441,30152.09,NETBANKING,SUCCESS,,2026-08-12 14:51:48.314360,2
TXN100179,CUST5733,26141.66,CARD,FAILED,NETWORK_ERROR,2026-08-21 23:11:48.314360,2
TXN100180,CUST7176,8313.6,CARD,SUCCESS,,2026-08-17 01:33:48.314360,3
TXN100181,CUST7986,12655.42,NETBANKING,SUCCESS,,2026-08-18 18:27:48.314360,1
TXN100182,CUST4411,14837.02,UPI,SUCCESS,,2026-08-21 00:37:48.314360,2
TXN100183,CUST5390,27466.22,WALLET,SUCCESS,,2026-08-07 04:36:48.314360,1
TXN100184,CUST7455,8070.57,UPI,SUCCESS,,2026-08-04 18:04:48.314360,2
TXN100185,CUST6505,1732.84,UPI,FAILED,TIMEOUT,2026-08-27 17:11:48.314360,0
TXN100186,CUST9193,9312.19,CARD,SUCCESS,,2026-08-23 01:34:48.314360,1
TXN100187,CUST9039,35382.73,WALLET,FAILED,NETWORK_ERROR,2026-08-10 03:25:48.314360,1
TXN100188,CUST7763,10595.33,CARD,SUCCESS,,2026-08-15 09:22:48.314360,1
TXN100189,CUST1726,14103.29,CARD,SUCCESS,,2026-08-13 19:43:48.314360,3
TXN100190,CUST3946,10142.15,CARD,FAILED,NETWORK_ERROR,2026-08-15 04:26:48.314360,2
TXN100191,CUST3552,19098.59,NETBANKING,SUCCESS,,2026-08-11 00:47:48.314360,0
TXN100192,CUST5351,22502.78,UPI,SUCCESS,,2026-08-20 16:43:48.314360,0
TXN100193,CUST4504,39248.79,UPI,FAILED,NETWORK_ERROR,2026-08-05 08:43:48.314360,2
TXN100194,CUST4041,29821.0,UPI,SUCCESS,,2026-08-24 22:38:48.314360,1
TXN100195,CUST9463,3344.05,UPI,SUCCESS,,2026-08-19 21:58:48.314360,1
TXN100196,CUST4118,26645.15,WALLET,SUCCESS,,2026-08-22 16:57:48.314360,3
TXN100197,CUST3229,13090.43,NETBANKING,SUCCESS,,2026-08-08 07:59:48.314360,3
TXN100198,CUST7023,15846.75,CARD,SUCCESS,,2026-08-19 19:07:48.314360,2
TXN100199,CUST7362,29246.6,WALLET,SUCCESS,,2026-08-16 00:07:48.314360,0
TXN100200,CUST1603,35112.33,UPI,SUCCESS,,2026-08-03 15:57:48.314360,1
TXN100201,CUST8631,11721.2,WALLET,SUCCESS,,2026-08-22 06:35:48.314360,1
TXN100202,CUST1180,35555.75,NETBANKING,SUCCESS,,2026-08-04 11:56:48.314360,3
TXN100203,CUST5555,7985.66,CARD,SUCCESS,,2026-08-08 05:04:48.314360,1
TXN100204,CUST5022,36055.02,NETBANKING,SUCCESS,,2026-08-11 00:01:48.314360,3
TXN100205,CUST3323,5158.19,CARD,SUCCESS,,2026-07-30 09:49:48.314360,1
TXN100206,CUST9222,16197.22,NETBANKING,FAILED,INSUFFICIENT_FUNDS,2026-08-25 14:36:48.314360,1
TXN100207,CUST4952,3147.73,WALLET,FAILED,BANK_DECLINE,2026-08-19 23:18:48.314360,0
TXN100208,CUST2165,42457.43,CARD,SUCCESS,,2026-08-16 15:33:48.314360,3
TXN100209,CUST6721,21036.16,UPI,SUCCESS,,2026-08-16 21:30:48.314360,2
TXN100210,CUST1011,30152.28,NETBANKING,SUCCESS,,2026-08-06 03:23:48.314360,1
TXN100211,CUST3597,40923.38,NETBANKING,FAILED,BANK_DECLINE,2026-08-04 15:48:48.314360,3
TXN100212,CUST3884,19761.69,WALLET,SUCCESS,,2026-08-27 13:11:48.314360,1
TXN100213,CUST4413,36966.5,WALLET,FAILED,INSUFFICIENT_FUNDS,2026-08-18 02:27:48.314360,3
TXN100214,CUST3580,4642.05,CARD,SUCCESS,,2026-08-27 19:15:48.314360,2
TXN100215,CUST9950,13157.62,UPI,FAILED,BANK_DECLINE,2026-08-13 04:21:48.314360,1
TXN100216,CUST6843,24797.09,WALLET,SUCCESS,,2026-08-01 23:53:48.314360,1
TXN100217,CUST2112,3496.04,WALLET,SUCCESS,,2026-07-31 11:19:48.314360,3
TXN100218,CUST9599,24681.73,NETBANKING,SUCCESS,,2026-08-18 06:17:48.314360,0
TXN100219,CUST5539,18384.14,NETBANKING,SUCCESS,,2026-08-04 02:44:48.314360,2
TXN100220,CUST2069,11471.93,WALLET,SUCCESS,,2026-07-30 21:18:48.314360,0
TXN100221,CUST6892,27606.06,WALLET,SUCCESS,,2026-08-13 10:44:48.314360,1
TXN100222,CUST2818,9271.31,CARD,SUCCESS,,2026-08-26 07:47:48.314360,0
TXN100223,CUST1522,15010.1,WALLET,SUCCESS,,2026-08-22 01:01:48.314360,1
TXN100224,CUST9903,5089.47,WALLET,SUCCESS,,2026-08-12 17:40:48.314360,0
TXN100225,CUST9859,30425.38,CARD,SUCCESS,,2026-08-21 03:32:48.314360,3
TXN100226,CUST7101,37434.81,UPI,SUCCESS,,2026-08-01 12:27:48.314360,2
TXN100227,CUST4970,38567.68,WALLET,SUCCESS,,2026-08-19 10:19:48.314360,1
TXN100228,CUST3787,24370.01,CARD,FAILED,LIMIT_EXCEEDED,2026-08-12 09:48:48.314360,2
TXN100229,CUST1718,21874.96,UPI,SUCCESS,,2026-08-04 18:06:48.314360,2
TXN100230,CUST7587,19878.39,WALLET,FAILED,BANK_DECLINE,2026-08-04 16:24:48.314360,2
TXN100231,CUST5246,17970.54,NETBANKING,SUCCESS,,2026-08-19 00:01:48.314360,2
TXN100232,CUST8071,17610.21,CARD,SUCCESS,,2026-08-22 07:46:48.314360,0
TXN100233,CUST8944,12309.93,WALLET,SUCCESS,,2026-08-03 16:26:48.314360,1
TXN100234,CUST5330,27727.21,CARD,SUCCESS,,2026-08-15 02:29:48.314360,3
TXN100235,CUST5176,28362.88,CARD,SUCCESS,,2026-08-23 06:17:48.314360,1
TXN100236,CUST9470,28254.5,CARD,SUCCESS,,2026-08-04 07:35:48.314360,0
TXN100237,CUST8129,11262.65,CARD,SUCCESS,,2026-08-18 05:55:48.314360,0
TXN100238,CUST3794,39209.73,WALLET,FAILED,BANK_DECLINE,2026-08-16 16:46:48.314360,1
TXN100239,CUST4998,25374.22,WALLET,SUCCESS,,2026-07-29 23:24:48.314360,1
TXN100240,CUST4121,1049.66,WALLET,SUCCESS,,2026-08-11 02:26:48.314360,1
TXN100241,CUST1111,49657.72,CARD,SUCCESS,,2026-08-02 10:29:48.314360,0
TXN100242,CUST3940,31701.69,CARD,SUCCESS,,2026-08-21 11:58:48.314360,3
TXN100243,CUST7739,12403.46,CARD,FAILED,LIMIT_EXCEEDED,2026-08-17 05:47:48.314360,1
TXN100244,CUST2468,42429.87,CARD,SUCCESS,,2026-08-02 11:20:48.314360,1
TXN100245,CUST2129,33056.63,CARD,SUCCESS,,2026-08-24 02:37:48.314360,3
TXN100246,CUST4433,24792.06,CARD,SUCCESS,,2026-08-26 08:49:48.314360,2
TXN100247,CUST3569,7771.65,CARD,SUCCESS,,2026-08-06 06:47:48.314360,1
TXN100248,CUST1818,17528.49,WALLET,FAILED,TIMEOUT,2026-08-19 02:26:48.314360,3
TXN100249,CUST7093,13014.85,UPI,SUCCESS,,2026-08-05 14:36:48.314360,3
TXN100250,CUST9458,23237.76,UPI,SUCCESS,,2026-08-22 17:31:48.314360,1
TXN100251,CUST5037,42852.16,WALLET,SUCCESS,,2026-08-19 04:25:48.314360,2
TXN100252,CUST6775,31289.53,UPI,SUCCESS,,2026-08-11 21:10:48.314360,1
TXN100253,CUST1539,26046.34,UPI,SUCCESS,,2026-08-27 08:46:48.314360,2
TXN100254,CUST7325,39033.43,WALLET,SUCCESS,,2026-08-09 14:22:48.314360,3
TXN100255,CUST6331,13200.62,WALLET,SUCCESS,,2026-08-08 19:54:48.314360,0
TXN100256,CUST5144,1759.12,CARD,SUCCESS,,2026-08-18 09:48:48.314360,1
TXN100257,CUST5146,4144.62,CARD,SUCCESS,,2026-08-08 05:22:48.314360,2
TXN100258,CUST3214,40679.06,UPI,SUCCESS,,2026-08-03 00:19:48.314360,3
TXN100259,CUST2930,46365.3,NETBANKING,SUCCESS,,2026-08-20 07:34:48.314360,0
TXN100260,CUST1778,141.21,UPI,SUCCESS,,2026-08-05 14:04:48.314360,2
TXN100261,CUST1109,18122.97,CARD,FAILED,BANK_DECLINE,2026-08-24 19:50:48.314360,2
TXN100262,CUST8563,7490.88,NETBANKING,SUCCESS,,2026-08-22 21:10:48.314360,0
TXN100263,CUST3432,31248.2,NETBANKING,SUCCESS,,2026-08-14 04:15:48.314360,2
TXN100264,CUST1159,47081.06,CARD,SUCCESS,,2026-08-28 07:36:48.314360,2
TXN100265,CUST9257,37748.92,UPI,SUCCESS,,2026-08-03 16:57:48.314360,0
TXN100266,CUST8961,35794.68,UPI,SUCCESS,,2026-08-22 18:56:48.314360,3
TXN100267,CUST4961,44513.02,UPI,FAILED,NETWORK_ERROR,2026-08-05 04:58:48.314360,0
TXN100268,CUST2570,13356.06,WALLET,SUCCESS,,2026-08-15 18:40:48.314360,2
TXN100269,CUST7421,22333.84,CARD,SUCCESS,,2026-08-09 06:05:48.314360,2
TXN100270,CUST2600,10997.06,NETBANKING,SUCCESS,,2026-08-22 20:24:48.314360,2
TXN100271,CUST2483,10764.54,CARD,SUCCESS,,2026-08-22 06:46:48.314360,1
TXN100272,CUST2551,32221.09,WALLET,SUCCESS,,2026-08-16 08:32:48.314360,1
TXN100273,CUST3363,5770.16,WALLET,FAILED,TIMEOUT,2026-08-08 20:48:48.314360,2
TXN100274,CUST7429,11926.45,UPI,SUCCESS,,2026-08-07 11:07:48.314360,0
TXN100275,CUST3599,369.17,CARD,FAILED,BANK_DECLINE,2026-08-03 01:26:48.314360,1
TXN100276,CUST8743,27120.57,CARD,SUCCESS,,2026-08-13 22:19:48.314360,0
TXN100277,CUST2985,3274.26,CARD,SUCCESS,,2026-08-23 07:23:48.314360,0
TXN100278,CUST6639,1708.27,WALLET,SUCCESS,,2026-08-18 09:09:48.314360,3
TXN100279,CUST9741,10850.45,WALLET,SUCCESS,,2026-08-05 11:28:48.314360,0
TXN100280,CUST1957,485.16,WALLET,SUCCESS,,2026-08-15 19:26:48.314360,2
TXN100281,CUST2444,20258.66,NETBANKING,SUCCESS,,2026-08-12 06:30:48.314360,0
TXN100282,CUST7419,28879.44,CARD,SUCCESS,,2026-08-18 03:35:48.314360,2
TXN100283,CUST1963,41152.18,WALLET,FAILED,NETWORK_ERROR,2026-08-25 20:14:48.314360,2
TXN100284,CUST3298,32904.84,CARD,SUCCESS,,2026-07-31 05:37:48.314360,1
TXN100285,CUST1720,12835.74,WALLET,SUCCESS,,2026-08-06 16:10:48.314360,3
TXN100286,CUST3323,46367.8,UPI,FAILED,BANK_DECLINE,2026-08-09 12:04:48.314360,3
TXN100287,CUST8320,11987.87,WALLET,SUCCESS,,2026-08-19 13:11:48.314360,0
TXN100288,CUST2652,48619.16,UPI,SUCCESS,,2026-08-27 11:46:48.314360,2
TXN100289,CUST3119,28011.53,WALLET,SUCCESS,,2026-08-16 10:55:48.314360,1
TXN100290,CUST5081,45186.65,NETBANKING,SUCCESS,,2026-08-15 20:43:48.314360,2
TXN100291,CUST5210,6156.04,NETBANKING,SUCCESS,,2026-08-26 07:24:48.314360,3
TXN100292,CUST3848,33064.22,WALLET,SUCCESS,,2026-08-01 18:57:48.314360,1
TXN100293,CUST3544,22820.99,CARD,SUCCESS,,2026-08-05 12:14:48.314360,2
TXN100294,CUST5620,49239.65,NETBANKING,SUCCESS,,2026-07-31 07:38:48.314360,0
TXN100295,CUST2549,49540.15,NETBANKING,SUCCESS,,2026-07-30 10:44:48.314360,2
TXN100296,CUST7725,38407.57,NETBANKING,SUCCESS,,2026-08-03 22:43:48.314360,3
TXN100297,CUST6915,31543.45,CARD,SUCCESS,,2026-08-02 21:01:48.314360,1
TXN100298,CUST5841,44722.81,UPI,SUCCESS,,2026-08-20 00:48:48.314360,0
TXN100299,CUST1532,33543.66,UPI,FAILED,LIMIT_EXCEEDED,2026-08-01 17:47:48.314360,1
TXN100300,CUST1361,3266.5,CARD,SUCCESS,,2026-08-21 08:51:48.314360,2
TXN100301,CUST2573,25542.09,UPI,FAILED,INSUFFICIENT_FUNDS,2026-08-13 17:20:48.314360,0
TXN100302,CUST2069,2432.96,CARD,SUCCESS,,2026-08-02 07:45:48.314360,3
TXN100303,CUST4377,20601.55,NETBANKING,SUCCESS,,2026-08-02 03:17:48.314360,0
TXN100304,CUST8310,41249.49,UPI,FAILED,TIMEOUT,2026-08-17 11:36:48.314360,3
TXN100305,CUST1973,35387.64,WALLET,SUCCESS,,2026-08-16 02:53:48.314360,0
TXN100306,CUST8240,43284.52,NETBANKING,SUCCESS,,2026-08-08 04:53:48.314360,3
TXN100307,CUST6086,48918.62,WALLET,SUCCESS,,2026-08-06 03:56:48.314360,1
TXN100308,CUST2353,9449.32,UPI,SUCCESS,,2026-08-26 12:49:48.314360,0
TXN100309,CUST2999,18282.27,NETBANKING,SUCCESS,,2026-08-14 05:04:48.314360,3
TXN100310,CUST2084,45562.59,UPI,FAILED,BANK_DECLINE,2026-08-02 08:45:48.314360,2
TXN100311,CUST1908,25031.82,CARD,SUCCESS,,2026-08-26 01:03:48.314360,1
TXN100312,CUST2826,46204.68,NETBANKING,SUCCESS,,2026-08-24 03:14:48.314360,3
TXN100313,CUST4766,27262.9,WALLET,FAILED,NETWORK_ERROR,2026-08-03 14:58:48.314360,2
TXN100314,CUST2819,42588.87,NETBANKING,SUCCESS,,2026-08-03 22:02:48.314360,1
TXN100315,CUST1034,38548.18,NETBANKING,FAILED,INSUFFICIENT_FUNDS,2026-08-06 01:48:48.314360,1
TXN100316,CUST7886,22498.33,WALLET,SUCCESS,,2026-08-02 01:45:48.314360,2
TXN100317,CUST3373,24893.07,CARD,SUCCESS,,2026-08-03 11:30:48.314360,1
TXN100318,CUST5176,21274.6,UPI,SUCCESS,,2026-08-09 01:28:48.314360,3
TXN100319,CUST9271,43585.96,WALLET,SUCCESS,,2026-08-10 16:03:48.314360,1
TXN100320,CUST3465,18633.45,CARD,SUCCESS,,2026-08-09 12:26:48.314360,2
TXN100321,CUST2467,45347.6,NETBANKING,SUCCESS,,2026-08-23 11:33:48.314360,0
TXN100322,CUST7031,16345.21,UPI,SUCCESS,,2026-08-23 00:06:48.314360,2
TXN100323,CUST9418,41009.95,CARD,FAILED,NETWORK_ERROR,2026-07-30 04:05:48.314360,3
TXN100324,CUST7464,3155.17,WALLET,SUCCESS,,2026-07-31 21:46:48.314360,2
TXN100325,CUST7149,32938.7,WALLET,FAILED,LIMIT_EXCEEDED,2026-08-23 17:46:48.314360,0
TXN100326,CUST5170,35391.91,UPI,SUCCESS,,2026-08-13 06:07:48.314360,0
TXN100327,CUST1505,12764.42,CARD,SUCCESS,,2026-08-07 07:29:48.314360,1
TXN100328,CUST1757,1319.34,WALLET,SUCCESS,,2026-08-28 16:30:48.314360,1
TXN100329,CUST6491,33363.08,CARD,SUCCESS,,2026-08-18 13:44:48.314360,2
TXN100330,CUST2168,30227.18,NETBANKING,SUCCESS,,2026-07-31 02:51:48.314360,2
TXN100331,CUST9716,40589.54,UPI,SUCCESS,,2026-08-10 07:20:48.314360,0
TXN100332,CUST2307,21023.03,NETBANKING,SUCCESS,,2026-08-13 16:09:48.314360,3
TXN100333,CUST4034,23854.21,WALLET,SUCCESS,,2026-08-18 08:08:48.314360,0
TXN100334,CUST1772,40305.74,UPI,SUCCESS,,2026-08-10 07:17:48.314360,3
TXN100335,CUST8228,3409.65,CARD,SUCCESS,,2026-08-19 15:16:48.314360,1
TXN100336,CUST7309,30337.53,NETBANKING,SUCCESS,,2026-08-26 06:00:48.314360,1
TXN100337,CUST3761,38901.73,WALLET,SUCCESS,,2026-08-07 11:41:48.314360,3
TXN100338,CUST8879,12744.67,UPI,FAILED,LIMIT_EXCEEDED,2026-08-25 10:02:48.314360,2
TXN100339,CUST4760,46085.56,WALLET,FAILED,INSUFFICIENT_FUNDS,2026-08-04 08:48:48.314360,1
TXN100340,CUST9307,35498.67,UPI,FAILED,LIMIT_EXCEEDED,2026-08-15 00:43:48.314360,3
TXN100341,CUST3368,13414.3,NETBANKING,SUCCESS,,2026-08-28 17:20:48.314360,1
TXN100342,CUST2396,29404.22,WALLET,SUCCESS,,2026-08-17 16:54:48.314360,3
TXN100343,CUST4580,39313.8,WALLET,SUCCESS,,2026-08-19 08:46:48.314360,0
TXN100344,CUST3610,11426.07,CARD,SUCCESS,,2026-08-08 14:28:48.314360,0
TXN100345,CUST1669,20479.8,CARD,SUCCESS,,2026-08-17 17:26:48.314360,2
TXN100346,CUST9040,37182.92,WALLET,SUCCESS,,2026-08-06 06:02:48.314360,2
TXN100347,CUST6473,44451.13,NETBANKING,SUCCESS,,2026-08-17 14:23:48.314360,0
TXN100348,CUST7359,44449.88,CARD,SUCCESS,,2026-08-03 23:59:48.314360,0
TXN100349,CUST6909,35391.09,CARD,SUCCESS,,2026-08-22 17:48:48.314360,3
TXN100350,CUST2356,49034.48,CARD,FAILED,INSUFFICIENT_FUNDS,2026-08-26 01:13:48.314360,2
TXN100351,CUST3885,40744.34,CARD,SUCCESS,,2026-08-04 18:56:48.314360,1
TXN100352,CUST3845,32230.24,NETBANKING,FAILED,BANK_DECLINE,2026-08-13 04:20:48.314360,0
TXN100353,CUST4950,48753.34,UPI,SUCCESS,,2026-08-19 18:49:48.314360,2
TXN100354,CUST8989,32465.66,CARD,SUCCESS,,2026-08-14 15:28:48.314360,3
TXN100355,CUST1868,8249.23,CARD,FAILED,TIMEOUT,2026-08-09 02:32:48.314360,3
TXN100356,CUST8035,24202.14,CARD,SUCCESS,,2026-08-11 06:14:48.314360,3
TXN100357,CUST2658,47112.14,CARD,SUCCESS,,2026-08-21 17:58:48.314360,2
TXN100358,CUST6908,30530.41,WALLET,SUCCESS,,2026-08-11 22:20:48.314360,0
TXN100359,CUST2154,42796.3,CARD,SUCCESS,,2026-08-27 23:12:48.314360,0
TXN100360,CUST5731,34983.86,UPI,SUCCESS,,2026-07-30 09:37:48.314360,1
TXN100361,CUST9216,35592.9,WALLET,SUCCESS,,2026-08-26 23:32:48.314360,1
TXN100362,CUST5821,6363.27,WALLET,SUCCESS,,2026-08-18 11:18:48.314360,1
TXN100363,CUST6299,22652.25,WALLET,SUCCESS,,2026-08-09 20:56:48.314360,1
TXN100364,CUST4388,39024.36,WALLET,SUCCESS,,2026-08-11 17:29:48.314360,1
TXN100365,CUST4455,32177.79,UPI,SUCCESS,,2026-08-04 00:06:48.314360,3
TXN100366,CUST8383,26696.05,CARD,SUCCESS,,2026-08-10 19:25:48.314360,0
TXN100367,CUST2177,45611.47,NETBANKING,SUCCESS,,2026-08-13 01:38:48.314360,3
TXN100368,CUST7454,22497.83,NETBANKING,SUCCESS,,2026-08-27 23:09:48.314360,0
TXN100369,CUST2073,41131.51,NETBANKING,SUCCESS,,2026-08-27 03:40:48.314360,0
TXN100370,CUST9014,29545.05,UPI,SUCCESS,,2026-08-13 00:13:48.314360,1
TXN100371,CUST5353,38233.03,UPI,SUCCESS,,2026-08-07 08:18:48.314360,3
TXN100372,CUST4592,37936.07,WALLET,SUCCESS,,2026-07-30 05:22:48.314360,1
TXN100373,CUST5503,20421.64,WALLET,SUCCESS,,2026-08-24 08:06:48.314360,0
TXN100374,CUST1504,22715.63,UPI,SUCCESS,,2026-07-31 17:27:48.314360,2
TXN100375,CUST1030,33988.85,WALLET,SUCCESS,,2026-08-17 05:33:48.314360,1
TXN100376,CUST7541,23107.76,UPI,SUCCESS,,2026-08-25 12:05:48.314360,0
TXN100377,CUST4158,39713.26,CARD,SUCCESS,,2026-08-21 01:12:48.314360,1
TXN100378,CUST7792,30831.66,CARD,SUCCESS,,2026-08-18 14:46:48.314360,3
TXN100379,CUST8738,6833.7,CARD,SUCCESS,,2026-08-25 13:35:48.314360,0
TXN100380,CUST1098,12953.29,NETBANKING,SUCCESS,,2026-08-08 00:28:48.314360,2
TXN100381,CUST3088,46117.3,CARD,SUCCESS,,2026-08-03 15:38:48.314360,1
TXN100382,CUST9518,30932.04,WALLET,SUCCESS,,2026-08-23 04:39:48.314360,1
TXN100383,CUST9548,26616.74,CARD,SUCCESS,,2026-08-10 14:38:48.314360,2
TXN100384,CUST4160,44004.98,NETBANKING,SUCCESS,,2026-08-18 21:31:48.314360,3
TXN100385,CUST5960,45884.2,NETBANKING,SUCCESS,,2026-08-28 14:36:48.314360,0
TXN100386,CUST4788,48756.08,NETBANKING,SUCCESS,,2026-07-31 16:23:48.314360,1
TXN100387,CUST3897,1694.63,UPI,SUCCESS,,2026-08-11 03:48:48.314360,3
TXN100388,CUST3086,33072.04,WALLET,SUCCESS,,2026-08-06 05:06:48.314360,1
TXN100389,CUST7753,41759.43,WALLET,FAILED,LIMIT_EXCEEDED,2026-08-13 17:28:48.314360,1
TXN100390,CUST4240,3906.96,WALLET,SUCCESS,,2026-08-15 22:12:48.314360,0
TXN100391,CUST7790,14145.37,CARD,SUCCESS,,2026-08-10 22:36:48.314360,1
TXN100392,CUST2962,48504.76,UPI,SUCCESS,,2026-08-18 18:38:48.314360,3
TXN100393,CUST5685,889.04,NETBANKING,SUCCESS,,2026-08-21 16:43:48.314360,1
TXN100394,CUST2976,43938.83,CARD,SUCCESS,,2026-08-20 15:19:48.314360,0
TXN100395,CUST7514,41666.76,CARD,FAILED,BANK_DECLINE,2026-08-13 22:28:48.314360,0
TXN100396,CUST2464,25526.86,NETBANKING,SUCCESS,,2026-08-24 16:40:48.314360,0
TXN100397,CUST4739,19390.89,CARD,FAILED,LIMIT_EXCEEDED,2026-08-12 00:27:48.314360,3
TXN100398,CUST1578,12175.25,CARD,SUCCESS,,2026-08-17 14:43:48.314360,1
TXN100399,CUST4390,40532.02,WALLET,SUCCESS,,2026-08-03 05:20:48.314360,3
TXN100400,CUST9190,10294.11,UPI,SUCCESS,,2026-08-11 04:30:48.314360,3
TXN100401,CUST4955,37814.17,WALLET,SUCCESS,,2026-08-12 13:08:48.314360,1
TXN100402,CUST6651,35675.88,CARD,SUCCESS,,2026-08-01 22:08:48.314360,3
TXN100403,CUST8814,41240.97,WALLET,SUCCESS,,2026-08-09 10:01:48.314360,3
TXN100404,CUST6700,41845.09,NETBANKING,SUCCESS,,2026-08-27 12:39:48.314360,2
TXN100405,CUST3664,1124.59,CARD,SUCCESS,,2026-08-15 07:28:48.314360,3
TXN100406,CUST5531,30876.28,WALLET,SUCCESS,,2026-08-16 01:08:48.314360,3
TXN100407,CUST3730,48917.47,NETBANKING,SUCCESS,,2026-08-15 19:47:48.314360,0
TXN100408,CUST1753,14662.93,WALLET,FAILED,INSUFFICIENT_FUNDS,2026-08-01 20:36:48.314360,0
TXN100409,CUST4894,173.98,UPI,SUCCESS,,2026-08-13 10:27:48.314360,2
TXN100410,CUST3633,45830.1,NETBANKING,SUCCESS,,2026-08-21 18:49:48.314360,1
TXN100411,CUST4564,3206.14,WALLET,SUCCESS,,2026-08-25 03:59:48.314360,1
TXN100412,CUST7862,16660.48,WALLET,SUCCESS,,2026-08-06 22:44:48.314360,0
TXN100413,CUST8088,15727.13,CARD,SUCCESS,,2026-08-09 13:05:48.314360,1
TXN100414,CUST6613,26076.35,CARD,SUCCESS,,2026-08-28 19:58:48.314360,3
TXN100415,CUST3089,49497.29,UPI,FAILED,TIMEOUT,2026-08-25 01:19:48.314360,0
TXN100416,CUST4790,35200.14,UPI,SUCCESS,,2026-08-15 06:06:48.314360,0
TXN100417,CUST1498,5958.78,NETBANKING,SUCCESS,,2026-08-24 23:52:48.314360,3
TXN100418,CUST4560,37069.09,WALLET,SUCCESS,,2026-08-15 03:50:48.314360,1
TXN100419,CUST6719,6284.45,UPI,SUCCESS,,2026-08-17 13:25:48.314360,0
TXN100420,CUST2448,4316.98,UPI,SUCCESS,,2026-08-17 15:13:48.314360,1
TXN100421,CUST7391,15188.97,WALLET,SUCCESS,,2026-08-06 05:33:48.314360,3
TXN100422,CUST4964,10657.83,CARD,SUCCESS,,2026-08-25 10:04:48.314360,2
TXN100423,CUST3382,25182.45,UPI,SUCCESS,,2026-08-16 16:07:48.314360,3
TXN100424,CUST9725,5761.08,CARD,SUCCESS,,2026-08-08 14:28:48.314360,3
TXN100425,CUST9767,40245.96,NETBANKING,SUCCESS,,2026-08-26 10:51:48.314360,2
TXN100426,CUST2637,5989.76,CARD,SUCCESS,,2026-08-07 09:13:48.314360,2
TXN100427,CUST8372,20832.89,NETBANKING,SUCCESS,,2026-07-31 19:08:48.314360,3
TXN100428,CUST2333,36597.55,WALLET,FAILED,LIMIT_EXCEEDED,2026-08-03 20:53:48.314360,2
TXN100429,CUST4670,44495.14,WALLET,SUCCESS,,2026-08-13 07:48:48.314360,0
TXN100430,CUST9198,31415.14,CARD,SUCCESS,,2026-07-31 17:20:48.314360,3
TXN100431,CUST3008,45840.8,UPI,SUCCESS,,2026-08-14 05:36:48.314360,2
TXN100432,CUST7324,6528.54,UPI,SUCCESS,,2026-07-31 00:02:48.314360,3
TXN100433,CUST9702,27613.53,WALLET,SUCCESS,,2026-08-18 02:41:48.314360,2
TXN100434,CUST6052,2146.38,CARD,SUCCESS,,2026-07-30 03:23:48.314360,0
TXN100435,CUST7127,1564.06,WALLET,SUCCESS,,2026-08-21 20:13:48.314360,0
TXN100436,CUST7860,6905.35,UPI,SUCCESS,,2026-08-06 18:29:48.314360,2
TXN100437,CUST5400,47821.3,UPI,SUCCESS,,2026-08-10 23:30:48.314360,2
TXN100438,CUST3958,45714.49,NETBANKING,FAILED,BANK_DECLINE,2026-08-25 10:40:48.314360,1
TXN100439,CUST9222,31327.48,WALLET,FAILED,LIMIT_EXCEEDED,2026-08-11 19:02:48.314360,0
TXN100440,CUST2397,20432.74,NETBANKING,FAILED,BANK_DECLINE,2026-08-01 02:43:48.314360,2
TXN100441,CUST9757,46072.63,UPI,SUCCESS,,2026-07-30 01:44:48.314360,0
TXN100442,CUST1825,23489.37,CARD,SUCCESS,,2026-08-16 15:04:48.314360,3
TXN100443,CUST7116,44531.23,NETBANKING,SUCCESS,,2026-08-09 03:38:48.314360,3
TXN100444,CUST5168,34264.52,UPI,SUCCESS,,2026-08-12 17:24:48.314360,3
TXN100445,CUST5482,42865.71,CARD,SUCCESS,,2026-08-04 00:50:48.314360,2
TXN100446,CUST4849,18996.43,CARD,SUCCESS,,2026-08-01 14:54:48.314360,0
TXN100447,CUST3709,20775.45,WALLET,SUCCESS,,2026-08-07 18:53:48.314360,1
TXN100448,CUST8276,25262.58,CARD,SUCCESS,,2026-08-14 01:29:48.314360,0
TXN100449,CUST9171,12201.3,NETBANKING,FAILED,INSUFFICIENT_FUNDS,2026-08-11 19:55:48.314360,3
TXN100450,CUST1256,35627.04,CARD,SUCCESS,,2026-08-02 01:51:48.314360,0
TXN100451,CUST9788,43392.26,CARD,SUCCESS,,2026-08-23 10:31:48.314360,0
TXN100452,CUST9601,46585.16,WALLET,SUCCESS,,2026-08-26 19:27:48.314360,2
TXN100453,CUST4936,21122.87,NETBANKING,SUCCESS,,2026-08-16 19:42:48.314360,0
TXN100454,CUST4716,37002.61,NETBANKING,SUCCESS,,2026-08-06 01:26:48.314360,2
TXN100455,CUST8229,28479.89,NETBANKING,SUCCESS,,2026-08-18 04:50:48.314360,3
TXN100456,CUST3238,46770.01,WALLET,SUCCESS,,2026-08-01 15:09:48.314360,3
TXN100457,CUST7645,4220.54,UPI,SUCCESS,,2026-08-24 18:40:48.314360,3
TXN100458,CUST5097,16887.14,NETBANKING,FAILED,TIMEOUT,2026-08-13 02:11:48.314360,1
TXN100459,CUST4522,39108.3,WALLET,SUCCESS,,2026-08-13 14:25:48.314360,0
TXN100460,CUST7036,2552.39,NETBANKING,SUCCESS,,2026-08-20 13:54:48.314360,3
TXN100461,CUST3618,16823.78,WALLET,SUCCESS,,2026-08-14 04:43:48.314360,1
TXN100462,CUST7041,4019.5,WALLET,SUCCESS,,2026-08-11 08:05:48.314360,1
TXN100463,CUST2983,28925.71,WALLET,SUCCESS,,2026-08-05 10:05:48.314360,1
TXN100464,CUST5117,16630.34,UPI,SUCCESS,,2026-08-26 23:58:48.314360,1
TXN100465,CUST7462,30183.03,UPI,SUCCESS,,2026-08-21 16:14:48.314360,3
TXN100466,CUST7272,7877.78,NETBANKING,FAILED,NETWORK_ERROR,2026-08-12 12:32:48.314360,2
TXN100467,CUST9474,11636.29,CARD,SUCCESS,,2026-08-15 16:04:48.314360,0
TXN100468,CUST3063,33807.73,UPI,SUCCESS,,2026-08-03 18:38:48.314360,3
TXN100469,CUST7518,34490.35,WALLET,SUCCESS,,2026-07-31 03:05:48.314360,1
TXN100470,CUST3587,6652.47,WALLET,SUCCESS,,2026-08-03 12:22:48.314360,1
TXN100471,CUST3419,11566.78,NETBANKING,SUCCESS,,2026-08-20 01:13:48.314360,0
TXN100472,CUST4887,47803.95,CARD,SUCCESS,,2026-08-22 18:53:48.314360,0
TXN100473,CUST1247,13135.92,UPI,SUCCESS,,2026-08-06 17:30:48.314360,3
TXN100474,CUST3930,43095.35,UPI,SUCCESS,,2026-07-31 19:11:48.314360,1
TXN100475,CUST1096,35052.92,CARD,SUCCESS,,2026-08-20 02:38:48.314360,3
TXN100476,CUST6100,5693.65,NETBANKING,FAILED,NETWORK_ERROR,2026-08-19 14:35:48.314360,0
TXN100477,CUST2786,11449.3,CARD,SUCCESS,,2026-08-24 08:56:48.314360,3
TXN100478,CUST7231,34917.48,NETBANKING,SUCCESS,,2026-08-11 14:45:48.314360,3
TXN100479,CUST8121,33975.14,NETBANKING,SUCCESS,,2026-08-22 17:32:48.314360,3
TXN100480,CUST5534,16196.03,WALLET,SUCCESS,,2026-08-05 15:44:48.314360,3
TXN100481,CUST4130,39966.66,CARD,SUCCESS,,2026-08-16 01:15:48.314360,3
TXN100482,CUST2374,16398.78,WALLET,SUCCESS,,2026-08-08 19:40:48.314360,2
TXN100483,CUST6497,49064.36,WALLET,FAILED,INSUFFICIENT_FUNDS,2026-08-23 15:59:48.314360,1
TXN100484,CUST3853,26082.94,CARD,SUCCESS,,2026-08-02 05:26:48.314360,1
TXN100485,CUST3921,33653.76,UPI,SUCCESS,,2026-08-21 20:27:48.314360,0
TXN100486,CUST7661,2771.98,NETBANKING,SUCCESS,,2026-07-30 11:31:48.314360,3
TXN100487,CUST3285,1564.04,WALLET,SUCCESS,,2026-08-22 20:22:48.314360,3
TXN100488,CUST1711,43293.35,WALLET,SUCCESS,,2026-08-10 17:56:48.314360,3
TXN100489,CUST4646,46143.65,NETBANKING,SUCCESS,,2026-08-16 22:07:48.314360,1
TXN100490,CUST6502,24008.85,WALLET,SUCCESS,,2026-08-21 06:44:48.314360,1
TXN100491,CUST5402,38291.38,WALLET,SUCCESS,,2026-08-13 07:56:48.314360,2
TXN100492,CUST9715,22113.12,CARD,SUCCESS,,2026-08-08 18:16:48.314360,0
TXN100493,CUST6253,16850.98,CARD,SUCCESS,,2026-07-31 07:47:48.314360,2
TXN100494,CUST1404,21924.72,NETBANKING,FAILED,INSUFFICIENT_FUNDS,2026-08-22 02:56:48.314360,1
TXN100495,CUST2498,7039.05,NETBANKING,SUCCESS,,2026-08-09 22:35:48.314360,1
TXN100496,CUST8377,32341.62,CARD,SUCCESS,,2026-08-21 19:10:48.314360,3
TXN100497,CUST8988,17725.49,CARD,SUCCESS,,2026-08-11 20:09:48.314360,1
TXN100498,CUST3065,12587.54,WALLET,SUCCESS,,2026-08-10 06:41:48.314360,3
TXN100499,CUST9989,22024.34,NETBANKING,SUCCESS,,2026-08-04 19:34:48.314360,1
TXN100500,CUST1161,30465.47,CARD,SUCCESS,,2026-07-31 14:07:48.314360,0
TXN100501,CUST3011,26792.98,CARD,SUCCESS,,2026-07-30 18:08:48.314360,1
TXN100502,CUST8638,14887.04,UPI,SUCCESS,,2026-08-02 15:23:48.314360,1
TXN100503,CUST6088,11197.75,CARD,FAILED,LIMIT_EXCEEDED,2026-08-23 00:55:48.314360,2
TXN100504,CUST7041,36366.4,UPI,SUCCESS,,2026-07-31 07:41:48.314360,3
TXN100505,CUST7896,44537.45,WALLET,SUCCESS,,2026-08-05 19:03:48.314360,3
TXN100506,CUST6506,19787.29,WALLET,SUCCESS,,2026-08-01 14:13:48.314360,0
TXN100507,CUST3192,32230.28,UPI,SUCCESS,,2026-08-27 09:35:48.314360,1
TXN100508,CUST4267,10819.3,WALLET,SUCCESS,,2026-08-27 20:10:48.314360,3
TXN100509,CUST9484,20105.24,CARD,SUCCESS,,2026-08-11 10:26:48.314360,1
TXN100510,CUST7073,14180.2,NETBANKING,FAILED,LIMIT_EXCEEDED,2026-08-25 04:07:48.314360,1
TXN100511,CUST7290,6256.04,UPI,SUCCESS,,2026-08-21 15:07:48.314360,0
TXN100512,CUST4934,41055.29,CARD,SUCCESS,,2026-08-12 22:51:48.314360,1
TXN100513,CUST3973,11935.61,UPI,SUCCESS,,2026-08-05 22:26:48.314360,1
TXN100514,CUST9363,18223.68,NETBANKING,FAILED,BANK_DECLINE,2026-07-31 16:59:48.314360,1
TXN100515,CUST5054,38779.13,UPI,SUCCESS,,2026-08-02 09:12:48.314360,0
TXN100516,CUST1126,24293.47,CARD,SUCCESS,,2026-08-07 04:52:48.314360,3
TXN100517,CUST2224,5497.34,CARD,FAILED,LIMIT_EXCEEDED,2026-08-06 07:35:48.314360,3
TXN100518,CUST3086,35485.61,NETBANKING,SUCCESS,,2026-08-09 17:55:48.314360,3
TXN100519,CUST8454,49573.05,NETBANKING,SUCCESS,,2026-08-26 13:26:48.314360,0
TXN100520,CUST5230,27846.48,WALLET,SUCCESS,,2026-08-04 07:14:48.314360,3
TXN100521,CUST9597,43319.15,WALLET,FAILED,LIMIT_EXCEEDED,2026-08-05 10:56:48.314360,3
TXN100522,CUST8730,37416.36,UPI,SUCCESS,,2026-08-19 20:51:48.314360,2
TXN100523,CUST3047,43756.78,WALLET,FAILED,INSUFFICIENT_FUNDS,2026-08-23 10:00:48.314360,0
TXN100524,CUST5581,4784.18,UPI,FAILED,TIMEOUT,2026-08-14 17:27:48.314360,2
TXN100525,CUST4025,28815.26,NETBANKING,SUCCESS,,2026-08-28 03:06:48.314360,1
TXN100526,CUST3991,24812.29,NETBANKING,FAILED,INSUFFICIENT_FUNDS,2026-08-11 00:56:48.314360,2
TXN100527,CUST7823,19970.9,CARD,SUCCESS,,2026-08-04 05:43:48.314360,0
TXN100528,CUST6668,5098.85,WALLET,SUCCESS,,2026-08-27 17:55:48.314360,3
TXN100529,CUST7596,12071.23,NETBANKING,FAILED,NETWORK_ERROR,2026-08-03 05:32:48.314360,0
TXN100530,CUST6945,17340.66,NETBANKING,SUCCESS,,2026-07-30 11:39:48.314360,1
TXN100531,CUST6084,13481.79,UPI,SUCCESS,,2026-08-19 09:59:48.314360,2
TXN100532,CUST9094,49398.34,CARD,SUCCESS,,2026-08-15 15:43:48.314360,1
TXN100533,CUST2484,19332.29,CARD,SUCCESS,,2026-08-14 05:44:48.314360,3
TXN100534,CUST4089,7794.53,CARD,FAILED,BANK_DECLINE,2026-08-27 19:04:48.314360,0
TXN100535,CUST8930,2917.08,UPI,SUCCESS,,2026-08-10 19:07:48.314360,0
TXN100536,CUST1287,45590.63,UPI,SUCCESS,,2026-08-18 13:05:48.314360,1
TXN100537,CUST7893,23837.11,NETBANKING,SUCCESS,,2026-08-23 06:26:48.314360,3
TXN100538,CUST8788,28255.33,UPI,SUCCESS,,2026-08-14 07:24:48.314360,0
TXN100539,CUST1533,34525.06,UPI,SUCCESS,,2026-08-15 13:57:48.314360,2
TXN100540,CUST5666,13810.11,WALLET,SUCCESS,,2026-08-08 01:30:48.314360,2
TXN100541,CUST8562,36088.88,NETBANKING,FAILED,BANK_DECLINE,2026-07-31 07:31:48.314360,1
TXN100542,CUST9031,38401.97,CARD,SUCCESS,,2026-08-23 07:04:48.314360,0
TXN100543,CUST3019,30533.15,UPI,SUCCESS,,2026-08-19 23:09:48.314360,2
TXN100544,CUST7543,4742.17,UPI,SUCCESS,,2026-08-07 11:44:48.314360,2
TXN100545,CUST7821,34062.25,UPI,FAILED,LIMIT_EXCEEDED,2026-08-17 15:19:48.314360,1
TXN100546,CUST4820,20948.18,NETBANKING,SUCCESS,,2026-08-20 11:40:48.314360,2
TXN100547,CUST1558,20115.89,NETBANKING,SUCCESS,,2026-08-21 20:10:48.314360,3
TXN100548,CUST7296,20972.78,NETBANKING,SUCCESS,,2026-08-23 08:26:48.314360,2
TXN100549,CUST6174,25973.88,NETBANKING,SUCCESS,,2026-08-13 18:00:48.314360,0
TXN100550,CUST8278,42339.03,WALLET,SUCCESS,,2026-08-21 23:03:48.314360,0
TXN100551,CUST2934,48591.81,UPI,SUCCESS,,2026-08-22 09:22:48.314360,2
TXN100552,CUST2588,20075.89,UPI,SUCCESS,,2026-08-04 19:01:48.314360,2
TXN100553,CUST7925,6927.72,NETBANKING,FAILED,TIMEOUT,2026-08-09 08:51:48.314360,1
TXN100554,CUST5360,38100.66,CARD,SUCCESS,,2026-08-02 12:05:48.314360,3
TXN100555,CUST4220,1795.22,UPI,FAILED,LIMIT_EXCEEDED,2026-08-11 02:53:48.314360,0
TXN100556,CUST4632,11717.53,CARD,SUCCESS,,2026-08-04 17:12:48.314360,1
TXN100557,CUST7164,15081.92,UPI,SUCCESS,,2026-07-30 18:47:48.314360,3
TXN100558,CUST4801,28946.21,NETBANKING,SUCCESS,,2026-08-18 08:27:48.314360,3
TXN100559,CUST7559,7815.65,CARD,FAILED,NETWORK_ERROR,2026-08-27 19:51:48.314360,0
TXN100560,CUST5126,46008.2,NETBANKING,SUCCESS,,2026-08-23 03:19:48.314360,1
TXN100561,CUST5989,46295.19,CARD,SUCCESS,,2026-08-23 12:44:48.314360,3
TXN100562,CUST5032,3943.52,CARD,SUCCESS,,2026-08-28 00:21:48.314360,1
TXN100563,CUST8227,24595.07,CARD,SUCCESS,,2026-08-11 10:04:48.314360,3
TXN100564,CUST2198,42029.27,WALLET,SUCCESS,,2026-08-16 05:10:48.314360,3
TXN100565,CUST4175,25326.53,WALLET,FAILED,NETWORK_ERROR,2026-08-04 22:14:48.314360,3
TXN100566,CUST8422,39102.16,UPI,SUCCESS,,2026-08-10 22:26:48.314360,3
TXN100567,CUST2486,37883.09,NETBANKING,SUCCESS,,2026-08-17 23:26:48.314360,3
TXN100568,CUST8032,16235.6,WALLET,FAILED,NETWORK_ERROR,2026-08-19 19:47:48.314360,1
TXN100569,CUST1835,5140.78,UPI,SUCCESS,,2026-08-12 19:48:48.314360,3
TXN100570,CUST4549,35200.72,CARD,FAILED,TIMEOUT,2026-08-05 22:48:48.314360,2
TXN100571,CUST2953,11329.8,NETBANKING,SUCCESS,,2026-08-01 03:16:48.314360,1
TXN100572,CUST5072,5627.63,WALLET,SUCCESS,,2026-08-06 16:16:48.314360,3
TXN100573,CUST7007,10999.54,CARD,FAILED,BANK_DECLINE,2026-08-08 22:20:48.314360,0
TXN100574,CUST9539,41741.88,CARD,SUCCESS,,2026-08-06 06:44:48.314360,1
TXN100575,CUST7309,49021.13,UPI,SUCCESS,,2026-08-17 15:44:48.314360,2
TXN100576,CUST5517,47371.95,UPI,SUCCESS,,2026-08-19 23:59:48.314360,0
TXN100577,CUST9959,10138.85,UPI,SUCCESS,,2026-07-30 14:25:48.314360,3
TXN100578,CUST4797,37550.42,UPI,SUCCESS,,2026-08-23 10:53:48.314360,0
TXN100579,CUST7618,1656.0,NETBANKING,SUCCESS,,2026-08-19 21:46:48.314360,0
TXN100580,CUST4496,7839.07,NETBANKING,FAILED,NETWORK_ERROR,2026-08-13 00:15:48.314360,2
TXN100581,CUST7850,4429.93,WALLET,SUCCESS,,2026-08-23 18:04:48.314360,3
TXN100582,CUST8440,19783.14,UPI,SUCCESS,,2026-08-07 09:35:48.314360,0
TXN100583,CUST4080,47093.54,NETBANKING,SUCCESS,,2026-07-31 23:21:48.314360,3
TXN100584,CUST5304,4661.29,UPI,SUCCESS,,2026-08-28 04:04:48.314360,0
TXN100585,CUST2619,2217.39,NETBANKING,FAILED,BANK_DECLINE,2026-08-07 15:35:48.314360,3
TXN100586,CUST4402,33095.54,CARD,SUCCESS,,2026-08-27 03:51:48.314360,2
TXN100587,CUST3705,13627.96,CARD,SUCCESS,,2026-08-28 20:46:48.314360,0
TXN100588,CUST5054,17546.04,CARD,FAILED,TIMEOUT,2026-08-17 17:00:48.314360,2
TXN100589,CUST1811,3761.09,WALLET,SUCCESS,,2026-08-04 15:09:48.314360,0
TXN100590,CUST9723,35037.45,NETBANKING,SUCCESS,,2026-08-04 17:54:48.314360,1
TXN100591,CUST2796,19543.16,WALLET,SUCCESS,,2026-08-11 21:33:48.314360,1
TXN100592,CUST2049,47334.58,CARD,SUCCESS,,2026-08-12 18:35:48.314360,2
TXN100593,CUST3223,13031.27,NETBANKING,FAILED,NETWORK_ERROR,2026-08-06 00:00:48.314360,0
TXN100594,CUST5937,7454.38,CARD,SUCCESS,,2026-08-10 08:10:48.314360,1
TXN100595,CUST1438,8394.33,NETBANKING,SUCCESS,,2026-08-01 07:36:48.314360,0
TXN100596,CUST3797,49692.63,CARD,FAILED,BANK_DECLINE,2026-07-30 13:05:48.314360,2
TXN100597,CUST6840,5466.19,CARD,FAILED,INSUFFICIENT_FUNDS,2026-08-28 01:47:48.314360,1
TXN100598,CUST6890,7648.89,UPI,SUCCESS,,2026-08-22 21:07:48.314360,3
TXN100599,CUST1890,24414.4,UPI,SUCCESS,,2026-08-01 04:56:48.314360,3
TXN100600,CUST3762,42444.5,UPI,SUCCESS,,2026-08-20 16:20:48.314360,3
TXN100601,CUST7255,44152.93,CARD,SUCCESS,,2026-08-02 14:53:48.314360,1
TXN100602,CUST8431,25967.04,CARD,SUCCESS,,2026-08-04 16:29:48.314360,1
TXN100603,CUST9779,36180.57,WALLET,SUCCESS,,2026-08-20 22:17:48.314360,1
TXN100604,CUST1165,35965.29,NETBANKING,SUCCESS,,2026-08-25 01:30:48.314360,3
TXN100605,CUST4965,12628.77,UPI,SUCCESS,,2026-08-13 13:33:48.314360,2
TXN100606,CUST5093,44045.08,WALLET,FAILED,TIMEOUT,2026-08-24 07:34:48.314360,1
TXN100607,CUST2576,4442.59,WALLET,SUCCESS,,2026-08-05 13:22:48.314360,3
TXN100608,CUST6130,34700.42,CARD,SUCCESS,,2026-08-18 13:17:48.314360,2
TXN100609,CUST6114,38569.44,NETBANKING,FAILED,NETWORK_ERROR,2026-08-02 17:02:48.314360,1
TXN100610,CUST3729,19747.96,NETBANKING,SUCCESS,,2026-08-28 20:22:48.314360,1
TXN100611,CUST5079,36821.07,UPI,SUCCESS,,2026-08-05 23:36:48.314360,0
TXN100612,CUST8013,48245.35,CARD,SUCCESS,,2026-08-23 22:33:48.314360,3
TXN100613,CUST9732,49537.89,NETBANKING,SUCCESS,,2026-08-27 03:49:48.314360,0
TXN100614,CUST6943,32369.27,WALLET,SUCCESS,,2026-07-31 20:32:48.314360,3
TXN100615,CUST3332,46710.65,CARD,SUCCESS,,2026-08-23 05:22:48.314360,2
TXN100616,CUST4225,8229.58,WALLET,SUCCESS,,2026-08-28 12:03:48.314360,3
TXN100617,CUST9970,6731.25,UPI,SUCCESS,,2026-08-09 13:18:48.314360,2
TXN100618,CUST4636,49005.25,WALLET,SUCCESS,,2026-08-10 13:10:48.314360,1
TXN100619,CUST3121,16271.16,UPI,SUCCESS,,2026-08-23 16:01:48.314360,0
TXN100620,CUST1439,20986.59,NETBANKING,SUCCESS,,2026-08-15 19:57:48.314360,3
TXN100621,CUST1543,15351.35,UPI,SUCCESS,,2026-07-31 07:22:48.314360,3
TXN100622,CUST3786,29441.31,CARD,FAILED,BANK_DECLINE,2026-08-19 14:20:48.314360,0
TXN100623,CUST9706,8047.69,NETBANKING,SUCCESS,,2026-08-02 22:34:48.314360,1
TXN100624,CUST8870,7345.58,WALLET,SUCCESS,,2026-08-03 15:20:48.314360,3
TXN100625,CUST4886,44864.39,UPI,FAILED,LIMIT_EXCEEDED,2026-08-26 18:13:48.314360,0
TXN100626,CUST9148,30625.09,NETBANKING,FAILED,LIMIT_EXCEEDED,2026-08-02 17:30:48.314360,1
TXN100627,CUST7640,23061.45,CARD,SUCCESS,,2026-08-25 16:15:48.314360,3
TXN100628,CUST8173,13011.53,CARD,SUCCESS,,2026-08-03 15:05:48.314360,2
TXN100629,CUST3968,21955.62,WALLET,SUCCESS,,2026-07-31 08:31:48.314360,1
TXN100630,CUST3972,11768.46,WALLET,SUCCESS,,2026-08-09 10:56:48.314360,3
TXN100631,CUST5902,29758.23,UPI,SUCCESS,,2026-08-15 14:10:48.314360,1
TXN100632,CUST8617,41670.96,UPI,SUCCESS,,2026-08-04 12:51:48.314360,0
TXN100633,CUST1769,40265.2,WALLET,SUCCESS,,2026-08-25 06:37:48.314360,3
TXN100634,CUST5893,12059.38,WALLET,SUCCESS,,2026-08-03 03:16:48.314360,0
TXN100635,CUST1683,40287.27,UPI,SUCCESS,,2026-08-04 05:05:48.314360,0
TXN100636,CUST4227,2710.03,CARD,SUCCESS,,2026-08-16 14:35:48.314360,3
TXN100637,CUST4390,13822.38,NETBANKING,SUCCESS,,2026-08-28 19:57:48.314360,1
TXN100638,CUST4265,21187.09,WALLET,SUCCESS,,2026-08-01 02:17:48.314360,3
TXN100639,CUST1995,7278.0,NETBANKING,SUCCESS,,2026-08-02 03:01:48.314360,0
TXN100640,CUST9843,2022.1,UPI,SUCCESS,,2026-07-30 12:29:48.314360,3
TXN100641,CUST1610,5978.04,CARD,SUCCESS,,2026-08-24 20:24:48.314360,3
TXN100642,CUST7215,1824.99,NETBANKING,SUCCESS,,2026-07-30 21:32:48.314360,2
TXN100643,CUST5501,20533.27,WALLET,SUCCESS,,2026-08-11 07:16:48.314360,0
TXN100644,CUST7620,13915.41,CARD,FAILED,LIMIT_EXCEEDED,2026-08-09 17:01:48.314360,0
TXN100645,CUST7503,34001.37,NETBANKING,SUCCESS,,2026-08-09 19:32:48.314360,0
TXN100646,CUST8589,41548.51,UPI,SUCCESS,,2026-08-23 03:37:48.314360,2
TXN100647,CUST7398,21315.94,NETBANKING,SUCCESS,,2026-08-22 04:32:48.314360,2
TXN100648,CUST7762,32188.85,CARD,FAILED,BANK_DECLINE,2026-08-25 18:14:48.314360,3
TXN100649,CUST8320,19129.56,CARD,SUCCESS,,2026-07-29 22:40:48.314360,2
TXN100650,CUST8869,49424.62,NETBANKING,SUCCESS,,2026-08-12 14:41:48.314360,3
TXN100651,CUST8511,12015.94,CARD,SUCCESS,,2026-08-28 08:44:48.314360,2
TXN100652,CUST4430,37026.99,CARD,SUCCESS,,2026-08-20 20:12:48.314360,2
TXN100653,CUST1951,26729.22,NETBANKING,FAILED,INSUFFICIENT_FUNDS,2026-08-06 07:32:48.314360,2
TXN100654,CUST6689,14573.35,UPI,SUCCESS,,2026-08-08 22:34:48.314360,1
TXN100655,CUST5579,26071.06,NETBANKING,SUCCESS,,2026-08-14 00:30:48.314360,3
TXN100656,CUST6900,34403.94,NETBANKING,SUCCESS,,2026-07-31 11:03:48.314360,2
TXN100657,CUST8739,41296.22,WALLET,SUCCESS,,2026-08-09 11:23:48.314360,2
TXN100658,CUST9498,45939.27,UPI,SUCCESS,,2026-08-10 12:41:48.314360,1
TXN100659,CUST2126,48354.27,CARD,FAILED,LIMIT_EXCEEDED,2026-08-05 21:44:48.314360,3
TXN100660,CUST3593,16411.95,WALLET,SUCCESS,,2026-08-12 18:41:48.314360,0
TXN100661,CUST1473,17062.07,CARD,SUCCESS,,2026-08-12 15:26:48.314360,2
TXN100662,CUST8851,31579.07,WALLET,SUCCESS,,2026-08-07 00:14:48.314360,3
TXN100663,CUST9039,21616.83,UPI,SUCCESS,,2026-08-05 01:52:48.314360,1
TXN100664,CUST3173,39086.62,NETBANKING,FAILED,LIMIT_EXCEEDED,2026-08-18 09:07:48.314360,3
TXN100665,CUST4839,16581.0,NETBANKING,SUCCESS,,2026-08-21 16:42:48.314360,3
TXN100666,CUST2931,38221.11,WALLET,SUCCESS,,2026-08-28 04:51:48.314360,3
TXN100667,CUST6252,437.1,WALLET,SUCCESS,,2026-08-22 03:57:48.314360,1
TXN100668,CUST4962,24492.68,NETBANKING,SUCCESS,,2026-08-10 13:29:48.314360,0
TXN100669,CUST5624,12124.56,NETBANKING,SUCCESS,,2026-08-28 13:45:48.314360,0
TXN100670,CUST8237,40451.63,WALLET,FAILED,INSUFFICIENT_FUNDS,2026-08-17 12:35:48.314360,1
TXN100671,CUST6058,14723.39,WALLET,SUCCESS,,2026-08-23 21:54:48.314360,0
TXN100672,CUST8944,12340.1,WALLET,SUCCESS,,2026-08-17 03:36:48.314360,1
TXN100673,CUST1958,34476.73,CARD,SUCCESS,,2026-08-21 04:11:48.314360,1
TXN100674,CUST9758,12160.31,NETBANKING,SUCCESS,,2026-08-03 06:58:48.314360,3
TXN100675,CUST3627,28512.03,WALLET,SUCCESS,,2026-08-14 07:22:48.314360,3
TXN100676,CUST2980,27382.64,NETBANKING,SUCCESS,,2026-08-16 17:01:48.314360,3
TXN100677,CUST5170,29037.84,UPI,SUCCESS,,2026-07-31 20:11:48.314360,2
TXN100678,CUST4787,11850.27,CARD,FAILED,INSUFFICIENT_FUNDS,2026-08-22 12:00:48.314360,0
TXN100679,CUST8626,43365.22,NETBANKING,SUCCESS,,2026-08-06 19:34:48.314360,2
TXN100680,CUST2344,29784.22,CARD,SUCCESS,,2026-08-07 03:24:48.314360,2
TXN100681,CUST5009,16395.58,NETBANKING,SUCCESS,,2026-07-30 13:32:48.314360,3
TXN100682,CUST6181,10051.75,CARD,SUCCESS,,2026-08-27 23:10:48.314360,0
TXN100683,CUST5579,36765.1,CARD,SUCCESS,,2026-08-10 02:17:48.314360,0
TXN100684,CUST7181,23298.1,NETBANKING,FAILED,TIMEOUT,2026-08-20 04:50:48.314360,3
TXN100685,CUST3067,15102.66,UPI,SUCCESS,,2026-08-16 05:25:48.314360,3
TXN100686,CUST6813,34895.78,NETBANKING,SUCCESS,,2026-08-28 12:56:48.314360,1
TXN100687,CUST6708,22786.98,CARD,FAILED,TIMEOUT,2026-08-05 03:51:48.314360,3
TXN100688,CUST4302,41850.72,UPI,SUCCESS,,2026-08-15 20:42:48.314360,0
TXN100689,CUST8096,45443.42,WALLET,FAILED,LIMIT_EXCEEDED,2026-08-15 21:30:48.314360,0
TXN100690,CUST5007,16987.52,NETBANKING,SUCCESS,,2026-08-05 03:21:48.314360,2
TXN100691,CUST5745,10467.89,WALLET,SUCCESS,,2026-07-30 04:25:48.314360,2
TXN100692,CUST1384,5321.0,CARD,SUCCESS,,2026-08-03 22:46:48.314360,1
TXN100693,CUST3113,42075.69,NETBANKING,SUCCESS,,2026-08-17 23:12:48.314360,2
TXN100694,CUST4928,41833.58,NETBANKING,SUCCESS,,2026-08-23 07:44:48.314360,2
TXN100695,CUST7182,23218.29,NETBANKING,SUCCESS,,2026-08-16 20:21:48.314360,1
TXN100696,CUST2409,42010.06,CARD,SUCCESS,,2026-08-25 14:53:48.314360,2
TXN100697,CUST4242,1023.3,UPI,SUCCESS,,2026-08-23 04:28:48.314360,0
TXN100698,CUST4805,5182.45,NETBANKING,SUCCESS,,2026-07-29 21:40:48.314360,3
TXN100699,CUST6424,7038.98,UPI,SUCCESS,,2026-08-26 04:08:48.314360,3
TXN100700,CUST8071,9257.63,CARD,SUCCESS,,2026-08-17 04:26:48.314360,0
TXN100701,CUST5825,25049.81,CARD,SUCCESS,,2026-08-10 02:59:48.314360,3
TXN100702,CUST8051,38004.55,UPI,SUCCESS,,2026-08-25 04:18:48.314360,3
TXN100703,CUST9993,37730.09,WALLET,SUCCESS,,2026-08-16 23:17:48.314360,2
TXN100704,CUST3309,21731.98,WALLET,SUCCESS,,2026-08-21 05:07:48.314360,2
TXN100705,CUST5595,26511.92,UPI,SUCCESS,,2026-08-21 14:21:48.314360,2
TXN100706,CUST1739,16005.45,NETBANKING,SUCCESS,,2026-08-20 21:36:48.314360,3
TXN100707,CUST6813,22202.93,NETBANKING,SUCCESS,,2026-08-01 20:36:48.314360,0
TXN100708,CUST7962,24123.0,CARD,SUCCESS,,2026-08-23 15:38:48.314360,2
TXN100709,CUST9794,38511.13,UPI,SUCCESS,,2026-08-01 17:01:48.314360,0
TXN100710,CUST5878,19219.91,WALLET,SUCCESS,,2026-08-01 05:14:48.314360,2
TXN100711,CUST3251,18967.31,WALLET,SUCCESS,,2026-08-24 13:28:48.314360,3
TXN100712,CUST1124,8710.12,CARD,SUCCESS,,2026-08-21 17:31:48.314360,3
TXN100713,CUST8158,36208.84,UPI,SUCCESS,,2026-08-01 10:02:48.314360,0
TXN100714,CUST9832,48571.4,NETBANKING,FAILED,NETWORK_ERROR,2026-08-27 08:21:48.314360,3
TXN100715,CUST5156,25074.75,CARD,SUCCESS,,2026-08-01 09:52:48.314360,1
TXN100716,CUST3276,43539.89,WALLET,FAILED,TIMEOUT,2026-08-26 00:00:48.314360,3
TXN100717,CUST5064,38261.79,UPI,SUCCESS,,2026-08-04 12:38:48.314360,0
TXN100718,CUST3698,49528.42,WALLET,SUCCESS,,2026-07-30 22:04:48.314360,3
TXN100719,CUST8332,40053.37,CARD,SUCCESS,,2026-08-16 06:41:48.314360,3
TXN100720,CUST5304,28706.67,CARD,SUCCESS,,2026-08-03 04:41:48.314360,1
TXN100721,CUST2778,6083.79,NETBANKING,SUCCESS,,2026-08-14 10:48:48.314360,3
TXN100722,CUST7224,15863.43,NETBANKING,SUCCESS,,2026-08-20 02:48:48.314360,0
TXN100723,CUST1523,23715.25,UPI,SUCCESS,,2026-08-23 03:52:48.314360,0
TXN100724,CUST3765,11028.09,NETBANKING,SUCCESS,,2026-08-04 07:20:48.314360,1
TXN100725,CUST4815,16277.78,NETBANKING,SUCCESS,,2026-08-21 08:19:48.314360,2
TXN100726,CUST6438,49670.66,UPI,SUCCESS,,2026-07-30 03:11:48.314360,1
TXN100727,CUST7340,16150.12,WALLET,FAILED,LIMIT_EXCEEDED,2026-08-25 10:13:48.314360,3
TXN100728,CUST7707,22760.22,UPI,SUCCESS,,2026-08-06 00:56:48.314360,3
TXN100729,CUST5218,900.24,NETBANKING,SUCCESS,,2026-08-09 11:44:48.314360,0
TXN100730,CUST5711,34620.09,CARD,FAILED,BANK_DECLINE,2026-08-01 02:14:48.314360,3
TXN100731,CUST4631,255.7,UPI,SUCCESS,,2026-07-31 23:48:48.314360,0
TXN100732,CUST1016,18818.35,CARD,FAILED,LIMIT_EXCEEDED,2026-08-19 10:56:48.314360,2
TXN100733,CUST7157,49603.02,WALLET,SUCCESS,,2026-08-03 03:38:48.314360,3
TXN100734,CUST5002,1891.06,NETBANKING,SUCCESS,,2026-08-14 03:29:48.314360,0
TXN100735,CUST1013,10000.45,CARD,SUCCESS,,2026-08-24 22:05:48.314360,1
TXN100736,CUST5662,10886.44,CARD,SUCCESS,,2026-08-17 01:35:48.314360,2
TXN100737,CUST3288,22625.69,NETBANKING,SUCCESS,,2026-07-31 15:40:48.314360,3
TXN100738,CUST2746,29532.03,UPI,SUCCESS,,2026-08-15 00:06:48.314360,1
TXN100739,CUST3926,12700.45,WALLET,SUCCESS,,2026-08-05 06:11:48.314360,2
TXN100740,CUST1370,47037.47,UPI,SUCCESS,,2026-08-05 12:54:48.314360,3
TXN100741,CUST1513,48856.81,NETBANKING,SUCCESS,,2026-07-30 01:53:48.314360,3
TXN100742,CUST3876,30152.95,UPI,SUCCESS,,2026-08-14 17:30:48.314360,1
TXN100743,CUST7920,19227.23,NETBANKING,SUCCESS,,2026-08-09 04:52:48.314360,3
TXN100744,CUST4047,13293.15,NETBANKING,SUCCESS,,2026-07-29 23:31:48.314360,1
TXN100745,CUST5765,29380.74,NETBANKING,SUCCESS,,2026-08-26 19:48:48.314360,3
TXN100746,CUST6276,28765.35,WALLET,SUCCESS,,2026-08-02 14:15:48.314360,3
TXN100747,CUST4103,33275.09,CARD,FAILED,INSUFFICIENT_FUNDS,2026-08-12 19:20:48.314360,0
TXN100748,CUST7576,20436.83,CARD,FAILED,NETWORK_ERROR,2026-08-17 03:05:48.314360,3
TXN100749,CUST4716,30153.69,NETBANKING,SUCCESS,,2026-08-25 13:05:48.314360,2
TXN100750,CUST5220,14442.69,WALLET,SUCCESS,,2026-08-05 08:51:48.314360,3
TXN100751,CUST5754,3827.99,UPI,FAILED,NETWORK_ERROR,2026-08-10 21:54:48.314360,3
TXN100752,CUST9269,40245.44,WALLET,SUCCESS,,2026-08-08 03:55:48.314360,1
TXN100753,CUST5505,37045.68,NETBANKING,SUCCESS,,2026-08-20 21:36:48.314360,1
TXN100754,CUST9807,24394.77,CARD,SUCCESS,,2026-08-07 13:07:48.314360,1
TXN100755,CUST6489,17463.76,WALLET,SUCCESS,,2026-08-13 13:26:48.314360,2
TXN100756,CUST2387,29585.05,NETBANKING,SUCCESS,,2026-08-09 17:55:48.314360,3
TXN100757,CUST5106,14303.47,UPI,SUCCESS,,2026-08-07 00:50:48.314360,2
TXN100758,CUST9176,27938.99,UPI,SUCCESS,,2026-07-30 01:38:48.314360,0
TXN100759,CUST9223,27756.95,CARD,SUCCESS,,2026-08-19 17:03:48.314360,0
TXN100760,CUST7599,47861.5,CARD,SUCCESS,,2026-08-04 17:03:48.314360,2
TXN100761,CUST8220,39134.48,UPI,SUCCESS,,2026-08-10 16:29:48.314360,3
TXN100762,CUST9071,18269.53,UPI,SUCCESS,,2026-08-21 01:03:48.314360,0
TXN100763,CUST9518,10535.41,CARD,SUCCESS,,2026-08-14 11:02:48.314360,3
TXN100764,CUST6506,13443.65,WALLET,SUCCESS,,2026-08-28 14:52:48.314360,3
TXN100765,CUST2120,25463.4,WALLET,SUCCESS,,2026-08-28 05:39:48.314360,2
TXN100766,CUST5794,48462.39,UPI,SUCCESS,,2026-08-27 08:32:48.314360,3
TXN100767,CUST6140,48052.42,WALLET,SUCCESS,,2026-08-25 00:00:48.314360,0
TXN100768,CUST7742,34091.66,NETBANKING,FAILED,BANK_DECLINE,2026-07-31 18:48:48.314360,3
TXN100769,CUST6846,31181.7,UPI,SUCCESS,,2026-08-09 21:26:48.314360,2
TXN100770,CUST5249,49688.22,WALLET,SUCCESS,,2026-08-23 20:49:48.314360,1
TXN100771,CUST5109,8588.5,CARD,SUCCESS,,2026-08-08 15:48:48.314360,3
TXN100772,CUST8905,15843.81,NETBANKING,FAILED,NETWORK_ERROR,2026-08-24 03:12:48.314360,1
TXN100773,CUST8495,49278.71,UPI,SUCCESS,,2026-08-04 04:24:48.314360,2
TXN100774,CUST3341,37103.44,NETBANKING,SUCCESS,,2026-08-12 21:03:48.314360,2
TXN100775,CUST6019,6651.95,UPI,SUCCESS,,2026-08-06 23:01:48.314360,3
TXN100776,CUST9883,35541.94,UPI,SUCCESS,,2026-08-25 14:22:48.314360,2
TXN100777,CUST2558,12781.81,CARD,SUCCESS,,2026-08-04 13:56:48.314360,3
TXN100778,CUST2581,37569.09,CARD,SUCCESS,,2026-08-02 22:03:48.314360,2
TXN100779,CUST8151,13567.03,NETBANKING,SUCCESS,,2026-08-20 18:10:48.314360,2
TXN100780,CUST2907,7547.87,WALLET,SUCCESS,,2026-08-23 18:43:48.314360,3
TXN100781,CUST9564,3615.09,WALLET,SUCCESS,,2026-08-19 23:42:48.314360,3
TXN100782,CUST3215,26159.76,NETBANKING,SUCCESS,,2026-07-30 06:30:48.314360,0
TXN100783,CUST5965,46077.44,NETBANKING,FAILED,LIMIT_EXCEEDED,2026-08-22 04:29:48.314360,0
TXN100784,CUST3131,16489.15,UPI,SUCCESS,,2026-08-11 15:20:48.314360,3
TXN100785,CUST2592,40397.62,UPI,SUCCESS,,2026-08-24 00:01:48.314360,1
TXN100786,CUST8262,16661.19,WALLET,SUCCESS,,2026-08-06 01:01:48.314360,3
TXN100787,CUST7213,10851.74,CARD,SUCCESS,,2026-08-15 07:22:48.314360,0
TXN100788,CUST8503,41843.19,UPI,SUCCESS,,2026-08-16 15:23:48.314360,2
TXN100789,CUST4507,39896.51,NETBANKING,FAILED,TIMEOUT,2026-08-17 10:07:48.314360,2
TXN100790,CUST3284,197.36,NETBANKING,SUCCESS,,2026-08-25 14:42:48.314360,2
TXN100791,CUST7230,39323.23,NETBANKING,SUCCESS,,2026-08-28 17:24:48.314360,0
TXN100792,CUST1519,40254.01,WALLET,SUCCESS,,2026-08-07 11:21:48.314360,2
TXN100793,CUST1391,33950.08,CARD,SUCCESS,,2026-07-31 12:16:48.314360,0
TXN100794,CUST1004,32129.71,UPI,SUCCESS,,2026-08-06 20:07:48.314360,1
TXN100795,CUST4998,33665.19,CARD,SUCCESS,,2026-08-05 03:28:48.314360,3
TXN100796,CUST4227,15871.84,UPI,SUCCESS,,2026-08-05 19:52:48.314360,1
TXN100797,CUST7984,27729.05,UPI,FAILED,LIMIT_EXCEEDED,2026-08-17 05:53:48.314360,3
TXN100798,CUST2553,26886.62,CARD,FAILED,BANK_DECLINE,2026-08-27 21:35:48.314360,2
TXN100799,CUST1570,21659.14,CARD,SUCCESS,,2026-08-11 13:06:48.314360,0
TXN100800,CUST3202,3165.6,UPI,SUCCESS,,2026-07-31 19:55:48.314360,1
TXN100801,CUST9445,23136.53,NETBANKING,SUCCESS,,2026-08-21 02:40:48.314360,0
TXN100802,CUST8344,15924.39,NETBANKING,FAILED,LIMIT_EXCEEDED,2026-08-08 14:57:48.314360,0
TXN100803,CUST1839,17064.07,CARD,SUCCESS,,2026-08-24 16:37:48.314360,0
TXN100804,CUST4338,21676.92,UPI,SUCCESS,,2026-08-16 16:27:48.314360,1
TXN100805,CUST4382,41479.6,CARD,SUCCESS,,2026-08-19 22:18:48.314360,1
TXN100806,CUST2978,3534.01,CARD,SUCCESS,,2026-08-01 01:33:48.314360,0
TXN100807,CUST3353,34100.38,CARD,FAILED,LIMIT_EXCEEDED,2026-08-19 10:25:48.314360,3
TXN100808,CUST2669,10086.41,CARD,SUCCESS,,2026-08-23 14:01:48.314360,1
TXN100809,CUST6353,36522.85,WALLET,SUCCESS,,2026-08-27 16:41:48.314360,2
TXN100810,CUST6288,17604.17,UPI,FAILED,TIMEOUT,2026-08-04 23:22:48.314360,2
TXN100811,CUST6901,27128.21,WALLET,FAILED,LIMIT_EXCEEDED,2026-08-09 10:11:48.314360,2
TXN100812,CUST4484,45199.2,NETBANKING,SUCCESS,,2026-08-27 15:03:48.314360,0
TXN100813,CUST9743,45618.96,UPI,SUCCESS,,2026-08-16 05:42:48.314360,3
TXN100814,CUST8439,46029.6,NETBANKING,SUCCESS,,2026-08-15 12:11:48.314360,1
TXN100815,CUST1295,46280.41,WALLET,SUCCESS,,2026-08-19 05:23:48.314360,1
TXN100816,CUST5084,7414.26,CARD,SUCCESS,,2026-07-30 14:19:48.314360,1
TXN100817,CUST4454,34149.61,UPI,SUCCESS,,2026-08-04 15:30:48.314360,2
TXN100818,CUST5922,13010.27,NETBANKING,FAILED,INSUFFICIENT_FUNDS,2026-08-05 19:30:48.314360,1
TXN100819,CUST3365,16258.88,UPI,SUCCESS,,2026-08-03 21:48:48.314360,1
TXN100820,CUST6983,14075.33,UPI,SUCCESS,,2026-07-30 01:22:48.314360,3
TXN100821,CUST5149,23342.37,NETBANKING,SUCCESS,,2026-08-07 04:57:48.314360,3
TXN100822,CUST6435,37788.45,WALLET,SUCCESS,,2026-08-03 21:54:48.314360,3
TXN100823,CUST6310,880.53,WALLET,SUCCESS,,2026-08-08 13:49:48.314360,1
TXN100824,CUST2580,26744.34,WALLET,SUCCESS,,2026-08-12 09:45:48.314360,0
TXN100825,CUST9470,47670.21,WALLET,SUCCESS,,2026-08-06 02:09:48.314360,3
TXN100826,CUST1753,42937.22,WALLET,SUCCESS,,2026-08-28 09:12:48.314360,0
TXN100827,CUST3371,4643.0,UPI,SUCCESS,,2026-08-11 13:56:48.314360,0
TXN100828,CUST4586,43283.21,NETBANKING,SUCCESS,,2026-08-22 18:29:48.314360,2
TXN100829,CUST5959,7633.99,UPI,SUCCESS,,2026-08-11 19:36:48.314360,0
TXN100830,CUST9861,38889.92,WALLET,SUCCESS,,2026-08-16 02:09:48.314360,2
TXN100831,CUST1878,32955.88,CARD,SUCCESS,,2026-08-18 05:45:48.314360,0
TXN100832,CUST8551,16588.79,WALLET,SUCCESS,,2026-08-03 19:06:48.314360,1
TXN100833,CUST1652,25251.93,NETBANKING,SUCCESS,,2026-08-21 06:37:48.314360,1
TXN100834,CUST2283,11914.06,WALLET,SUCCESS,,2026-08-20 11:37:48.314360,2
TXN100835,CUST5461,26171.98,NETBANKING,SUCCESS,,2026-08-18 03:14:48.314360,3
TXN100836,CUST1731,28287.55,UPI,SUCCESS,,2026-08-21 04:27:48.314360,3
TXN100837,CUST3753,27659.06,UPI,SUCCESS,,2026-07-31 15:23:48.314360,3
TXN100838,CUST1583,10503.89,WALLET,SUCCESS,,2026-08-15 15:06:48.314360,0
TXN100839,CUST3167,25572.33,CARD,SUCCESS,,2026-08-23 13:55:48.314360,0
TXN100840,CUST6692,46531.41,CARD,SUCCESS,,2026-08-03 12:41:48.314360,3
TXN100841,CUST7696,28088.44,NETBANKING,SUCCESS,,2026-08-03 23:07:48.314360,2
TXN100842,CUST8658,30187.42,WALLET,SUCCESS,,2026-08-16 05:08:48.314360,2
TXN100843,CUST7356,25356.63,WALLET,SUCCESS,,2026-08-23 10:58:48.314360,2
TXN100844,CUST5894,12520.2,CARD,SUCCESS,,2026-08-10 10:30:48.314360,3
TXN100845,CUST6301,6508.73,UPI,SUCCESS,,2026-07-31 04:14:48.314360,1
TXN100846,CUST7994,5480.71,NETBANKING,FAILED,LIMIT_EXCEEDED,2026-07-30 06:06:48.314360,0
TXN100847,CUST9006,49056.1,UPI,SUCCESS,,2026-08-08 11:00:48.314360,0
TXN100848,CUST1059,24948.69,NETBANKING,SUCCESS,,2026-08-06 17:05:48.314360,3
TXN100849,CUST7974,43424.33,WALLET,SUCCESS,,2026-08-02 18:53:48.314360,3
TXN100850,CUST2777,30638.13,NETBANKING,SUCCESS,,2026-08-24 07:27:48.314360,1
TXN100851,CUST6554,38876.38,WALLET,SUCCESS,,2026-08-24 00:19:48.314360,0
TXN100852,CUST8826,18488.66,UPI,FAILED,NETWORK_ERROR,2026-08-25 15:03:48.314360,3
TXN100853,CUST6139,14693.54,CARD,SUCCESS,,2026-08-01 08:18:48.314360,0
TXN100854,CUST8091,49964.19,WALLET,FAILED,LIMIT_EXCEEDED,2026-08-03 14:16:48.314360,1
TXN100855,CUST3258,22147.15,WALLET,SUCCESS,,2026-08-10 08:14:48.314360,0
TXN100856,CUST4427,30225.55,UPI,SUCCESS,,2026-08-12 16:41:48.314360,1
TXN100857,CUST1276,33353.02,CARD,SUCCESS,,2026-08-23 21:42:48.314360,2
TXN100858,CUST8838,41786.08,WALLET,FAILED,TIMEOUT,2026-08-09 04:43:48.314360,3
TXN100859,CUST6797,23445.72,UPI,SUCCESS,,2026-08-14 17:43:48.314360,1
TXN100860,CUST5779,9707.16,NETBANKING,SUCCESS,,2026-08-17 11:17:48.314360,1
TXN100861,CUST4488,43167.51,WALLET,SUCCESS,,2026-08-20 21:18:48.314360,0
TXN100862,CUST3145,21503.86,WALLET,SUCCESS,,2026-08-21 17:14:48.314360,0
TXN100863,CUST3028,43443.76,CARD,SUCCESS,,2026-08-12 23:35:48.314360,3
TXN100864,CUST1254,33452.19,CARD,FAILED,NETWORK_ERROR,2026-08-10 16:33:48.314360,1
TXN100865,CUST6685,45036.59,WALLET,SUCCESS,,2026-08-22 19:51:48.314360,2
TXN100866,CUST5944,12397.69,WALLET,SUCCESS,,2026-08-24 04:44:48.314360,3
TXN100867,CUST9374,13842.95,NETBANKING,SUCCESS,,2026-08-05 12:57:48.314360,3
TXN100868,CUST7124,43480.75,WALLET,SUCCESS,,2026-08-17 23:42:48.314360,2
TXN100869,CUST2007,11762.24,WALLET,SUCCESS,,2026-08-06 17:06:48.314360,2
TXN100870,CUST9427,44710.37,CARD,SUCCESS,,2026-08-25 08:34:48.314360,2
TXN100871,CUST5006,38910.87,NETBANKING,SUCCESS,,2026-08-12 23:31:48.314360,2
TXN100872,CUST1397,1112.22,CARD,SUCCESS,,2026-07-31 21:50:48.314360,0
TXN100873,CUST7159,37958.27,WALLET,SUCCESS,,2026-08-15 10:16:48.314360,1
TXN100874,CUST9235,36810.84,CARD,SUCCESS,,2026-08-11 14:43:48.314360,2
TXN100875,CUST4101,42080.96,NETBANKING,SUCCESS,,2026-08-05 22:03:48.314360,3
TXN100876,CUST6124,19898.72,NETBANKING,FAILED,TIMEOUT,2026-07-30 23:20:48.314360,1
TXN100877,CUST2152,3761.73,NETBANKING,SUCCESS,,2026-08-16 02:58:48.314360,1
TXN100878,CUST4961,42595.13,NETBANKING,FAILED,NETWORK_ERROR,2026-08-11 21:35:48.314360,2
TXN100879,CUST3946,42931.06,NETBANKING,SUCCESS,,2026-08-22 20:02:48.314360,2
TXN100880,CUST2510,7725.22,CARD,FAILED,LIMIT_EXCEEDED,2026-08-08 19:00:48.314360,1
TXN100881,CUST2570,7835.89,CARD,SUCCESS,,2026-08-22 05:44:48.314360,1
TXN100882,CUST5099,23429.53,NETBANKING,FAILED,INSUFFICIENT_FUNDS,2026-08-03 19:23:48.314360,3
TXN100883,CUST6335,9575.43,WALLET,SUCCESS,,2026-08-14 15:36:48.314360,2
TXN100884,CUST2519,343.07,UPI,SUCCESS,,2026-08-24 22:36:48.314360,2
TXN100885,CUST8804,37309.62,CARD,SUCCESS,,2026-08-08 07:58:48.314360,3
TXN100886,CUST8716,4275.23,CARD,SUCCESS,,2026-08-20 15:28:48.314360,1
TXN100887,CUST6940,40051.69,UPI,SUCCESS,,2026-08-27 20:08:48.314360,3
TXN100888,CUST9940,19785.53,UPI,FAILED,TIMEOUT,2026-08-18 16:33:48.314360,0
TXN100889,CUST9769,655.72,CARD,SUCCESS,,2026-08-25 16:57:48.314360,1
TXN100890,CUST4886,36584.57,NETBANKING,SUCCESS,,2026-08-12 07:17:48.314360,2
TXN100891,CUST9361,37650.67,CARD,SUCCESS,,2026-08-07 01:50:48.314360,2
TXN100892,CUST9897,17265.88,WALLET,SUCCESS,,2026-08-01 14:02:48.314360,2
TXN100893,CUST4523,28522.35,WALLET,SUCCESS,,2026-08-14 05:35:48.314360,3
TXN100894,CUST2100,45916.16,WALLET,SUCCESS,,2026-08-12 06:15:48.314360,1
TXN100895,CUST7637,42738.98,WALLET,SUCCESS,,2026-08-18 22:10:48.314360,3
TXN100896,CUST9188,2159.52,NETBANKING,SUCCESS,,2026-08-19 03:41:48.314360,1
TXN100897,CUST7951,40495.32,UPI,SUCCESS,,2026-08-16 20:25:48.314360,1
TXN100898,CUST9826,27469.86,NETBANKING,SUCCESS,,2026-08-14 22:33:48.314360,2
TXN100899,CUST4548,28819.97,NETBANKING,SUCCESS,,2026-08-25 07:07:48.314360,2
TXN100900,CUST9705,28749.98,UPI,SUCCESS,,2026-08-07 09:22:48.314360,0
TXN100901,CUST9174,19825.73,WALLET,SUCCESS,,2026-08-15 10:04:48.314360,2
TXN100902,CUST4176,30296.71,CARD,FAILED,NETWORK_ERROR,2026-07-30 18:10:48.314360,3
TXN100903,CUST5962,34876.05,WALLET,FAILED,INSUFFICIENT_FUNDS,2026-08-24 21:30:48.314360,0
TXN100904,CUST8310,23487.64,NETBANKING,SUCCESS,,2026-07-30 23:28:48.314360,0
TXN100905,CUST3703,47543.88,UPI,FAILED,LIMIT_EXCEEDED,2026-08-14 18:52:48.314360,0
TXN100906,CUST3688,30533.81,WALLET,SUCCESS,,2026-08-04 16:56:48.314360,0
TXN100907,CUST8708,41278.69,CARD,SUCCESS,,2026-08-23 05:58:48.314360,2
TXN100908,CUST7936,538.29,CARD,SUCCESS,,2026-08-26 17:30:48.314360,3
TXN100909,CUST2500,4396.42,UPI,SUCCESS,,2026-08-21 06:01:48.314360,0
TXN100910,CUST7815,20868.98,WALLET,SUCCESS,,2026-08-11 20:10:48.314360,1
TXN100911,CUST6702,44253.85,NETBANKING,SUCCESS,,2026-08-15 15:08:48.314360,1
TXN100912,CUST4649,42685.51,UPI,SUCCESS,,2026-08-12 19:03:48.314360,3
TXN100913,CUST9332,8021.97,NETBANKING,SUCCESS,,2026-08-01 17:38:48.314360,2
TXN100914,CUST3522,7343.75,UPI,SUCCESS,,2026-08-13 07:28:48.314360,3
TXN100915,CUST9739,10294.64,UPI,FAILED,INSUFFICIENT_FUNDS,2026-08-11 10:32:48.314360,0
TXN100916,CUST5707,792.89,UPI,SUCCESS,,2026-08-02 07:06:48.314360,1
TXN100917,CUST5010,46832.95,UPI,SUCCESS,,2026-08-20 16:59:48.314360,1
TXN100918,CUST7793,34883.18,CARD,SUCCESS,,2026-08-11 09:48:48.314360,2
TXN100919,CUST6703,36322.21,NETBANKING,SUCCESS,,2026-08-13 00:26:48.314360,2
TXN100920,CUST4156,4243.43,UPI,FAILED,NETWORK_ERROR,2026-08-13 14:52:48.314360,2
TXN100921,CUST1816,3083.35,NETBANKING,SUCCESS,,2026-08-10 21:12:48.314360,0
TXN100922,CUST7230,9494.13,NETBANKING,SUCCESS,,2026-08-16 06:18:48.314360,3
TXN100923,CUST9549,11939.58,CARD,SUCCESS,,2026-08-11 14:59:48.314360,3
TXN100924,CUST9972,30990.28,WALLET,SUCCESS,,2026-08-08 02:46:48.314360,3
TXN100925,CUST1870,21773.17,CARD,SUCCESS,,2026-08-01 13:47:48.314360,2
TXN100926,CUST8151,16229.97,WALLET,SUCCESS,,2026-08-01 11:43:48.314360,2
TXN100927,CUST5169,15665.64,WALLET,SUCCESS,,2026-08-25 01:54:48.314360,2
TXN100928,CUST9034,40943.31,WALLET,SUCCESS,,2026-08-04 15:29:48.314360,0
TXN100929,CUST1438,17407.86,CARD,SUCCESS,,2026-08-18 12:36:48.314360,0
TXN100930,CUST3131,8575.77,NETBANKING,SUCCESS,,2026-08-04 14:42:48.314360,1
TXN100931,CUST7979,9627.09,UPI,SUCCESS,,2026-08-24 02:36:48.314360,2
TXN100932,CUST6483,44310.78,CARD,SUCCESS,,2026-08-19 19:58:48.314360,1
TXN100933,CUST9537,6939.65,NETBANKING,SUCCESS,,2026-08-14 11:40:48.314360,2
TXN100934,CUST7086,48395.01,NETBANKING,SUCCESS,,2026-08-05 19:51:48.314360,3
TXN100935,CUST3427,17907.94,WALLET,SUCCESS,,2026-08-25 07:46:48.314360,1
TXN100936,CUST2430,2520.06,WALLET,SUCCESS,,2026-08-23 03:24:48.314360,2
TXN100937,CUST3857,43482.5,WALLET,FAILED,TIMEOUT,2026-08-28 15:53:48.314360,0
TXN100938,CUST9877,30937.46,UPI,SUCCESS,,2026-08-24 07:49:48.314360,2
TXN100939,CUST5240,26635.21,UPI,SUCCESS,,2026-08-16 04:30:48.314360,1
TXN100940,CUST1492,30231.06,NETBANKING,SUCCESS,,2026-08-06 10:36:48.314360,2
TXN100941,CUST7512,25641.51,WALLET,SUCCESS,,2026-08-01 08:03:48.314360,2
TXN100942,CUST8591,18636.97,CARD,SUCCESS,,2026-08-02 13:24:48.314360,2
TXN100943,CUST9964,11432.15,CARD,SUCCESS,,2026-08-13 07:05:48.314360,1
TXN100944,CUST8522,15711.3,WALLET,SUCCESS,,2026-08-04 03:19:48.314360,0
TXN100945,CUST6422,1821.52,UPI,SUCCESS,,2026-08-21 18:22:48.314360,3
TXN100946,CUST8150,40251.05,NETBANKING,SUCCESS,,2026-08-07 04:59:48.314360,0
TXN100947,CUST3112,14666.62,UPI,SUCCESS,,2026-07-30 05:06:48.314360,1
TXN100948,CUST1655,27216.64,WALLET,SUCCESS,,2026-08-02 05:52:48.314360,1
TXN100949,CUST6890,31415.97,CARD,SUCCESS,,2026-08-15 12:34:48.314360,1
TXN100950,CUST4701,2939.09,CARD,SUCCESS,,2026-08-21 01:27:48.314360,3
TXN100951,CUST8708,2759.02,CARD,SUCCESS,,2026-08-09 21:20:48.314360,3
TXN100952,CUST4502,47888.63,NETBANKING,SUCCESS,,2026-08-10 01:07:48.314360,0
TXN100953,CUST4469,36866.19,UPI,SUCCESS,,2026-08-05 14:25:48.314360,1
TXN100954,CUST7351,41714.65,CARD,SUCCESS,,2026-08-05 04:42:48.314360,3
TXN100955,CUST3122,44670.48,CARD,SUCCESS,,2026-08-14 13:07:48.314360,0
TXN100956,CUST9569,16006.35,CARD,FAILED,INSUFFICIENT_FUNDS,2026-08-19 03:20:48.314360,0
TXN100957,CUST3828,16960.17,WALLET,SUCCESS,,2026-07-31 10:18:48.314360,0
TXN100958,CUST9367,43300.77,WALLET,FAILED,LIMIT_EXCEEDED,2026-08-21 10:00:48.314360,1
TXN100959,CUST9559,31286.16,UPI,FAILED,BANK_DECLINE,2026-08-10 15:29:48.314360,1
TXN100960,CUST4182,32701.66,UPI,SUCCESS,,2026-08-23 22:47:48.314360,1
TXN100961,CUST7862,31440.59,WALLET,SUCCESS,,2026-08-04 15:09:48.314360,3
TXN100962,CUST6288,44688.15,WALLET,SUCCESS,,2026-08-04 17:15:48.314360,3
TXN100963,CUST2129,47917.95,WALLET,SUCCESS,,2026-08-01 03:25:48.314360,1
TXN100964,CUST4838,47155.82,NETBANKING,SUCCESS,,2026-08-19 02:36:48.314360,1
TXN100965,CUST5141,38503.17,UPI,SUCCESS,,2026-08-01 03:50:48.314360,3
TXN100966,CUST5134,14767.83,CARD,SUCCESS,,2026-08-05 18:37:48.314360,3
TXN100967,CUST3122,49188.0,NETBANKING,SUCCESS,,2026-08-01 08:29:48.314360,3
TXN100968,CUST9431,38455.37,CARD,SUCCESS,,2026-08-18 02:01:48.314360,0
TXN100969,CUST3502,38228.98,NETBANKING,SUCCESS,,2026-08-14 14:57:48.314360,0
TXN100970,CUST9563,9454.11,WALLET,FAILED,INSUFFICIENT_FUNDS,2026-08-10 03:25:48.314360,1
TXN100971,CUST6810,2934.71,NETBANKING,SUCCESS,,2026-08-17 23:24:48.314360,3
TXN100972,CUST8916,10241.73,CARD,FAILED,NETWORK_ERROR,2026-08-25 07:22:48.314360,0
TXN100973,CUST1289,6230.48,CARD,SUCCESS,,2026-07-30 10:31:48.314360,1
TXN100974,CUST7234,48195.01,WALLET,SUCCESS,,2026-08-25 19:24:48.314360,3
TXN100975,CUST3231,46991.94,WALLET,SUCCESS,,2026-07-30 19:55:48.314360,1
TXN100976,CUST9275,19767.58,WALLET,SUCCESS,,2026-08-16 03:11:48.314360,2
TXN100977,CUST4981,23161.83,UPI,SUCCESS,,2026-08-12 05:12:48.314360,3
TXN100978,CUST6546,25152.72,NETBANKING,SUCCESS,,2026-07-30 13:46:48.314360,2
TXN100979,CUST5699,21837.69,CARD,SUCCESS,,2026-08-01 14:18:48.314360,2
TXN100980,CUST4311,31485.74,WALLET,SUCCESS,,2026-08-28 12:14:48.314360,2
TXN100981,CUST6953,3609.0,NETBANKING,SUCCESS,,2026-08-10 04:14:48.314360,0
TXN100982,CUST1727,43166.38,CARD,FAILED,INSUFFICIENT_FUNDS,2026-08-14 00:10:48.314360,1
TXN100983,CUST3609,7572.03,CARD,SUCCESS,,2026-08-05 10:37:48.314360,0
TXN100984,CUST5538,13947.82,WALLET,FAILED,BANK_DECLINE,2026-08-27 01:48:48.314360,1
TXN100985,CUST9987,185.84,WALLET,SUCCESS,,2026-08-11 03:42:48.314360,0
TXN100986,CUST9420,43217.46,UPI,SUCCESS,,2026-08-24 22:43:48.314360,1
TXN100987,CUST9113,43219.73,UPI,SUCCESS,,2026-08-07 12:42:48.314360,3
TXN100988,CUST5999,44338.88,CARD,FAILED,BANK_DECLINE,2026-08-19 15:04:48.314360,2
TXN100989,CUST6096,27870.17,UPI,SUCCESS,,2026-07-31 20:07:48.314360,2
TXN100990,CUST9475,1941.55,CARD,SUCCESS,,2026-08-07 03:15:48.314360,0
TXN100991,CUST5025,31965.23,WALLET,SUCCESS,,2026-08-06 04:13:48.314360,3
TXN100992,CUST5159,42479.99,UPI,FAILED,NETWORK_ERROR,2026-08-21 01:51:48.314360,3
TXN100993,CUST4404,45646.89,CARD,SUCCESS,,2026-08-02 15:10:48.314360,1
TXN100994,CUST4636,25590.8,NETBANKING,SUCCESS,,2026-07-31 15:23:48.314360,0
TXN100995,CUST8987,38773.08,WALLET,FAILED,INSUFFICIENT_FUNDS,2026-07-31 03:31:48.314360,2
TXN100996,CUST2981,42060.84,UPI,SUCCESS,,2026-08-12 16:24:48.314360,3
TXN100997,CUST1820,32903.67,WALLET,SUCCESS,,2026-08-09 22:35:48.314360,3
TXN100998,CUST5560,5511.0,CARD,SUCCESS,,2026-08-27 02:36:48.314360,0
TXN100999,CUST3321,49212.13,NETBANKING,SUCCESS,,2026-08-26 13:50:48.314360,3
TXN101000,CUST5843,40603.6,NETBANKING,SUCCESS,,2026-08-02 16:26:48.314360,2
TXN101001,CUST8150,37232.2,CARD,SUCCESS,,2026-08-12 20:00:48.314360,3
TXN101002,CUST9526,4955.33,WALLET,FAILED,INSUFFICIENT_FUNDS,2026-08-18 16:59:48.314360,1
TXN101003,CUST6481,5382.52,UPI,SUCCESS,,2026-07-31 15:24:48.314360,0
TXN101004,CUST9662,34490.08,CARD,SUCCESS,,2026-08-08 09:45:48.314360,0
TXN101005,CUST7255,10556.73,WALLET,SUCCESS,,2026-08-12 03:00:48.314360,1
TXN101006,CUST7693,6106.91,UPI,SUCCESS,,2026-08-06 04:00:48.314360,2
TXN101007,CUST1764,25033.1,CARD,FAILED,LIMIT_EXCEEDED,2026-08-10 03:04:48.314360,0
TXN101008,CUST5294,42682.26,NETBANKING,SUCCESS,,2026-08-02 13:11:48.314360,1
TXN101009,CUST5288,41080.39,NETBANKING,SUCCESS,,2026-08-11 06:47:48.314360,3
TXN101010,CUST9147,24994.42,CARD,SUCCESS,,2026-08-28 20:14:48.314360,1
TXN101011,CUST7088,16415.63,NETBANKING,SUCCESS,,2026-08-14 23:36:48.314360,2
TXN101012,CUST9583,42565.39,UPI,SUCCESS,,2026-08-13 05:04:48.314360,2
TXN101013,CUST8288,41312.79,CARD,SUCCESS,,2026-08-13 21:25:48.314360,0
TXN101014,CUST9044,12198.74,UPI,SUCCESS,,2026-08-25 02:29:48.314360,2
TXN101015,CUST8416,39072.88,NETBANKING,SUCCESS,,2026-08-09 20:09:48.314360,1
TXN101016,CUST4072,45198.63,CARD,FAILED,NETWORK_ERROR,2026-07-31 11:32:48.314360,2
TXN101017,CUST4274,25357.49,CARD,SUCCESS,,2026-08-09 22:38:48.314360,2
TXN101018,CUST9255,44585.82,NETBANKING,SUCCESS,,2026-08-06 18:59:48.314360,1
TXN101019,CUST6154,14309.65,NETBANKING,SUCCESS,,2026-08-04 16:07:48.314360,3
TXN101020,CUST3511,31361.41,WALLET,SUCCESS,,2026-08-02 08:42:48.314360,0
TXN101021,CUST9693,19494.05,UPI,SUCCESS,,2026-08-11 17:52:48.314360,0
TXN101022,CUST6065,29288.85,CARD,FAILED,BANK_DECLINE,2026-08-12 16:27:48.314360,3
TXN101023,CUST5940,48840.77,WALLET,SUCCESS,,2026-07-31 09:54:48.314360,0
TXN101024,CUST3227,15846.64,CARD,SUCCESS,,2026-08-28 02:00:48.314360,3
TXN101025,CUST9849,12276.24,CARD,SUCCESS,,2026-08-08 14:32:48.314360,3
TXN101026,CUST1005,20908.73,CARD,SUCCESS,,2026-08-01 17:31:48.314360,3
TXN101027,CUST9439,11361.29,UPI,SUCCESS,,2026-08-22 03:49:48.314360,2
TXN101028,CUST4173,7753.35,NETBANKING,SUCCESS,,2026-08-15 05:01:48.314360,0
TXN101029,CUST3823,26478.51,WALLET,SUCCESS,,2026-08-02 16:53:48.314360,0
TXN101030,CUST5853,47897.17,NETBANKING,SUCCESS,,2026-07-30 14:19:48.314360,3
TXN101031,CUST2940,19258.54,WALLET,SUCCESS,,2026-07-31 13:58:48.314360,1
TXN101032,CUST2186,13214.23,WALLET,FAILED,LIMIT_EXCEEDED,2026-08-15 03:55:48.314360,3
TXN101033,CUST9677,31305.6,WALLET,SUCCESS,,2026-08-03 21:04:48.314360,0
TXN101034,CUST3061,13639.29,UPI,FAILED,TIMEOUT,2026-08-21 22:21:48.314360,3
TXN101035,CUST8540,24329.68,CARD,FAILED,TIMEOUT,2026-08-13 21:06:48.314360,0
TXN101036,CUST6480,19251.97,NETBANKING,SUCCESS,,2026-08-24 19:56:48.314360,1
TXN101037,CUST3653,9748.82,NETBANKING,SUCCESS,,2026-08-24 12:24:48.314360,2
TXN101038,CUST4864,18325.87,UPI,SUCCESS,,2026-08-03 07:15:48.314360,2
TXN101039,CUST7589,3991.03,WALLET,SUCCESS,,2026-08-24 18:44:48.314360,0
TXN101040,CUST1707,35230.08,WALLET,SUCCESS,,2026-08-24 14:57:48.314360,1
TXN101041,CUST8824,40288.07,WALLET,SUCCESS,,2026-08-26 06:53:48.314360,0
TXN101042,CUST3379,36074.43,CARD,SUCCESS,,2026-08-02 11:20:48.314360,2
TXN101043,CUST3781,46318.76,UPI,FAILED,BANK_DECLINE,2026-08-12 18:33:48.314360,2
TXN101044,CUST8820,38569.42,CARD,SUCCESS,,2026-08-21 02:42:48.314360,2
TXN101045,CUST5823,15288.88,CARD,FAILED,NETWORK_ERROR,2026-08-27 18:47:48.314360,3
TXN101046,CUST7402,16034.5,CARD,FAILED,LIMIT_EXCEEDED,2026-08-28 20:44:48.314360,0
TXN101047,CUST6867,282.16,UPI,SUCCESS,,2026-08-25 16:01:48.314360,2
TXN101048,CUST7467,31245.41,NETBANKING,SUCCESS,,2026-08-02 12:46:48.314360,0
TXN101049,CUST1354,2937.38,CARD,SUCCESS,,2026-08-23 16:15:48.314360,2
TXN101050,CUST3807,43588.58,NETBANKING,SUCCESS,,2026-08-27 02:18:48.314360,0
TXN101051,CUST5089,32180.81,WALLET,SUCCESS,,2026-08-17 17:07:48.314360,2
TXN101052,CUST3008,7172.04,CARD,SUCCESS,,2026-08-17 08:28:48.314360,2
TXN101053,CUST1378,48206.89,UPI,FAILED,BANK_DECLINE,2026-08-18 12:58:48.314360,1
TXN101054,CUST4713,45613.97,WALLET,SUCCESS,,2026-08-14 22:23:48.314360,1
TXN101055,CUST2992,19663.85,WALLET,SUCCESS,,2026-08-18 10:48:48.314360,1
TXN101056,CUST4402,19240.31,NETBANKING,SUCCESS,,2026-08-08 08:00:48.314360,3
TXN101057,CUST2569,45808.83,UPI,SUCCESS,,2026-08-18 05:47:48.314360,3
TXN101058,CUST7334,15087.78,NETBANKING,SUCCESS,,2026-08-01 21:36:48.314360,1
TXN101059,CUST6996,19945.97,UPI,SUCCESS,,2026-07-31 21:48:48.314360,3
TXN101060,CUST2372,38704.58,UPI,SUCCESS,,2026-08-12 19:26:48.314360,1
TXN101061,CUST2172,27179.46,WALLET,SUCCESS,,2026-08-07 12:11:48.314360,2
TXN101062,CUST6541,42460.4,CARD,SUCCESS,,2026-08-11 14:49:48.314360,2
TXN101063,CUST1646,10503.57,CARD,SUCCESS,,2026-08-16 09:19:48.314360,2
TXN101064,CUST7213,23350.43,NETBANKING,SUCCESS,,2026-08-18 12:46:48.314360,1
TXN101065,CUST9736,22582.77,CARD,SUCCESS,,2026-08-10 11:29:48.314360,3
TXN101066,CUST3405,21623.67,WALLET,SUCCESS,,2026-08-13 09:41:48.314360,0
TXN101067,CUST1255,25861.72,UPI,SUCCESS,,2026-08-23 09:58:48.314360,3
TXN101068,CUST7511,38755.0,CARD,SUCCESS,,2026-08-18 18:20:48.314360,1
TXN101069,CUST5334,10908.35,UPI,SUCCESS,,2026-08-17 15:43:48.314360,0
TXN101070,CUST4497,16528.43,CARD,SUCCESS,,2026-08-11 06:24:48.314360,2
TXN101071,CUST8397,33232.14,CARD,SUCCESS,,2026-08-07 21:42:48.314360,0
TXN101072,CUST6558,47237.31,CARD,SUCCESS,,2026-08-25 03:21:48.314360,2
TXN101073,CUST3322,47808.12,UPI,SUCCESS,,2026-07-30 08:37:48.314360,0
TXN101074,CUST9931,37041.77,NETBANKING,SUCCESS,,2026-08-17 10:06:48.314360,3
TXN101075,CUST9762,10152.19,UPI,SUCCESS,,2026-08-01 04:50:48.314360,0
TXN101076,CUST7429,22376.07,NETBANKING,FAILED,INSUFFICIENT_FUNDS,2026-08-08 02:08:48.314360,2
TXN101077,CUST4117,13774.54,WALLET,SUCCESS,,2026-07-30 01:18:48.314360,2
TXN101078,CUST4521,35079.66,CARD,SUCCESS,,2026-08-06 22:37:48.314360,1
TXN101079,CUST8289,46247.48,UPI,SUCCESS,,2026-08-02 05:49:48.314360,2
TXN101080,CUST5176,33860.27,NETBANKING,FAILED,TIMEOUT,2026-08-24 11:19:48.314360,3
TXN101081,CUST7663,38288.71,UPI,SUCCESS,,2026-08-25 14:45:48.314360,2
TXN101082,CUST1691,14855.66,WALLET,SUCCESS,,2026-08-22 16:34:48.314360,1
TXN101083,CUST1704,13148.67,WALLET,SUCCESS,,2026-08-27 18:18:48.314360,1
TXN101084,CUST2426,14714.69,UPI,FAILED,LIMIT_EXCEEDED,2026-08-08 10:57:48.314360,1
TXN101085,CUST4836,46093.84,NETBANKING,SUCCESS,,2026-08-10 22:05:48.314360,1
TXN101086,CUST7758,49161.07,CARD,FAILED,LIMIT_EXCEEDED,2026-08-22 10:56:48.314360,2
TXN101087,CUST7510,32683.96,NETBANKING,SUCCESS,,2026-08-27 23:32:48.314360,3
TXN101088,CUST1439,39665.14,WALLET,SUCCESS,,2026-08-05 15:02:48.314360,2
TXN101089,CUST3825,12973.52,NETBANKING,SUCCESS,,2026-08-04 08:20:48.314360,0
TXN101090,CUST1933,22033.91,UPI,SUCCESS,,2026-08-03 16:14:48.314360,2
TXN101091,CUST6382,4339.37,CARD,SUCCESS,,2026-08-13 19:57:48.314360,2
TXN101092,CUST1982,6668.11,UPI,SUCCESS,,2026-08-03 00:04:48.314360,3
TXN101093,CUST4756,33801.15,WALLET,SUCCESS,,2026-08-11 21:59:48.314360,2
TXN101094,CUST3998,36877.55,NETBANKING,SUCCESS,,2026-08-16 23:04:48.314360,2
TXN101095,CUST7879,27934.59,CARD,SUCCESS,,2026-08-08 00:02:48.314360,1
TXN101096,CUST5884,44718.14,CARD,FAILED,LIMIT_EXCEEDED,2026-08-20 22:40:48.314360,0
TXN101097,CUST2619,21368.15,CARD,SUCCESS,,2026-07-31 09:43:48.314360,3
TXN101098,CUST7894,25462.1,NETBANKING,SUCCESS,,2026-08-17 13:58:48.314360,0
TXN101099,CUST4962,23978.94,UPI,SUCCESS,,2026-08-13 03:59:48.314360,1
TXN101100,CUST3392,24367.03,CARD,SUCCESS,,2026-08-25 19:31:48.314360,3
TXN101101,CUST3255,47011.16,NETBANKING,FAILED,TIMEOUT,2026-08-17 05:27:48.314360,3
TXN101102,CUST6379,30205.62,CARD,SUCCESS,,2026-08-21 06:45:48.314360,3
TXN101103,CUST4679,18018.88,NETBANKING,SUCCESS,,2026-08-23 22:58:48.314360,2
TXN101104,CUST4942,37054.53,NETBANKING,SUCCESS,,2026-08-24 15:52:48.314360,1
TXN101105,CUST3003,26843.0,WALLET,SUCCESS,,2026-08-19 03:24:48.314360,3
TXN101106,CUST1447,12457.18,CARD,SUCCESS,,2026-08-21 12:05:48.314360,1
TXN101107,CUST4011,27194.9,NETBANKING,SUCCESS,,2026-08-14 08:24:48.314360,3
TXN101108,CUST8908,9774.72,WALLET,SUCCESS,,2026-08-14 23:01:48.314360,1
TXN101109,CUST3048,44924.67,WALLET,FAILED,NETWORK_ERROR,2026-08-19 19:14:48.314360,2
TXN101110,CUST6118,27303.5,WALLET,FAILED,TIMEOUT,2026-08-03 20:38:48.314360,2
TXN101111,CUST8330,27237.39,CARD,FAILED,BANK_DECLINE,2026-08-05 22:01:48.314360,0
TXN101112,CUST6129,5293.37,CARD,SUCCESS,,2026-08-07 03:13:48.314360,1
TXN101113,CUST7537,18498.32,CARD,SUCCESS,,2026-08-08 01:54:48.314360,0
TXN101114,CUST2988,16661.87,NETBANKING,SUCCESS,,2026-08-02 16:46:48.314360,0
TXN101115,CUST3833,41881.81,WALLET,SUCCESS,,2026-08-21 12:32:48.314360,1
TXN101116,CUST8681,9431.37,NETBANKING,SUCCESS,,2026-08-07 01:00:48.314360,0
TXN101117,CUST7863,20734.22,NETBANKING,SUCCESS,,2026-08-06 16:58:48.314360,2
TXN101118,CUST6903,4540.6,NETBANKING,SUCCESS,,2026-08-26 17:02:48.314360,3
TXN101119,CUST9808,10891.44,NETBANKING,SUCCESS,,2026-08-22 14:11:48.314360,3
TXN101120,CUST4834,9658.63,CARD,SUCCESS,,2026-08-15 13:11:48.314360,1
TXN101121,CUST4231,1832.45,UPI,SUCCESS,,2026-08-28 13:05:48.314360,2
TXN101122,CUST3876,42695.14,WALLET,SUCCESS,,2026-08-20 21:11:48.314360,3
TXN101123,CUST6397,27732.37,UPI,FAILED,NETWORK_ERROR,2026-08-17 22:23:48.314360,2
TXN101124,CUST5152,26653.88,NETBANKING,SUCCESS,,2026-07-30 00:10:48.314360,2
TXN101125,CUST2150,6850.74,NETBANKING,FAILED,BANK_DECLINE,2026-08-20 04:27:48.314360,3
TXN101126,CUST9435,47188.69,WALLET,SUCCESS,,2026-08-22 11:13:48.314360,3
TXN101127,CUST3621,31232.35,NETBANKING,FAILED,TIMEOUT,2026-08-27 16:16:48.314360,1
TXN101128,CUST2357,35437.96,UPI,SUCCESS,,2026-08-24 18:40:48.314360,0
TXN101129,CUST5474,16055.47,UPI,SUCCESS,,2026-08-01 00:53:48.314360,1
TXN101130,CUST7014,38670.11,NETBANKING,SUCCESS,,2026-08-03 02:03:48.314360,2
TXN101131,CUST3884,42861.95,CARD,SUCCESS,,2026-08-06 16:21:48.314360,0
TXN101132,CUST4025,37787.47,UPI,SUCCESS,,2026-08-18 05:15:48.314360,0
TXN101133,CUST5690,6605.75,UPI,SUCCESS,,2026-08-15 15:40:48.314360,2
TXN101134,CUST4055,17086.04,UPI,SUCCESS,,2026-08-04 00:07:48.314360,0
TXN101135,CUST8297,32625.32,CARD,SUCCESS,,2026-08-15 03:31:48.314360,1
TXN101136,CUST9674,35554.8,NETBANKING,SUCCESS,,2026-08-12 21:35:48.314360,3
TXN101137,CUST1450,19217.71,NETBANKING,SUCCESS,,2026-08-18 13:31:48.314360,1
TXN101138,CUST5916,38429.61,CARD,SUCCESS,,2026-08-14 16:49:48.314360,0
TXN101139,CUST6592,26241.73,CARD,SUCCESS,,2026-08-25 11:32:48.314360,1
TXN101140,CUST6490,17495.62,CARD,SUCCESS,,2026-08-13 14:02:48.314360,2
TXN101141,CUST2771,44852.83,CARD,SUCCESS,,2026-08-15 05:59:48.314360,1
TXN101142,CUST9006,1169.29,UPI,SUCCESS,,2026-08-14 05:29:48.314360,0
TXN101143,CUST2104,45579.1,NETBANKING,SUCCESS,,2026-08-11 21:00:48.314360,1
TXN101144,CUST3967,37238.2,NETBANKING,SUCCESS,,2026-07-30 16:31:48.314360,3
TXN101145,CUST4722,7696.12,CARD,FAILED,INSUFFICIENT_FUNDS,2026-08-07 23:56:48.314360,3
TXN101146,CUST7012,23593.59,CARD,SUCCESS,,2026-08-18 05:50:48.314360,2
TXN101147,CUST7890,21630.45,UPI,SUCCESS,,2026-08-10 11:07:48.314360,2
TXN101148,CUST3479,17493.1,CARD,SUCCESS,,2026-08-02 02:15:48.314360,0
TXN101149,CUST6829,15918.03,WALLET,SUCCESS,,2026-08-23 10:50:48.314360,3
TXN101150,CUST2207,19541.93,NETBANKING,SUCCESS,,2026-07-31 23:38:48.314360,3
TXN101151,CUST5195,34445.31,WALLET,SUCCESS,,2026-08-03 09:49:48.314360,1
TXN101152,CUST2237,21672.06,NETBANKING,SUCCESS,,2026-08-08 20:04:48.314360,2
TXN101153,CUST5065,9440.21,UPI,SUCCESS,,2026-08-09 21:58:48.314360,1
TXN101154,CUST4516,31797.3,CARD,SUCCESS,,2026-08-10 18:58:48.314360,1
TXN101155,CUST2006,48915.19,WALLET,FAILED,INSUFFICIENT_FUNDS,2026-08-24 02:45:48.314360,3
TXN101156,CUST5371,49260.39,CARD,SUCCESS,,2026-08-02 20:33:48.314360,0
TXN101157,CUST4699,38690.87,CARD,SUCCESS,,2026-08-28 07:52:48.314360,3
TXN101158,CUST6670,19305.07,UPI,SUCCESS,,2026-08-12 20:47:48.314360,2
TXN101159,CUST5806,47460.02,CARD,SUCCESS,,2026-08-14 07:33:48.314360,1
TXN101160,CUST4639,1115.51,UPI,SUCCESS,,2026-08-17 22:24:48.314360,1
TXN101161,CUST7734,28202.12,CARD,SUCCESS,,2026-08-06 09:42:48.314360,2
TXN101162,CUST4635,16757.9,CARD,SUCCESS,,2026-08-09 22:34:48.314360,2
TXN101163,CUST3177,37881.87,CARD,SUCCESS,,2026-08-19 00:22:48.314360,0
TXN101164,CUST6344,1210.58,UPI,SUCCESS,,2026-08-22 12:04:48.314360,1
TXN101165,CUST5268,40232.59,WALLET,FAILED,INSUFFICIENT_FUNDS,2026-08-08 11:53:48.314360,1
TXN101166,CUST4604,43046.97,NETBANKING,SUCCESS,,2026-08-23 04:34:48.314360,2
TXN101167,CUST8638,18429.69,CARD,SUCCESS,,2026-08-06 23:36:48.314360,2
TXN101168,CUST1746,20481.96,UPI,SUCCESS,,2026-08-26 11:03:48.314360,3
TXN101169,CUST2457,3924.9,WALLET,SUCCESS,,2026-08-01 12:31:48.314360,1
TXN101170,CUST5841,49870.37,NETBANKING,SUCCESS,,2026-08-02 16:23:48.314360,2
TXN101171,CUST4713,41150.66,NETBANKING,SUCCESS,,2026-08-28 15:01:48.314360,2
TXN101172,CUST3168,10383.0,UPI,SUCCESS,,2026-07-30 11:40:48.314360,2
TXN101173,CUST6484,33597.61,WALLET,SUCCESS,,2026-08-18 13:18:48.314360,0
TXN101174,CUST1390,21468.26,NETBANKING,SUCCESS,,2026-08-04 19:07:48.314360,3
TXN101175,CUST7916,40093.44,WALLET,SUCCESS,,2026-08-24 10:06:48.314360,0
TXN101176,CUST8841,15680.93,CARD,SUCCESS,,2026-08-19 06:50:48.314360,2
TXN101177,CUST7308,17121.67,NETBANKING,SUCCESS,,2026-08-28 04:30:48.314360,0
TXN101178,CUST7144,11709.19,CARD,FAILED,NETWORK_ERROR,2026-08-09 08:28:48.314360,3
TXN101179,CUST9756,18178.37,UPI,SUCCESS,,2026-08-03 02:14:48.314360,1
TXN101180,CUST7498,23820.98,CARD,FAILED,INSUFFICIENT_FUNDS,2026-08-12 07:58:48.314360,1
TXN101181,CUST1033,4349.2,WALLET,SUCCESS,,2026-08-22 09:08:48.314360,1
TXN101182,CUST7961,49512.82,NETBANKING,SUCCESS,,2026-08-23 21:16:48.314360,3
TXN101183,CUST7640,38506.49,NETBANKING,SUCCESS,,2026-07-30 06:25:48.314360,0
TXN101184,CUST1973,17873.96,UPI,SUCCESS,,2026-08-04 07:42:48.314360,2
TXN101185,CUST4779,16696.55,NETBANKING,FAILED,BANK_DECLINE,2026-08-26 05:32:48.314360,1
TXN101186,CUST7689,49641.44,NETBANKING,SUCCESS,,2026-08-22 20:00:48.314360,0
TXN101187,CUST1698,7143.04,UPI,SUCCESS,,2026-08-06 22:29:48.314360,3
TXN101188,CUST2885,48702.91,UPI,SUCCESS,,2026-08-11 04:35:48.314360,1
TXN101189,CUST4193,42051.48,WALLET,FAILED,NETWORK_ERROR,2026-08-07 22:40:48.314360,0
TXN101190,CUST5043,28632.6,CARD,SUCCESS,,2026-08-06 18:10:48.314360,0
TXN101191,CUST8687,6543.92,UPI,SUCCESS,,2026-08-24 22:39:48.314360,1
TXN101192,CUST8942,39156.9,NETBANKING,SUCCESS,,2026-08-02 12:10:48.314360,0
TXN101193,CUST3376,11229.52,UPI,SUCCESS,,2026-08-03 02:01:48.314360,1
TXN101194,CUST2903,41485.92,WALLET,SUCCESS,,2026-08-04 03:46:48.314360,1
TXN101195,CUST2686,12230.5,CARD,SUCCESS,,2026-08-12 21:15:48.314360,3
TXN101196,CUST2578,14822.24,UPI,SUCCESS,,2026-08-03 12:55:48.314360,1
TXN101197,CUST3230,37411.89,WALLET,FAILED,LIMIT_EXCEEDED,2026-08-13 15:53:48.314360,3
TXN101198,CUST4029,42078.21,WALLET,SUCCESS,,2026-08-24 05:08:48.314360,2
TXN101199,CUST1012,32049.06,UPI,SUCCESS,,2026-08-20 18:41:48.314360,2
TXN101200,CUST7161,17079.93,UPI,SUCCESS,,2026-08-25 19:50:48.314360,0
TXN101201,CUST3375,22427.19,CARD,SUCCESS,,2026-08-08 16:33:48.314360,2
TXN101202,CUST4675,34631.17,UPI,SUCCESS,,2026-08-04 05:24:48.314360,3
TXN101203,CUST2881,836.39,NETBANKING,SUCCESS,,2026-08-03 20:48:48.314360,2
TXN101204,CUST1854,48417.54,UPI,SUCCESS,,2026-08-07 05:33:48.314360,0
TXN101205,CUST3077,11859.06,WALLET,SUCCESS,,2026-08-05 23:48:48.314360,2
TXN101206,CUST7409,1732.17,NETBANKING,SUCCESS,,2026-08-28 04:24:48.314360,1
TXN101207,CUST1902,7513.95,CARD,SUCCESS,,2026-08-27 11:47:48.314360,1
TXN101208,CUST5479,14908.38,NETBANKING,FAILED,INSUFFICIENT_FUNDS,2026-08-16 09:50:48.314360,1
TXN101209,CUST5564,45498.93,UPI,FAILED,NETWORK_ERROR,2026-08-16 15:05:48.314360,3
TXN101210,CUST9827,41565.71,UPI,SUCCESS,,2026-08-20 04:28:48.314360,3
TXN101211,CUST7516,42244.03,CARD,SUCCESS,,2026-08-26 16:23:48.314360,1
TXN101212,CUST5143,31493.35,CARD,SUCCESS,,2026-08-21 02:28:48.314360,2
TXN101213,CUST3249,47137.02,UPI,SUCCESS,,2026-08-28 06:04:48.314360,0
TXN101214,CUST9958,7096.6,WALLET,SUCCESS,,2026-07-30 15:07:48.314360,1
TXN101215,CUST7022,20310.84,CARD,SUCCESS,,2026-08-22 01:14:48.314360,1
TXN101216,CUST1873,18646.96,NETBANKING,SUCCESS,,2026-08-09 03:08:48.314360,0
TXN101217,CUST9045,11416.76,CARD,FAILED,INSUFFICIENT_FUNDS,2026-08-19 06:45:48.314360,2
TXN101218,CUST8683,298.82,WALLET,SUCCESS,,2026-08-19 15:55:48.314360,3
TXN101219,CUST3676,17073.18,UPI,SUCCESS,,2026-08-27 10:31:48.314360,1
TXN101220,CUST3120,38859.82,WALLET,SUCCESS,,2026-07-30 12:09:48.314360,3
TXN101221,CUST9449,47270.16,NETBANKING,SUCCESS,,2026-08-10 05:37:48.314360,0
TXN101222,CUST2099,10431.07,CARD,SUCCESS,,2026-08-01 04:58:48.314360,2
TXN101223,CUST4219,9123.44,UPI,SUCCESS,,2026-08-17 19:37:48.314360,0
TXN101224,CUST2147,25044.04,WALLET,SUCCESS,,2026-08-20 06:42:48.314360,0
TXN101225,CUST3187,15816.77,NETBANKING,SUCCESS,,2026-07-31 14:30:48.314360,3
TXN101226,CUST2092,18524.71,WALLET,SUCCESS,,2026-08-05 23:48:48.314360,1
TXN101227,CUST7582,36220.39,UPI,FAILED,INSUFFICIENT_FUNDS,2026-08-25 17:27:48.314360,3
TXN101228,CUST7414,27612.5,CARD,SUCCESS,,2026-07-31 17:20:48.314360,2
TXN101229,CUST6023,11277.66,UPI,SUCCESS,,2026-08-04 19:20:48.314360,1
TXN101230,CUST5955,3481.2,NETBANKING,SUCCESS,,2026-08-24 08:42:48.314360,0
TXN101231,CUST1101,2865.68,UPI,SUCCESS,,2026-07-30 14:31:48.314360,1
TXN101232,CUST9161,6330.34,WALLET,SUCCESS,,2026-08-11 18:19:48.314360,1
TXN101233,CUST1724,15343.32,WALLET,FAILED,INSUFFICIENT_FUNDS,2026-08-24 23:22:48.314360,2
TXN101234,CUST3055,12543.19,NETBANKING,SUCCESS,,2026-08-01 06:40:48.314360,3
TXN101235,CUST2748,33109.94,WALLET,SUCCESS,,2026-07-31 23:34:48.314360,1
TXN101236,CUST9624,4335.34,CARD,FAILED,LIMIT_EXCEEDED,2026-08-01 05:40:48.314360,3
TXN101237,CUST2434,49729.3,UPI,SUCCESS,,2026-08-16 15:30:48.314360,1
TXN101238,CUST9323,40680.36,UPI,SUCCESS,,2026-08-04 19:43:48.314360,2
TXN101239,CUST7606,28588.37,NETBANKING,SUCCESS,,2026-08-07 13:17:48.314360,2
TXN101240,CUST1612,26513.38,WALLET,SUCCESS,,2026-08-18 16:45:48.314360,3
TXN101241,CUST1471,37827.16,NETBANKING,FAILED,INSUFFICIENT_FUNDS,2026-08-09 18:10:48.314360,0
TXN101242,CUST5298,9355.33,UPI,SUCCESS,,2026-08-05 20:00:48.314360,3
TXN101243,CUST5009,24569.24,WALLET,SUCCESS,,2026-08-13 18:39:48.314360,2
TXN101244,CUST6597,21709.9,WALLET,FAILED,BANK_DECLINE,2026-08-15 15:14:48.314360,3
TXN101245,CUST3179,12796.16,CARD,SUCCESS,,2026-08-03 11:14:48.314360,2
TXN101246,CUST4506,18029.39,WALLET,SUCCESS,,2026-08-08 04:52:48.314360,0
TXN101247,CUST3462,7638.51,NETBANKING,SUCCESS,,2026-08-07 11:50:48.314360,1
TXN101248,CUST3139,27892.99,UPI,SUCCESS,,2026-08-21 12:31:48.314360,1
TXN101249,CUST2295,48425.71,UPI,SUCCESS,,2026-08-13 17:28:48.314360,1
TXN101250,CUST9317,22857.33,NETBANKING,SUCCESS,,2026-08-06 08:29:48.314360,3
TXN101251,CUST7733,31439.2,UPI,SUCCESS,,2026-08-06 10:35:48.314360,1
TXN101252,CUST6668,21025.67,NETBANKING,SUCCESS,,2026-08-19 04:57:48.314360,0
TXN101253,CUST5405,9254.47,UPI,SUCCESS,,2026-07-30 10:21:48.314360,2
TXN101254,CUST6048,47766.99,NETBANKING,FAILED,TIMEOUT,2026-08-03 09:38:48.314360,2
TXN101255,CUST7863,29362.75,CARD,SUCCESS,,2026-08-02 14:18:48.314360,2
TXN101256,CUST6509,8849.03,NETBANKING,SUCCESS,,2026-08-04 07:56:48.314360,3
TXN101257,CUST9847,6428.13,NETBANKING,SUCCESS,,2026-08-03 14:20:48.314360,0
TXN101258,CUST8964,41418.06,CARD,SUCCESS,,2026-08-20 16:50:48.314360,2
TXN101259,CUST9836,48765.5,NETBANKING,SUCCESS,,2026-08-11 20:45:48.314360,2
TXN101260,CUST6682,25544.65,CARD,SUCCESS,,2026-07-30 05:12:48.314360,3
TXN101261,CUST5881,32772.38,UPI,SUCCESS,,2026-08-26 05:58:48.314360,2
TXN101262,CUST8076,19959.93,CARD,SUCCESS,,2026-08-20 01:37:48.314360,2
TXN101263,CUST8489,16744.96,WALLET,SUCCESS,,2026-08-19 14:17:48.314360,2
TXN101264,CUST9767,27869.6,CARD,FAILED,BANK_DECLINE,2026-07-31 00:29:48.314360,0
TXN101265,CUST2481,41871.99,WALLET,SUCCESS,,2026-08-19 12:36:48.314360,3
TXN101266,CUST7170,18917.58,WALLET,SUCCESS,,2026-08-09 23:45:48.314360,0
TXN101267,CUST8453,25260.59,NETBANKING,SUCCESS,,2026-08-05 17:12:48.314360,3
TXN101268,CUST7318,33307.46,NETBANKING,SUCCESS,,2026-07-30 02:27:48.314360,0
TXN101269,CUST7459,583.16,WALLET,SUCCESS,,2026-08-09 14:57:48.314360,1
TXN101270,CUST2267,4549.85,WALLET,SUCCESS,,2026-08-15 13:12:48.314360,3
TXN101271,CUST6137,9411.69,WALLET,SUCCESS,,2026-08-10 09:11:48.314360,2
TXN101272,CUST3346,15501.25,NETBANKING,SUCCESS,,2026-08-07 03:44:48.314360,3
TXN101273,CUST1639,14425.53,WALLET,SUCCESS,,2026-08-19 00:21:48.314360,0
TXN101274,CUST6288,46632.75,UPI,SUCCESS,,2026-08-15 22:42:48.314360,0
TXN101275,CUST8026,41583.35,UPI,SUCCESS,,2026-08-16 22:47:48.314360,0
TXN101276,CUST1759,3922.15,NETBANKING,SUCCESS,,2026-08-05 04:37:48.314360,3
TXN101277,CUST5691,37960.22,NETBANKING,SUCCESS,,2026-08-08 03:10:48.314360,1
TXN101278,CUST1450,13702.33,UPI,FAILED,INSUFFICIENT_FUNDS,2026-08-23 12:24:48.314360,3
TXN101279,CUST2244,1187.14,NETBANKING,SUCCESS,,2026-08-16 11:37:48.314360,2
TXN101280,CUST2515,2650.6,NETBANKING,SUCCESS,,2026-08-02 05:19:48.314360,1
TXN101281,CUST5435,37085.8,CARD,SUCCESS,,2026-08-05 05:10:48.314360,0
TXN101282,CUST6827,32406.38,CARD,FAILED,BANK_DECLINE,2026-08-28 19:27:48.314360,2
TXN101283,CUST8342,6027.47,NETBANKING,SUCCESS,,2026-08-21 19:36:48.314360,1
TXN101284,CUST9124,36617.5,NETBANKING,SUCCESS,,2026-08-06 21:55:48.314360,3
TXN101285,CUST6925,40464.55,UPI,SUCCESS,,2026-08-20 04:20:48.314360,1
TXN101286,CUST5921,13573.69,NETBANKING,SUCCESS,,2026-08-26 11:07:48.314360,3
TXN101287,CUST9221,28096.72,WALLET,FAILED,BANK_DECLINE,2026-08-24 04:22:48.314360,1
TXN101288,CUST6641,28203.29,WALLET,SUCCESS,,2026-08-25 04:15:48.314360,1
TXN101289,CUST2225,37617.81,UPI,SUCCESS,,2026-08-27 04:24:48.314360,2
TXN101290,CUST7120,1730.61,WALLET,SUCCESS,,2026-08-17 21:39:48.314360,2
TXN101291,CUST7855,49031.37,NETBANKING,FAILED,NETWORK_ERROR,2026-08-03 13:00:48.314360,1
TXN101292,CUST7756,14596.86,UPI,SUCCESS,,2026-07-30 04:48:48.314360,3
TXN101293,CUST1706,1158.38,UPI,SUCCESS,,2026-08-14 00:30:48.314360,1
TXN101294,CUST7394,30309.41,CARD,SUCCESS,,2026-08-25 04:09:48.314360,2
TXN101295,CUST3436,3722.85,NETBANKING,SUCCESS,,2026-08-26 07:31:48.314360,0
TXN101296,CUST6390,14645.7,NETBANKING,FAILED,TIMEOUT,2026-08-20 06:29:48.314360,1
TXN101297,CUST6719,27132.43,NETBANKING,SUCCESS,,2026-08-25 03:00:48.314360,3
TXN101298,CUST1443,26166.9,CARD,SUCCESS,,2026-08-20 08:53:48.314360,2
TXN101299,CUST3088,47074.0,UPI,FAILED,INSUFFICIENT_FUNDS,2026-08-18 10:03:48.314360,2
TXN101300,CUST5103,33450.82,NETBANKING,SUCCESS,,2026-08-04 22:24:48.314360,2
TXN101301,CUST1704,23086.75,NETBANKING,FAILED,NETWORK_ERROR,2026-08-27 03:33:48.314360,2
TXN101302,CUST4655,29843.91,NETBANKING,FAILED,NETWORK_ERROR,2026-08-02 06:21:48.314360,0
TXN101303,CUST7171,36498.62,WALLET,SUCCESS,,2026-08-18 03:08:48.314360,0
TXN101304,CUST1775,18869.75,CARD,FAILED,LIMIT_EXCEEDED,2026-08-24 03:29:48.314360,2
TXN101305,CUST8605,11017.7,CARD,SUCCESS,,2026-08-26 21:17:48.314360,3
TXN101306,CUST5211,23426.28,WALLET,SUCCESS,,2026-08-17 23:09:48.314360,2
TXN101307,CUST9345,24620.16,NETBANKING,SUCCESS,,2026-08-17 02:08:48.314360,1
TXN101308,CUST2466,19337.75,NETBANKING,SUCCESS,,2026-08-17 13:36:48.314360,1
TXN101309,CUST7123,9433.85,WALLET,SUCCESS,,2026-08-22 10:48:48.314360,0
TXN101310,CUST6073,28118.07,WALLET,SUCCESS,,2026-07-31 17:05:48.314360,1
TXN101311,CUST7557,18473.49,NETBANKING,SUCCESS,,2026-08-13 02:27:48.314360,3
TXN101312,CUST2160,25565.46,CARD,SUCCESS,,2026-08-19 20:13:48.314360,1
TXN101313,CUST6310,30295.72,CARD,FAILED,TIMEOUT,2026-08-25 10:14:48.314360,2
TXN101314,CUST4346,15213.41,WALLET,SUCCESS,,2026-08-23 11:50:48.314360,3
TXN101315,CUST8683,7083.47,NETBANKING,SUCCESS,,2026-08-06 17:34:48.314360,1
TXN101316,CUST1816,28583.45,CARD,FAILED,INSUFFICIENT_FUNDS,2026-08-25 20:42:48.314360,1
TXN101317,CUST4151,48781.97,NETBANKING,SUCCESS,,2026-08-06 13:04:48.314360,2
TXN101318,CUST4834,44451.81,UPI,SUCCESS,,2026-08-14 10:09:48.314360,1
TXN101319,CUST4390,36614.29,UPI,FAILED,INSUFFICIENT_FUNDS,2026-07-31 21:25:48.314360,2
TXN101320,CUST3749,33997.3,UPI,SUCCESS,,2026-08-13 11:54:48.314360,2
TXN101321,CUST1131,33218.99,WALLET,SUCCESS,,2026-08-22 04:46:48.314360,0
TXN101322,CUST9189,34712.75,NETBANKING,SUCCESS,,2026-08-07 15:24:48.314360,3
TXN101323,CUST4178,26957.51,WALLET,SUCCESS,,2026-08-02 08:08:48.314360,2
TXN101324,CUST6115,11544.67,CARD,SUCCESS,,2026-08-05 23:42:48.314360,0
TXN101325,CUST1037,41481.76,CARD,SUCCESS,,2026-08-07 16:41:48.314360,3
TXN101326,CUST3812,46147.28,WALLET,SUCCESS,,2026-08-25 10:28:48.314360,1
TXN101327,CUST3508,6562.28,WALLET,SUCCESS,,2026-07-31 21:44:48.314360,1
TXN101328,CUST4660,9177.25,NETBANKING,SUCCESS,,2026-08-23 05:13:48.314360,0
TXN101329,CUST9147,25565.89,NETBANKING,SUCCESS,,2026-08-28 18:21:48.314360,1
TXN101330,CUST1580,42804.53,NETBANKING,SUCCESS,,2026-08-28 00:12:48.314360,1
TXN101331,CUST2310,49292.28,CARD,SUCCESS,,2026-08-27 07:39:48.314360,2
TXN101332,CUST2080,22805.35,WALLET,SUCCESS,,2026-08-23 09:47:48.314360,2
TXN101333,CUST3467,28547.82,WALLET,SUCCESS,,2026-08-08 17:33:48.314360,3
TXN101334,CUST6476,40445.53,NETBANKING,SUCCESS,,2026-08-27 14:41:48.314360,2
TXN101335,CUST7488,41955.26,WALLET,SUCCESS,,2026-07-30 02:05:48.314360,1
TXN101336,CUST2595,21381.93,UPI,FAILED,TIMEOUT,2026-08-06 08:34:48.314360,0
TXN101337,CUST2730,31899.13,WALLET,SUCCESS,,2026-08-18 05:12:48.314360,0
TXN101338,CUST7216,47877.18,WALLET,SUCCESS,,2026-08-05 07:41:48.314360,1
TXN101339,CUST5380,23384.55,WALLET,SUCCESS,,2026-07-31 15:55:48.314360,2
TXN101340,CUST2717,16360.46,WALLET,FAILED,INSUFFICIENT_FUNDS,2026-08-11 17:30:48.314360,3
TXN101341,CUST4416,40433.59,WALLET,SUCCESS,,2026-08-28 02:14:48.314360,1
TXN101342,CUST9433,21903.75,NETBANKING,SUCCESS,,2026-08-15 18:15:48.314360,3
TXN101343,CUST5510,1326.49,UPI,FAILED,LIMIT_EXCEEDED,2026-08-05 15:01:48.314360,0
TXN101344,CUST4054,49130.36,CARD,SUCCESS,,2026-08-23 12:41:48.314360,0
TXN101345,CUST7004,33030.39,NETBANKING,SUCCESS,,2026-08-02 13:50:48.314360,1
TXN101346,CUST7628,22470.69,CARD,SUCCESS,,2026-08-20 20:47:48.314360,1
TXN101347,CUST9879,31642.42,WALLET,SUCCESS,,2026-08-17 13:32:48.314360,1
TXN101348,CUST5880,41206.06,NETBANKING,SUCCESS,,2026-08-22 02:27:48.314360,0
TXN101349,CUST8768,16382.21,WALLET,SUCCESS,,2026-08-13 08:00:48.314360,1
TXN101350,CUST3875,33512.46,WALLET,SUCCESS,,2026-08-04 18:44:48.314360,1
TXN101351,CUST6905,41202.02,NETBANKING,SUCCESS,,2026-08-21 19:50:48.314360,0
TXN101352,CUST3967,35508.93,CARD,SUCCESS,,2026-08-17 03:35:48.314360,3
TXN101353,CUST7466,20853.44,WALLET,SUCCESS,,2026-08-16 20:48:48.314360,1
TXN101354,CUST8904,29455.33,NETBANKING,SUCCESS,,2026-07-31 04:24:48.314360,0
TXN101355,CUST1975,25048.32,CARD,SUCCESS,,2026-08-19 17:13:48.314360,3
TXN101356,CUST3373,35162.9,WALLET,SUCCESS,,2026-08-25 22:13:48.314360,0
TXN101357,CUST3357,1015.5,NETBANKING,SUCCESS,,2026-08-13 02:09:48.314360,0
TXN101358,CUST1768,11528.49,CARD,SUCCESS,,2026-08-26 11:47:48.314360,3
TXN101359,CUST9403,4445.67,NETBANKING,SUCCESS,,2026-08-04 18:05:48.314360,2
TXN101360,CUST9454,3326.27,UPI,FAILED,TIMEOUT,2026-08-21 16:57:48.314360,1
TXN101361,CUST2025,12355.28,CARD,SUCCESS,,2026-08-17 11:11:48.314360,2
TXN101362,CUST5235,26990.56,UPI,SUCCESS,,2026-08-03 23:02:48.314360,3
TXN101363,CUST5819,22196.49,UPI,SUCCESS,,2026-08-08 10:54:48.314360,1
TXN101364,CUST2917,45991.77,CARD,SUCCESS,,2026-08-02 09:59:48.314360,2
TXN101365,CUST1993,10008.05,CARD,FAILED,LIMIT_EXCEEDED,2026-08-18 07:38:48.314360,3
TXN101366,CUST7435,46049.34,NETBANKING,FAILED,LIMIT_EXCEEDED,2026-08-19 01:42:48.314360,2
TXN101367,CUST1640,24780.53,WALLET,SUCCESS,,2026-08-01 05:54:48.314360,3
TXN101368,CUST8174,43818.2,UPI,SUCCESS,,2026-08-03 01:46:48.314360,3
TXN101369,CUST3354,40659.04,UPI,SUCCESS,,2026-08-25 11:32:48.314360,2
TXN101370,CUST9412,13362.88,WALLET,SUCCESS,,2026-08-11 17:55:48.314360,3
TXN101371,CUST1505,15410.11,CARD,SUCCESS,,2026-08-27 20:08:48.314360,0
TXN101372,CUST9913,15570.36,CARD,SUCCESS,,2026-08-13 22:59:48.314360,2
TXN101373,CUST9297,46480.96,WALLET,FAILED,LIMIT_EXCEEDED,2026-08-24 13:43:48.314360,1
TXN101374,CUST7146,24651.19,NETBANKING,SUCCESS,,2026-08-12 12:45:48.314360,2
TXN101375,CUST6403,19145.16,NETBANKING,SUCCESS,,2026-08-14 23:23:48.314360,0
TXN101376,CUST6725,23430.37,WALLET,FAILED,NETWORK_ERROR,2026-08-24 07:52:48.314360,1
TXN101377,CUST3515,28960.2,WALLET,FAILED,LIMIT_EXCEEDED,2026-08-11 06:53:48.314360,2
TXN101378,CUST5768,9149.4,CARD,SUCCESS,,2026-07-30 10:41:48.314360,2
TXN101379,CUST6582,37900.33,CARD,SUCCESS,,2026-08-10 23:00:48.314360,0
TXN101380,CUST2179,11573.72,WALLET,SUCCESS,,2026-08-23 23:45:48.314360,0
TXN101381,CUST5391,17145.76,UPI,SUCCESS,,2026-08-21 09:48:48.314360,3
TXN101382,CUST8769,1531.83,CARD,SUCCESS,,2026-08-18 03:53:48.314360,0
TXN101383,CUST6654,11783.48,UPI,SUCCESS,,2026-08-15 14:26:48.314360,3
TXN101384,CUST3771,18698.02,UPI,SUCCESS,,2026-08-06 00:00:48.314360,0
TXN101385,CUST9657,23236.42,UPI,SUCCESS,,2026-07-31 09:00:48.314360,0
TXN101386,CUST7510,28221.2,CARD,SUCCESS,,2026-08-26 01:39:48.314360,3
TXN101387,CUST9505,29212.24,UPI,SUCCESS,,2026-08-19 04:18:48.314360,3
TXN101388,CUST3350,1557.01,NETBANKING,FAILED,TIMEOUT,2026-08-02 10:07:48.314360,2
TXN101389,CUST8759,33640.28,WALLET,SUCCESS,,2026-08-20 10:15:48.314360,3
TXN101390,CUST4444,9688.69,NETBANKING,SUCCESS,,2026-08-10 15:38:48.314360,1
TXN101391,CUST7571,14057.28,NETBANKING,SUCCESS,,2026-08-18 20:18:48.314360,3
TXN101392,CUST3315,10983.86,UPI,SUCCESS,,2026-08-13 12:48:48.314360,0
TXN101393,CUST7714,7102.94,WALLET,FAILED,TIMEOUT,2026-08-10 04:29:48.314360,0
TXN101394,CUST4529,28376.62,NETBANKING,SUCCESS,,2026-08-27 08:37:48.314360,2
TXN101395,CUST4921,5246.99,NETBANKING,SUCCESS,,2026-08-04 02:27:48.314360,3
TXN101396,CUST8272,4367.22,WALLET,SUCCESS,,2026-08-12 09:54:48.314360,0
TXN101397,CUST1901,35562.17,WALLET,SUCCESS,,2026-08-04 07:25:48.314360,1
TXN101398,CUST3464,11457.94,NETBANKING,SUCCESS,,2026-08-24 06:03:48.314360,2
TXN101399,CUST5807,47943.57,NETBANKING,SUCCESS,,2026-08-03 18:48:48.314360,1
TXN101400,CUST7069,4890.73,NETBANKING,SUCCESS,,2026-08-14 22:27:48.314360,1
TXN101401,CUST1806,45781.48,CARD,SUCCESS,,2026-08-28 02:13:48.314360,1
TXN101402,CUST5537,22576.46,NETBANKING,SUCCESS,,2026-08-09 08:07:48.314360,0
TXN101403,CUST6516,1326.56,UPI,SUCCESS,,2026-08-09 00:34:48.314360,0
TXN101404,CUST4579,6450.22,NETBANKING,SUCCESS,,2026-08-22 04:21:48.314360,0
TXN101405,CUST6250,15250.26,NETBANKING,SUCCESS,,2026-08-08 16:58:48.314360,1
TXN101406,CUST5794,26169.07,WALLET,SUCCESS,,2026-08-09 08:23:48.314360,3
TXN101407,CUST6601,40778.64,UPI,SUCCESS,,2026-08-10 18:40:48.314360,1
TXN101408,CUST2421,8058.73,WALLET,SUCCESS,,2026-08-21 21:16:48.314360,2
TXN101409,CUST8066,37729.96,WALLET,SUCCESS,,2026-08-15 14:03:48.314360,3
TXN101410,CUST4202,4760.6,UPI,SUCCESS,,2026-08-04 14:37:48.314360,1
TXN101411,CUST7164,30128.0,UPI,FAILED,INSUFFICIENT_FUNDS,2026-08-05 15:07:48.314360,3
TXN101412,CUST1413,3237.36,NETBANKING,SUCCESS,,2026-08-19 03:37:48.314360,0
TXN101413,CUST5036,34332.85,WALLET,SUCCESS,,2026-08-21 03:33:48.314360,3
TXN101414,CUST2132,24525.12,NETBANKING,FAILED,NETWORK_ERROR,2026-08-27 14:09:48.314360,1
TXN101415,CUST4587,27482.48,UPI,SUCCESS,,2026-08-08 10:17:48.314360,0
TXN101416,CUST7374,17044.7,NETBANKING,SUCCESS,,2026-08-21 18:26:48.314360,3
TXN101417,CUST2912,45360.48,UPI,FAILED,INSUFFICIENT_FUNDS,2026-08-07 08:48:48.314360,1
TXN101418,CUST4332,45694.86,NETBANKING,SUCCESS,,2026-07-31 21:05:48.314360,3
TXN101419,CUST4439,46613.52,CARD,FAILED,BANK_DECLINE,2026-08-25 00:36:48.314360,2
TXN101420,CUST7195,43761.08,CARD,SUCCESS,,2026-08-02 15:13:48.314360,1
TXN101421,CUST3699,30007.23,NETBANKING,SUCCESS,,2026-08-17 09:10:48.314360,2
TXN101422,CUST1380,548.34,CARD,SUCCESS,,2026-08-06 06:22:48.314360,3
TXN101423,CUST5985,23064.42,CARD,SUCCESS,,2026-08-04 14:19:48.314360,3
TXN101424,CUST9166,24609.38,UPI,FAILED,NETWORK_ERROR,2026-08-13 14:35:48.314360,1
TXN101425,CUST8772,23917.62,WALLET,SUCCESS,,2026-08-11 12:17:48.314360,2
TXN101426,CUST8391,41596.58,UPI,SUCCESS,,2026-08-06 17:08:48.314360,1
TXN101427,CUST5421,35246.77,CARD,SUCCESS,,2026-08-07 20:12:48.314360,1
TXN101428,CUST5224,45550.34,UPI,FAILED,LIMIT_EXCEEDED,2026-07-30 05:05:48.314360,3
TXN101429,CUST8212,48354.59,NETBANKING,SUCCESS,,2026-07-31 09:37:48.314360,1
TXN101430,CUST6924,44048.12,NETBANKING,FAILED,NETWORK_ERROR,2026-08-19 16:33:48.314360,1
TXN101431,CUST6275,21152.05,UPI,SUCCESS,,2026-08-19 13:43:48.314360,2
TXN101432,CUST8281,15000.44,UPI,FAILED,INSUFFICIENT_FUNDS,2026-08-23 20:00:48.314360,0
TXN101433,CUST8189,46042.32,CARD,SUCCESS,,2026-08-08 23:04:48.314360,2
TXN101434,CUST3534,17700.02,NETBANKING,SUCCESS,,2026-08-22 12:11:48.314360,3
TXN101435,CUST4452,35654.94,UPI,FAILED,NETWORK_ERROR,2026-08-01 13:03:48.314360,2
TXN101436,CUST3318,29107.41,WALLET,SUCCESS,,2026-08-21 00:06:48.314360,3
TXN101437,CUST7858,849.92,CARD,SUCCESS,,2026-08-19 02:15:48.314360,1
TXN101438,CUST5223,42670.14,UPI,SUCCESS,,2026-08-05 03:42:48.314360,3
TXN101439,CUST9813,47618.29,UPI,SUCCESS,,2026-08-23 20:05:48.314360,3
TXN101440,CUST2393,41039.3,CARD,FAILED,INSUFFICIENT_FUNDS,2026-08-07 09:38:48.314360,2
TXN101441,CUST3162,40729.67,CARD,SUCCESS,,2026-08-01 02:25:48.314360,0
TXN101442,CUST3070,28274.22,WALLET,SUCCESS,,2026-08-23 18:17:48.314360,3
TXN101443,CUST3284,20028.69,WALLET,SUCCESS,,2026-08-13 20:12:48.314360,0
TXN101444,CUST5770,28330.4,UPI,FAILED,NETWORK_ERROR,2026-08-08 21:37:48.314360,0
TXN101445,CUST2149,33177.49,UPI,FAILED,INSUFFICIENT_FUNDS,2026-08-24 02:46:48.314360,0
TXN101446,CUST8883,24157.65,CARD,SUCCESS,,2026-08-22 13:22:48.314360,3
TXN101447,CUST8273,47530.44,WALLET,SUCCESS,,2026-08-02 20:39:48.314360,0
TXN101448,CUST6578,9755.96,NETBANKING,SUCCESS,,2026-08-02 17:48:48.314360,3
TXN101449,CUST8952,46007.87,UPI,SUCCESS,,2026-08-21 23:23:48.314360,0
TXN101450,CUST4620,2800.41,NETBANKING,SUCCESS,,2026-08-15 13:04:48.314360,3
TXN101451,CUST8169,37107.73,UPI,SUCCESS,,2026-08-13 22:39:48.314360,1
TXN101452,CUST3271,41132.54,NETBANKING,SUCCESS,,2026-08-08 14:43:48.314360,1
TXN101453,CUST1413,3053.21,WALLET,SUCCESS,,2026-08-21 17:59:48.314360,3
TXN101454,CUST9182,7034.76,NETBANKING,SUCCESS,,2026-08-23 06:33:48.314360,3
TXN101455,CUST6697,2178.78,WALLET,SUCCESS,,2026-07-31 01:52:48.314360,3
TXN101456,CUST8723,38507.84,NETBANKING,SUCCESS,,2026-07-30 09:52:48.314360,1
TXN101457,CUST6184,8200.28,WALLET,SUCCESS,,2026-08-10 04:49:48.314360,3
TXN101458,CUST9989,4287.53,NETBANKING,SUCCESS,,2026-08-16 17:09:48.314360,0
TXN101459,CUST4556,45912.4,UPI,SUCCESS,,2026-08-11 21:22:48.314360,0
TXN101460,CUST1561,26849.17,UPI,SUCCESS,,2026-08-11 07:29:48.314360,3
TXN101461,CUST5797,6834.31,WALLET,SUCCESS,,2026-08-24 13:25:48.314360,0
TXN101462,CUST4004,1935.01,CARD,SUCCESS,,2026-08-10 01:47:48.314360,1
TXN101463,CUST3569,16808.04,WALLET,SUCCESS,,2026-08-17 09:16:48.314360,2
TXN101464,CUST3145,41569.39,WALLET,SUCCESS,,2026-08-23 16:22:48.314360,3
TXN101465,CUST9726,19636.18,CARD,SUCCESS,,2026-08-06 17:39:48.314360,0
TXN101466,CUST5921,30177.17,CARD,SUCCESS,,2026-08-24 21:15:48.314360,2
TXN101467,CUST8510,9403.77,UPI,FAILED,LIMIT_EXCEEDED,2026-08-02 21:48:48.314360,0
TXN101468,CUST2242,37908.97,UPI,SUCCESS,,2026-08-05 18:59:48.314360,3
TXN101469,CUST2291,42449.56,UPI,SUCCESS,,2026-08-07 20:09:48.314360,0
TXN101470,CUST4904,48335.3,NETBANKING,SUCCESS,,2026-08-12 05:31:48.314360,0
TXN101471,CUST2155,46463.36,UPI,SUCCESS,,2026-08-08 16:33:48.314360,3
TXN101472,CUST9408,20618.8,UPI,SUCCESS,,2026-08-04 19:20:48.314360,3
TXN101473,CUST6142,48012.07,WALLET,SUCCESS,,2026-08-07 07:32:48.314360,0
TXN101474,CUST7239,39621.08,CARD,SUCCESS,,2026-08-26 06:57:48.314360,1
TXN101475,CUST7718,17389.23,NETBANKING,SUCCESS,,2026-07-31 18:58:48.314360,1
TXN101476,CUST9001,9397.56,UPI,FAILED,NETWORK_ERROR,2026-08-21 01:47:48.314360,3
TXN101477,CUST6959,27566.09,CARD,SUCCESS,,2026-08-02 13:39:48.314360,1
TXN101478,CUST4831,28305.26,UPI,SUCCESS,,2026-08-18 07:24:48.314360,1
TXN101479,CUST5310,1701.09,CARD,SUCCESS,,2026-08-04 11:23:48.314360,2
TXN101480,CUST1504,43078.93,CARD,SUCCESS,,2026-08-17 12:31:48.314360,2
TXN101481,CUST2409,44575.91,UPI,SUCCESS,,2026-08-27 18:33:48.314360,0
TXN101482,CUST4245,31710.09,NETBANKING,SUCCESS,,2026-07-31 11:52:48.314360,0
TXN101483,CUST5179,4967.36,CARD,SUCCESS,,2026-08-05 14:02:48.314360,3
TXN101484,CUST2174,4250.04,UPI,SUCCESS,,2026-08-15 22:02:48.314360,3
TXN101485,CUST8526,15270.9,UPI,SUCCESS,,2026-08-12 05:18:48.314360,0
TXN101486,CUST9435,15438.27,NETBANKING,SUCCESS,,2026-08-17 12:41:48.314360,2
TXN101487,CUST8284,36996.6,NETBANKING,SUCCESS,,2026-08-22 16:32:48.314360,3
TXN101488,CUST3228,27952.15,WALLET,SUCCESS,,2026-08-08 13:49:48.314360,2
TXN101489,CUST5777,49769.24,UPI,SUCCESS,,2026-08-27 07:39:48.314360,1
TXN101490,CUST2190,41285.65,CARD,SUCCESS,,2026-08-18 17:22:48.314360,2
TXN101491,CUST7064,25534.47,WALLET,FAILED,LIMIT_EXCEEDED,2026-08-11 14:09:48.314360,3
TXN101492,CUST8337,36864.14,NETBANKING,SUCCESS,,2026-08-05 01:24:48.314360,2
TXN101493,CUST4230,9405.96,NETBANKING,FAILED,NETWORK_ERROR,2026-08-01 09:07:48.314360,3
TXN101494,CUST2255,6167.68,CARD,SUCCESS,,2026-08-10 08:14:48.314360,0
TXN101495,CUST7296,47060.09,WALLET,SUCCESS,,2026-08-08 18:31:48.314360,3
TXN101496,CUST2428,2009.44,WALLET,SUCCESS,,2026-08-20 09:12:48.314360,1
TXN101497,CUST7555,28748.6,NETBANKING,FAILED,LIMIT_EXCEEDED,2026-08-12 23:46:48.314360,3
TXN101498,CUST2435,7830.86,WALLET,SUCCESS,,2026-08-08 21:40:48.314360,1
TXN101499,CUST5722,33499.03,CARD,FAILED,LIMIT_EXCEEDED,2026-08-07 10:26:48.314360,2
TXN101500,CUST4871,42381.79,WALLET,SUCCESS,,2026-08-11 11:14:48.314360,1
TXN101501,CUST8725,32956.93,WALLET,SUCCESS,,2026-08-07 05:57:48.314360,1
TXN101502,CUST7696,6707.67,UPI,SUCCESS,,2026-08-17 07:38:48.314360,2
TXN101503,CUST3765,40144.23,UPI,FAILED,BANK_DECLINE,2026-08-26 19:34:48.314360,2
TXN101504,CUST9296,994.86,NETBANKING,SUCCESS,,2026-07-29 22:52:48.314360,2
TXN101505,CUST6134,26552.02,NETBANKING,SUCCESS,,2026-08-05 12:58:48.314360,3
TXN101506,CUST1829,4993.45,CARD,FAILED,NETWORK_ERROR,2026-08-03 03:55:48.314360,0
TXN101507,CUST7708,24432.54,WALLET,SUCCESS,,2026-08-20 03:40:48.314360,1
TXN101508,CUST8787,9975.31,UPI,FAILED,INSUFFICIENT_FUNDS,2026-08-23 08:30:48.314360,2
TXN101509,CUST8178,42048.89,NETBANKING,SUCCESS,,2026-08-22 18:15:48.314360,3
TXN101510,CUST5735,47078.17,UPI,SUCCESS,,2026-08-23 19:07:48.314360,2
TXN101511,CUST5646,1846.32,NETBANKING,SUCCESS,,2026-08-19 21:58:48.314360,0
TXN101512,CUST8873,32051.52,WALLET,SUCCESS,,2026-08-06 11:45:48.314360,0
TXN101513,CUST8730,9345.98,NETBANKING,SUCCESS,,2026-08-15 16:23:48.314360,3
TXN101514,CUST8443,49864.64,UPI,SUCCESS,,2026-08-19 16:42:48.314360,0
TXN101515,CUST7672,34673.47,UPI,SUCCESS,,2026-08-12 12:08:48.314360,1
TXN101516,CUST7779,42520.95,NETBANKING,SUCCESS,,2026-08-02 16:52:48.314360,1
TXN101517,CUST4566,43671.93,CARD,SUCCESS,,2026-08-04 07:38:48.314360,2
TXN101518,CUST7666,10671.21,WALLET,SUCCESS,,2026-08-06 07:24:48.314360,1
TXN101519,CUST3103,17971.69,WALLET,SUCCESS,,2026-08-14 04:34:48.314360,2
TXN101520,CUST9297,9292.31,WALLET,FAILED,BANK_DECLINE,2026-08-13 14:15:48.314360,3
TXN101521,CUST3979,17414.91,CARD,SUCCESS,,2026-07-30 10:13:48.314360,1
TXN101522,CUST4776,8292.95,UPI,SUCCESS,,2026-08-28 18:06:48.314360,3
TXN101523,CUST5149,137.23,NETBANKING,SUCCESS,,2026-08-16 11:03:48.314360,3
TXN101524,CUST9815,5782.01,NETBANKING,FAILED,INSUFFICIENT_FUNDS,2026-08-26 22:28:48.314360,0
TXN101525,CUST2549,31135.6,CARD,SUCCESS,,2026-08-07 02:39:48.314360,3
TXN101526,CUST3967,44984.82,NETBANKING,SUCCESS,,2026-08-04 11:09:48.314360,2
TXN101527,CUST8842,26527.19,CARD,SUCCESS,,2026-08-24 05:48:48.314360,1
TXN101528,CUST1220,7812.7,UPI,FAILED,NETWORK_ERROR,2026-08-11 14:19:48.314360,1
TXN101529,CUST6115,31986.93,WALLET,SUCCESS,,2026-07-29 23:21:48.314360,2
TXN101530,CUST5100,31661.74,CARD,SUCCESS,,2026-08-10 17:05:48.314360,0
TXN101531,CUST2013,26035.29,NETBANKING,FAILED,INSUFFICIENT_FUNDS,2026-08-14 07:43:48.314360,3
TXN101532,CUST6705,48391.24,CARD,SUCCESS,,2026-08-24 05:35:48.314360,3
TXN101533,CUST8741,20540.21,CARD,SUCCESS,,2026-08-14 02:19:48.314360,3
TXN101534,CUST3870,36534.91,NETBANKING,SUCCESS,,2026-08-03 11:40:48.314360,0
TXN101535,CUST2126,1845.96,WALLET,SUCCESS,,2026-08-14 18:24:48.314360,1
TXN101536,CUST5022,14664.88,NETBANKING,FAILED,BANK_DECLINE,2026-08-12 23:06:48.314360,2
TXN101537,CUST7866,23648.75,WALLET,SUCCESS,,2026-08-24 17:21:48.314360,0
TXN101538,CUST2794,18369.25,NETBANKING,FAILED,LIMIT_EXCEEDED,2026-08-10 05:11:48.314360,3
TXN101539,CUST3978,14921.94,CARD,FAILED,TIMEOUT,2026-08-01 05:25:48.314360,1
TXN101540,CUST2350,37323.52,WALLET,SUCCESS,,2026-08-03 06:55:48.314360,0
TXN101541,CUST8129,1012.9,CARD,SUCCESS,,2026-08-02 15:37:48.314360,3
TXN101542,CUST1852,38629.87,NETBANKING,SUCCESS,,2026-08-25 05:34:48.314360,2
TXN101543,CUST6829,23629.41,UPI,SUCCESS,,2026-08-05 05:59:48.314360,1
TXN101544,CUST7741,9652.09,CARD,SUCCESS,,2026-08-10 08:10:48.314360,3
TXN101545,CUST6057,19840.7,UPI,SUCCESS,,2026-08-06 15:07:48.314360,0
TXN101546,CUST5874,9454.35,WALLET,SUCCESS,,2026-08-02 13:56:48.314360,2
TXN101547,CUST2595,15001.41,UPI,SUCCESS,,2026-08-05 02:10:48.314360,0
TXN101548,CUST6382,24077.67,UPI,SUCCESS,,2026-08-08 01:01:48.314360,0
TXN101549,CUST4392,39850.69,CARD,SUCCESS,,2026-08-07 01:01:48.314360,2
TXN101550,CUST1921,41461.35,UPI,SUCCESS,,2026-08-12 07:54:48.314360,3
TXN101551,CUST1780,12663.32,WALLET,SUCCESS,,2026-08-12 17:56:48.314360,0
TXN101552,CUST5960,18716.36,WALLET,SUCCESS,,2026-08-28 04:41:48.314360,2
TXN101553,CUST9361,38811.51,UPI,FAILED,INSUFFICIENT_FUNDS,2026-08-09 21:16:48.314360,1
TXN101554,CUST2626,7490.08,NETBANKING,SUCCESS,,2026-08-12 13:28:48.314360,0
TXN101555,CUST1913,8516.43,UPI,SUCCESS,,2026-08-23 12:05:48.314360,3
TXN101556,CUST1066,10072.8,CARD,SUCCESS,,2026-08-12 12:05:48.314360,2
TXN101557,CUST8955,25626.18,CARD,SUCCESS,,2026-08-09 19:53:48.314360,0
TXN101558,CUST7137,46227.85,NETBANKING,SUCCESS,,2026-08-12 05:25:48.314360,3
TXN101559,CUST3758,23037.09,CARD,FAILED,LIMIT_EXCEEDED,2026-08-28 14:04:48.314360,0
TXN101560,CUST5096,44196.37,UPI,SUCCESS,,2026-08-15 10:40:48.314360,1
TXN101561,CUST1140,17255.69,WALLET,SUCCESS,,2026-08-25 10:56:48.314360,3
TXN101562,CUST6451,46117.2,WALLET,SUCCESS,,2026-08-25 02:18:48.314360,1
TXN101563,CUST7955,10441.1,CARD,SUCCESS,,2026-08-21 18:38:48.314360,0
TXN101564,CUST1261,17647.7,UPI,SUCCESS,,2026-08-26 04:22:48.314360,0
TXN101565,CUST6471,33997.35,WALLET,FAILED,BANK_DECLINE,2026-08-14 19:23:48.314360,3
TXN101566,CUST8186,44981.18,NETBANKING,FAILED,LIMIT_EXCEEDED,2026-08-21 02:38:48.314360,2
TXN101567,CUST9313,47923.24,WALLET,SUCCESS,,2026-07-31 01:56:48.314360,3
TXN101568,CUST6165,24666.69,WALLET,SUCCESS,,2026-08-13 06:58:48.314360,0
TXN101569,CUST1691,24177.77,UPI,SUCCESS,,2026-08-09 20:25:48.314360,0
TXN101570,CUST4129,38257.12,NETBANKING,SUCCESS,,2026-07-30 04:42:48.314360,3
TXN101571,CUST1698,9016.42,NETBANKING,FAILED,TIMEOUT,2026-08-22 01:31:48.314360,2
TXN101572,CUST4020,27802.57,UPI,SUCCESS,,2026-08-18 21:43:48.314360,0
TXN101573,CUST2596,27295.93,NETBANKING,FAILED,TIMEOUT,2026-08-19 09:47:48.314360,2
TXN101574,CUST1413,35336.8,WALLET,SUCCESS,,2026-08-11 18:46:48.314360,0
TXN101575,CUST9830,41229.56,CARD,FAILED,NETWORK_ERROR,2026-08-23 01:18:48.314360,1
TXN101576,CUST2879,35179.74,UPI,SUCCESS,,2026-08-13 14:17:48.314360,1
TXN101577,CUST9125,48655.9,CARD,SUCCESS,,2026-08-21 00:32:48.314360,1
TXN101578,CUST7970,7208.83,WALLET,SUCCESS,,2026-08-18 03:38:48.314360,2
TXN101579,CUST6481,25667.11,WALLET,FAILED,BANK_DECLINE,2026-08-20 11:22:48.314360,2
TXN101580,CUST3807,24432.4,UPI,SUCCESS,,2026-08-21 02:30:48.314360,1
TXN101581,CUST7512,47547.38,NETBANKING,SUCCESS,,2026-08-22 04:39:48.314360,3
TXN101582,CUST4725,49525.01,UPI,SUCCESS,,2026-08-02 04:46:48.314360,1
TXN101583,CUST3753,47012.51,NETBANKING,FAILED,NETWORK_ERROR,2026-07-31 07:47:48.314360,3
TXN101584,CUST6574,34781.31,UPI,SUCCESS,,2026-08-07 07:55:48.314360,0
TXN101585,CUST4316,1998.27,UPI,SUCCESS,,2026-07-30 20:51:48.314360,0
TXN101586,CUST4618,46517.65,CARD,SUCCESS,,2026-08-27 11:30:48.314360,0
TXN101587,CUST7934,38395.89,UPI,SUCCESS,,2026-08-25 16:21:48.314360,0
TXN101588,CUST7893,23133.72,WALLET,SUCCESS,,2026-08-18 12:00:48.314360,1
TXN101589,CUST4443,38780.75,WALLET,FAILED,TIMEOUT,2026-08-01 23:21:48.314360,3
TXN101590,CUST3715,21336.37,CARD,SUCCESS,,2026-08-17 04:52:48.314360,3
TXN101591,CUST5021,7777.24,CARD,FAILED,LIMIT_EXCEEDED,2026-08-22 21:05:48.314360,1
TXN101592,CUST4385,11457.33,UPI,SUCCESS,,2026-08-17 01:29:48.314360,3
TXN101593,CUST4042,18591.01,CARD,SUCCESS,,2026-08-04 23:15:48.314360,2
TXN101594,CUST5243,24677.13,WALLET,SUCCESS,,2026-08-25 21:31:48.314360,2
TXN101595,CUST5186,18947.02,UPI,SUCCESS,,2026-08-17 11:51:48.314360,1
TXN101596,CUST2164,11564.91,WALLET,SUCCESS,,2026-08-05 22:57:48.314360,2
TXN101597,CUST2960,25977.85,UPI,SUCCESS,,2026-08-25 23:14:48.314360,1
TXN101598,CUST1429,20782.33,UPI,SUCCESS,,2026-08-13 05:48:48.314360,3
TXN101599,CUST1012,36507.21,NETBANKING,SUCCESS,,2026-08-03 01:56:48.314360,2
TXN101600,CUST7039,10813.67,CARD,SUCCESS,,2026-08-09 13:00:48.314360,2
TXN101601,CUST1444,25651.46,UPI,SUCCESS,,2026-08-04 10:15:48.314360,3
TXN101602,CUST9724,27055.07,WALLET,FAILED,LIMIT_EXCEEDED,2026-08-25 15:34:48.314360,1
TXN101603,CUST7057,46909.44,NETBANKING,SUCCESS,,2026-08-11 07:50:48.314360,3
TXN101604,CUST9352,17667.62,WALLET,SUCCESS,,2026-08-09 19:43:48.314360,0
TXN101605,CUST8805,32858.0,WALLET,SUCCESS,,2026-08-18 04:51:48.314360,0
TXN101606,CUST7832,11351.45,WALLET,SUCCESS,,2026-08-22 17:13:48.314360,2
TXN101607,CUST6113,10147.19,UPI,SUCCESS,,2026-08-20 05:17:48.314360,0
TXN101608,CUST4511,48162.55,WALLET,SUCCESS,,2026-08-09 03:34:48.314360,2
TXN101609,CUST8686,17102.48,WALLET,SUCCESS,,2026-08-27 05:44:48.314360,0
TXN101610,CUST9783,44188.67,NETBANKING,SUCCESS,,2026-08-26 11:59:48.314360,1
TXN101611,CUST9542,5069.27,UPI,SUCCESS,,2026-08-26 18:33:48.314360,1
TXN101612,CUST8137,20074.93,CARD,FAILED,LIMIT_EXCEEDED,2026-08-20 08:07:48.314360,0
TXN101613,CUST7556,13317.49,UPI,SUCCESS,,2026-08-17 20:55:48.314360,1
TXN101614,CUST1685,41533.29,UPI,SUCCESS,,2026-08-08 09:48:48.314360,0
TXN101615,CUST1044,44176.95,WALLET,SUCCESS,,2026-07-30 06:45:48.314360,2
TXN101616,CUST7263,2248.9,UPI,SUCCESS,,2026-08-25 02:59:48.314360,3
TXN101617,CUST1926,24414.57,NETBANKING,SUCCESS,,2026-08-01 07:11:48.314360,1
TXN101618,CUST6926,3262.19,UPI,SUCCESS,,2026-08-20 08:03:48.314360,2
TXN101619,CUST3281,20173.03,CARD,SUCCESS,,2026-08-02 19:18:48.314360,1
TXN101620,CUST4882,32686.15,UPI,SUCCESS,,2026-08-27 20:13:48.314360,2
TXN101621,CUST7973,19160.93,UPI,SUCCESS,,2026-08-04 00:45:48.314360,3
TXN101622,CUST1196,19992.56,UPI,SUCCESS,,2026-08-01 10:08:48.314360,3
TXN101623,CUST7804,5757.42,UPI,FAILED,LIMIT_EXCEEDED,2026-08-01 00:49:48.314360,2
TXN101624,CUST6713,25512.22,CARD,SUCCESS,,2026-08-20 21:00:48.314360,0
TXN101625,CUST7277,16883.83,UPI,SUCCESS,,2026-08-27 16:44:48.314360,3
TXN101626,CUST8857,11546.88,WALLET,SUCCESS,,2026-08-13 00:39:48.314360,0
TXN101627,CUST9152,33297.75,UPI,SUCCESS,,2026-08-14 02:49:48.314360,3
TXN101628,CUST7922,3944.57,WALLET,SUCCESS,,2026-08-22 14:10:48.314360,3
TXN101629,CUST1468,9948.26,UPI,SUCCESS,,2026-08-10 14:20:48.314360,3
TXN101630,CUST6644,43966.64,WALLET,SUCCESS,,2026-08-21 09:01:48.314360,0
TXN101631,CUST3294,21593.07,WALLET,SUCCESS,,2026-08-23 15:35:48.314360,3
TXN101632,CUST1921,38165.79,WALLET,SUCCESS,,2026-08-02 15:03:48.314360,3
TXN101633,CUST2802,10833.9,UPI,SUCCESS,,2026-08-10 22:10:48.314360,3
TXN101634,CUST8749,16135.12,WALLET,FAILED,TIMEOUT,2026-08-02 10:13:48.314360,3
TXN101635,CUST1366,47249.35,NETBANKING,SUCCESS,,2026-08-16 05:21:48.314360,1
TXN101636,CUST9524,20376.27,UPI,SUCCESS,,2026-08-12 01:08:48.314360,3
TXN101637,CUST6367,43776.35,WALLET,SUCCESS,,2026-08-19 14:11:48.314360,1
TXN101638,CUST1992,10985.44,NETBANKING,FAILED,TIMEOUT,2026-08-16 15:14:48.314360,1
TXN101639,CUST7210,12388.18,CARD,SUCCESS,,2026-08-25 01:26:48.314360,0
TXN101640,CUST2488,1365.32,WALLET,SUCCESS,,2026-08-24 01:10:48.314360,0
TXN101641,CUST2066,42575.08,CARD,SUCCESS,,2026-08-14 23:15:48.314360,1
TXN101642,CUST1117,29258.12,NETBANKING,SUCCESS,,2026-08-02 05:30:48.314360,3
TXN101643,CUST3596,40090.47,CARD,SUCCESS,,2026-08-16 11:27:48.314360,3
TXN101644,CUST4964,15894.36,CARD,SUCCESS,,2026-08-13 13:00:48.314360,1
TXN101645,CUST7029,3755.58,WALLET,SUCCESS,,2026-07-31 19:30:48.314360,0
TXN101646,CUST1843,4868.42,CARD,SUCCESS,,2026-08-09 21:39:48.314360,0
TXN101647,CUST2527,8466.57,UPI,SUCCESS,,2026-08-02 16:16:48.314360,3
TXN101648,CUST5658,42277.83,WALLET,SUCCESS,,2026-08-20 10:22:48.314360,0
TXN101649,CUST2031,4167.49,UPI,FAILED,TIMEOUT,2026-08-12 08:49:48.314360,3
TXN101650,CUST2770,26243.93,CARD,SUCCESS,,2026-08-14 03:57:48.314360,1
TXN101651,CUST1539,47507.69,UPI,SUCCESS,,2026-08-18 13:10:48.314360,1
TXN101652,CUST7559,48278.32,UPI,SUCCESS,,2026-08-08 17:51:48.314360,3
TXN101653,CUST9489,9306.07,CARD,SUCCESS,,2026-08-09 17:18:48.314360,1
TXN101654,CUST9437,26524.32,NETBANKING,SUCCESS,,2026-07-31 06:16:48.314360,3
TXN101655,CUST7802,13636.02,WALLET,SUCCESS,,2026-08-28 19:50:48.314360,0
TXN101656,CUST6105,23413.12,WALLET,SUCCESS,,2026-08-09 04:05:48.314360,1
TXN101657,CUST6179,37596.21,UPI,SUCCESS,,2026-08-27 19:06:48.314360,0
TXN101658,CUST3731,27526.88,WALLET,FAILED,NETWORK_ERROR,2026-08-06 08:49:48.314360,1
TXN101659,CUST8805,1954.19,NETBANKING,SUCCESS,,2026-08-18 03:54:48.314360,1
TXN101660,CUST6264,31597.33,WALLET,SUCCESS,,2026-08-03 09:39:48.314360,0
TXN101661,CUST4515,38295.58,NETBANKING,SUCCESS,,2026-08-16 08:22:48.314360,0
TXN101662,CUST1988,40624.1,WALLET,SUCCESS,,2026-08-13 19:41:48.314360,2
TXN101663,CUST4320,4553.12,WALLET,FAILED,TIMEOUT,2026-08-28 20:03:48.314360,2
TXN101664,CUST9965,32597.06,UPI,SUCCESS,,2026-08-26 11:20:48.314360,0
TXN101665,CUST1936,45994.0,NETBANKING,SUCCESS,,2026-08-06 21:19:48.314360,0
TXN101666,CUST9011,26756.14,UPI,SUCCESS,,2026-08-01 19:23:48.314360,0
TXN101667,CUST4162,35128.47,NETBANKING,SUCCESS,,2026-08-08 15:06:48.314360,0
TXN101668,CUST3491,45648.74,UPI,SUCCESS,,2026-08-24 04:47:48.314360,2
TXN101669,CUST4844,32052.96,NETBANKING,SUCCESS,,2026-08-03 20:45:48.314360,3
TXN101670,CUST9801,13773.69,NETBANKING,SUCCESS,,2026-08-21 06:15:48.314360,2
TXN101671,CUST6101,2094.27,CARD,SUCCESS,,2026-08-02 05:45:48.314360,2
TXN101672,CUST5121,19580.08,CARD,SUCCESS,,2026-08-11 14:46:48.314360,3
TXN101673,CUST1558,46494.3,WALLET,SUCCESS,,2026-08-09 10:37:48.314360,3
TXN101674,CUST5792,49990.11,WALLET,SUCCESS,,2026-08-05 03:08:48.314360,2
TXN101675,CUST1268,41488.2,UPI,SUCCESS,,2026-08-17 05:13:48.314360,2
TXN101676,CUST5110,15509.7,CARD,SUCCESS,,2026-08-01 16:54:48.314360,2
TXN101677,CUST8866,12652.55,WALLET,SUCCESS,,2026-08-13 08:12:48.314360,1
TXN101678,CUST1460,13741.29,WALLET,SUCCESS,,2026-08-13 20:51:48.314360,1
TXN101679,CUST6632,39255.88,WALLET,SUCCESS,,2026-08-25 07:49:48.314360,2
TXN101680,CUST5168,8002.92,CARD,SUCCESS,,2026-08-07 02:57:48.314360,1
TXN101681,CUST8130,41978.85,UPI,SUCCESS,,2026-08-15 07:52:48.314360,2
TXN101682,CUST1239,26674.78,CARD,SUCCESS,,2026-08-09 20:01:48.314360,2
TXN101683,CUST7515,11748.1,CARD,SUCCESS,,2026-08-11 01:13:48.314360,0
TXN101684,CUST5675,38379.91,CARD,SUCCESS,,2026-08-12 23:00:48.314360,2
TXN101685,CUST2737,17207.96,UPI,SUCCESS,,2026-08-20 11:18:48.314360,2
TXN101686,CUST9687,4253.15,NETBANKING,SUCCESS,,2026-07-31 21:42:48.314360,2
TXN101687,CUST4392,24896.48,CARD,SUCCESS,,2026-08-07 12:55:48.314360,1
TXN101688,CUST8765,5351.34,UPI,SUCCESS,,2026-08-20 21:04:48.314360,3
TXN101689,CUST3973,33907.36,NETBANKING,SUCCESS,,2026-08-26 05:48:48.314360,2
TXN101690,CUST1768,29809.45,CARD,SUCCESS,,2026-08-08 17:56:48.314360,1
TXN101691,CUST2381,7450.84,WALLET,SUCCESS,,2026-08-13 20:00:48.314360,3
TXN101692,CUST3692,27460.38,NETBANKING,SUCCESS,,2026-08-21 18:39:48.314360,1
TXN101693,CUST9047,48171.39,WALLET,SUCCESS,,2026-08-17 23:26:48.314360,2
TXN101694,CUST6751,46315.02,NETBANKING,SUCCESS,,2026-08-02 11:13:48.314360,0
TXN101695,CUST5463,49275.25,NETBANKING,SUCCESS,,2026-08-14 01:05:48.314360,3
TXN101696,CUST1250,40989.5,WALLET,FAILED,TIMEOUT,2026-08-27 03:51:48.314360,1
TXN101697,CUST9604,38606.61,CARD,SUCCESS,,2026-08-15 05:12:48.314360,0
TXN101698,CUST6371,2255.96,CARD,SUCCESS,,2026-08-15 08:14:48.314360,2
TXN101699,CUST7922,45672.74,CARD,SUCCESS,,2026-08-08 00:31:48.314360,0
TXN101700,CUST1452,28961.73,CARD,SUCCESS,,2026-08-19 22:36:48.314360,3
TXN101701,CUST9861,8420.43,WALLET,SUCCESS,,2026-08-16 17:14:48.314360,3
TXN101702,CUST3295,2241.51,NETBANKING,SUCCESS,,2026-08-16 18:17:48.314360,3
TXN101703,CUST8778,25299.13,WALLET,SUCCESS,,2026-08-10 08:28:48.314360,2
TXN101704,CUST4498,27326.46,CARD,SUCCESS,,2026-08-16 08:45:48.314360,2
TXN101705,CUST9713,43585.93,UPI,SUCCESS,,2026-08-27 23:12:48.314360,0
TXN101706,CUST3673,30791.51,WALLET,SUCCESS,,2026-08-04 22:11:48.314360,3
TXN101707,CUST3839,17987.7,UPI,SUCCESS,,2026-08-17 01:02:48.314360,0
TXN101708,CUST7193,43777.46,CARD,SUCCESS,,2026-08-10 07:39:48.314360,0
TXN101709,CUST8657,32183.76,WALLET,SUCCESS,,2026-08-23 08:10:48.314360,2
TXN101710,CUST8634,42450.77,CARD,FAILED,LIMIT_EXCEEDED,2026-08-11 22:59:48.314360,0
TXN101711,CUST7316,46068.98,NETBANKING,SUCCESS,,2026-08-19 19:56:48.314360,3
TXN101712,CUST1838,32883.62,UPI,SUCCESS,,2026-08-01 15:18:48.314360,0
TXN101713,CUST6596,22127.13,WALLET,FAILED,NETWORK_ERROR,2026-08-23 01:02:48.314360,3
TXN101714,CUST2987,26770.37,CARD,SUCCESS,,2026-08-16 03:51:48.314360,1
TXN101715,CUST4313,33129.38,UPI,SUCCESS,,2026-08-19 18:45:48.314360,0
TXN101716,CUST8244,43691.21,NETBANKING,SUCCESS,,2026-08-19 23:13:48.314360,0
TXN101717,CUST5147,48251.84,UPI,SUCCESS,,2026-08-19 19:38:48.314360,0
TXN101718,CUST2554,40872.4,NETBANKING,SUCCESS,,2026-08-17 22:57:48.314360,3
TXN101719,CUST9527,26952.44,NETBANKING,SUCCESS,,2026-08-27 13:55:48.314360,3
TXN101720,CUST7453,41082.45,CARD,SUCCESS,,2026-08-24 23:32:48.314360,3
TXN101721,CUST9244,27020.65,NETBANKING,SUCCESS,,2026-08-01 14:46:48.314360,1
TXN101722,CUST7960,13551.72,UPI,SUCCESS,,2026-07-30 05:35:48.314360,2
TXN101723,CUST5354,26486.27,CARD,SUCCESS,,2026-08-06 13:11:48.314360,1
TXN101724,CUST5333,35181.41,WALLET,SUCCESS,,2026-08-28 04:03:48.314360,2
TXN101725,CUST7636,35396.76,CARD,SUCCESS,,2026-08-17 10:37:48.314360,3
TXN101726,CUST1661,19856.83,UPI,FAILED,BANK_DECLINE,2026-08-19 01:01:48.314360,2
TXN101727,CUST3747,19568.76,WALLET,FAILED,NETWORK_ERROR,2026-08-15 16:37:48.314360,2
TXN101728,CUST6964,43472.07,CARD,SUCCESS,,2026-08-23 18:15:48.314360,3
TXN101729,CUST4425,43074.81,WALLET,SUCCESS,,2026-08-21 03:20:48.314360,2
TXN101730,CUST1761,15895.69,UPI,SUCCESS,,2026-08-07 04:49:48.314360,1
TXN101731,CUST7042,6129.48,CARD,SUCCESS,,2026-08-05 19:08:48.314360,2
TXN101732,CUST4259,5683.59,CARD,SUCCESS,,2026-08-04 19:01:48.314360,1
TXN101733,CUST4616,15107.93,WALLET,FAILED,TIMEOUT,2026-08-19 18:11:48.314360,0
TXN101734,CUST5363,7945.52,WALLET,SUCCESS,,2026-08-28 02:14:48.314360,1
TXN101735,CUST6816,30956.19,UPI,FAILED,TIMEOUT,2026-08-10 12:54:48.314360,2
TXN101736,CUST9869,45580.64,CARD,SUCCESS,,2026-08-07 11:58:48.314360,0
TXN101737,CUST2880,48399.02,NETBANKING,SUCCESS,,2026-08-22 23:51:48.314360,3
TXN101738,CUST8617,21163.24,CARD,SUCCESS,,2026-07-30 20:14:48.314360,3
TXN101739,CUST7393,25468.74,WALLET,SUCCESS,,2026-08-06 10:50:48.314360,2
TXN101740,CUST2898,9404.54,CARD,SUCCESS,,2026-07-31 03:45:48.314360,2
TXN101741,CUST2412,27003.43,CARD,SUCCESS,,2026-08-13 01:28:48.314360,0
TXN101742,CUST3388,38132.81,NETBANKING,SUCCESS,,2026-08-12 17:06:48.314360,3
TXN101743,CUST5756,41272.0,WALLET,SUCCESS,,2026-08-08 16:58:48.314360,3
TXN101744,CUST8099,23602.12,UPI,SUCCESS,,2026-08-03 05:04:48.314360,1
TXN101745,CUST7625,48130.58,CARD,SUCCESS,,2026-08-07 03:31:48.314360,3
TXN101746,CUST8990,8254.86,NETBANKING,FAILED,TIMEOUT,2026-08-01 23:19:48.314360,2
TXN101747,CUST3889,188.6,UPI,SUCCESS,,2026-08-17 19:00:48.314360,0
TXN101748,CUST5538,32010.58,CARD,SUCCESS,,2026-08-15 06:29:48.314360,0
TXN101749,CUST1082,32398.46,NETBANKING,FAILED,LIMIT_EXCEEDED,2026-08-03 03:04:48.314360,2
TXN101750,CUST7885,30152.73,NETBANKING,SUCCESS,,2026-08-04 03:42:48.314360,2
TXN101751,CUST1931,47026.97,WALLET,SUCCESS,,2026-08-28 21:17:48.314360,3
TXN101752,CUST5185,22964.83,WALLET,FAILED,BANK_DECLINE,2026-08-06 18:05:48.314360,0
TXN101753,CUST2091,33364.66,CARD,SUCCESS,,2026-08-03 11:26:48.314360,3
TXN101754,CUST5118,36405.85,CARD,SUCCESS,,2026-08-04 02:20:48.314360,2
TXN101755,CUST6980,1950.63,CARD,SUCCESS,,2026-08-06 13:27:48.314360,1
TXN101756,CUST8245,14662.62,NETBANKING,SUCCESS,,2026-08-11 08:27:48.314360,3
TXN101757,CUST3930,17715.58,CARD,FAILED,BANK_DECLINE,2026-08-16 06:54:48.314360,0
TXN101758,CUST5537,39079.17,UPI,SUCCESS,,2026-08-06 11:12:48.314360,0
TXN101759,CUST5849,2037.89,CARD,SUCCESS,,2026-08-13 20:19:48.314360,1
TXN101760,CUST9162,12689.72,CARD,SUCCESS,,2026-08-06 15:40:48.314360,2
TXN101761,CUST1386,16212.46,WALLET,SUCCESS,,2026-07-30 00:57:48.314360,3
TXN101762,CUST8280,27593.76,CARD,SUCCESS,,2026-08-04 15:25:48.314360,1
TXN101763,CUST1853,7647.15,NETBANKING,SUCCESS,,2026-08-20 15:33:48.314360,3
TXN101764,CUST2781,2645.69,WALLET,SUCCESS,,2026-08-05 03:51:48.314360,1
TXN101765,CUST8600,27342.41,CARD,SUCCESS,,2026-08-20 08:45:48.314360,0
TXN101766,CUST1265,22327.36,CARD,FAILED,NETWORK_ERROR,2026-08-03 00:21:48.314360,3
TXN101767,CUST3118,49430.9,WALLET,SUCCESS,,2026-08-02 14:02:48.314360,2
TXN101768,CUST2377,43381.57,WALLET,SUCCESS,,2026-08-02 00:22:48.314360,3
TXN101769,CUST3445,23714.54,NETBANKING,SUCCESS,,2026-08-09 20:31:48.314360,2
TXN101770,CUST5286,18170.24,CARD,SUCCESS,,2026-07-31 06:32:48.314360,0
TXN101771,CUST3034,33519.43,NETBANKING,SUCCESS,,2026-08-04 19:23:48.314360,1
TXN101772,CUST6861,7650.64,UPI,SUCCESS,,2026-07-30 14:42:48.314360,3
TXN101773,CUST4237,32208.76,WALLET,SUCCESS,,2026-08-18 03:43:48.314360,3
TXN101774,CUST8295,43790.76,UPI,SUCCESS,,2026-07-31 02:30:48.314360,2
TXN101775,CUST5280,25007.95,CARD,FAILED,INSUFFICIENT_FUNDS,2026-08-01 10:00:48.314360,3
TXN101776,CUST6056,46932.6,CARD,SUCCESS,,2026-08-28 20:31:48.314360,1
TXN101777,CUST9482,28558.05,WALLET,SUCCESS,,2026-08-14 17:36:48.314360,3
TXN101778,CUST7507,19582.8,UPI,SUCCESS,,2026-08-18 12:25:48.314360,3
TXN101779,CUST2639,26058.88,WALLET,SUCCESS,,2026-08-07 03:49:48.314360,1
TXN101780,CUST2160,8261.03,WALLET,SUCCESS,,2026-08-22 11:24:48.314360,0
TXN101781,CUST7386,39320.35,NETBANKING,SUCCESS,,2026-08-08 00:49:48.314360,1
TXN101782,CUST4949,43335.67,CARD,SUCCESS,,2026-08-22 14:52:48.314360,0
TXN101783,CUST6180,25110.64,UPI,SUCCESS,,2026-08-11 20:15:48.314360,2
TXN101784,CUST3950,600.39,NETBANKING,SUCCESS,,2026-08-01 20:20:48.314360,0
TXN101785,CUST7937,6140.02,WALLET,SUCCESS,,2026-08-10 21:32:48.314360,0
TXN101786,CUST4727,13997.21,NETBANKING,FAILED,LIMIT_EXCEEDED,2026-08-23 21:53:48.314360,2
TXN101787,CUST9803,11314.06,NETBANKING,SUCCESS,,2026-08-24 11:46:48.314360,1
TXN101788,CUST4054,28679.76,CARD,SUCCESS,,2026-08-15 11:00:48.314360,3
TXN101789,CUST1711,12896.24,NETBANKING,SUCCESS,,2026-08-07 23:32:48.314360,2
TXN101790,CUST3703,9928.75,UPI,SUCCESS,,2026-08-27 18:15:48.314360,1
TXN101791,CUST2782,18259.02,CARD,SUCCESS,,2026-08-05 00:17:48.314360,1
TXN101792,CUST7682,15295.32,CARD,SUCCESS,,2026-08-25 02:16:48.314360,1
TXN101793,CUST1079,20117.86,NETBANKING,SUCCESS,,2026-08-17 08:13:48.314360,2
TXN101794,CUST1175,40284.62,NETBANKING,FAILED,INSUFFICIENT_FUNDS,2026-08-12 23:02:48.314360,0
TXN101795,CUST6416,47977.57,NETBANKING,SUCCESS,,2026-07-30 21:16:48.314360,3
TXN101796,CUST6893,16294.26,CARD,SUCCESS,,2026-08-21 14:44:48.314360,0
TXN101797,CUST9746,5598.67,NETBANKING,SUCCESS,,2026-08-06 05:27:48.314360,1
TXN101798,CUST6428,33981.93,CARD,SUCCESS,,2026-08-01 14:57:48.314360,3
TXN101799,CUST4124,15280.66,NETBANKING,SUCCESS,,2026-08-19 03:09:48.314360,3
TXN101800,CUST3636,22609.73,WALLET,SUCCESS,,2026-08-14 04:13:48.314360,2
TXN101801,CUST7081,13766.4,CARD,SUCCESS,,2026-08-24 10:17:48.314360,0
TXN101802,CUST2644,5292.27,CARD,SUCCESS,,2026-08-07 08:44:48.314360,0
TXN101803,CUST8538,45141.81,NETBANKING,SUCCESS,,2026-08-28 17:56:48.314360,1
TXN101804,CUST4914,39683.63,NETBANKING,SUCCESS,,2026-08-27 17:20:48.314360,1
TXN101805,CUST5720,725.6,NETBANKING,SUCCESS,,2026-08-11 02:49:48.314360,0
TXN101806,CUST4416,43046.48,NETBANKING,SUCCESS,,2026-08-21 03:25:48.314360,0
TXN101807,CUST6876,3539.57,CARD,SUCCESS,,2026-08-20 06:25:48.314360,3
TXN101808,CUST4867,1092.32,CARD,SUCCESS,,2026-08-24 06:29:48.314360,1
TXN101809,CUST6893,5862.4,CARD,SUCCESS,,2026-08-02 03:39:48.314360,0
TXN101810,CUST4305,39306.18,UPI,SUCCESS,,2026-08-21 10:23:48.314360,3
TXN101811,CUST8543,5771.55,NETBANKING,SUCCESS,,2026-08-21 14:34:48.314360,0
TXN101812,CUST7039,48382.39,NETBANKING,SUCCESS,,2026-08-12 04:24:48.314360,2
TXN101813,CUST8507,25873.28,UPI,SUCCESS,,2026-08-13 03:43:48.314360,2
TXN101814,CUST8555,36891.24,UPI,SUCCESS,,2026-08-24 20:33:48.314360,0
TXN101815,CUST2616,47684.19,NETBANKING,SUCCESS,,2026-08-12 12:20:48.314360,3
TXN101816,CUST5104,16786.63,CARD,SUCCESS,,2026-08-19 13:14:48.314360,0
TXN101817,CUST6035,7135.12,UPI,SUCCESS,,2026-08-16 19:39:48.314360,0
TXN101818,CUST4402,15515.73,WALLET,SUCCESS,,2026-08-09 08:23:48.314360,3
TXN101819,CUST8580,11066.42,UPI,SUCCESS,,2026-08-06 07:24:48.314360,3
TXN101820,CUST9909,42378.55,UPI,SUCCESS,,2026-08-20 08:20:48.314360,0
TXN101821,CUST3257,18037.71,WALLET,SUCCESS,,2026-08-03 03:24:48.314360,0
TXN101822,CUST4576,23642.67,CARD,SUCCESS,,2026-07-30 10:58:48.314360,3
TXN101823,CUST3460,2497.95,WALLET,SUCCESS,,2026-08-28 03:45:48.314360,0
TXN101824,CUST5292,14883.93,CARD,SUCCESS,,2026-08-07 20:48:48.314360,3
TXN101825,CUST1795,31048.15,CARD,SUCCESS,,2026-08-18 09:54:48.314360,1
TXN101826,CUST2931,39012.22,CARD,SUCCESS,,2026-08-03 12:39:48.314360,2
TXN101827,CUST4076,20168.26,WALLET,SUCCESS,,2026-07-31 17:35:48.314360,1
TXN101828,CUST4076,30374.94,UPI,SUCCESS,,2026-08-04 04:25:48.314360,3
TXN101829,CUST5251,7107.71,UPI,SUCCESS,,2026-08-16 05:06:48.314360,2
TXN101830,CUST5120,47219.35,NETBANKING,SUCCESS,,2026-08-12 20:25:48.314360,3
TXN101831,CUST5301,10316.68,UPI,SUCCESS,,2026-08-04 22:15:48.314360,3
TXN101832,CUST2899,17840.07,WALLET,SUCCESS,,2026-08-08 08:18:48.314360,2
TXN101833,CUST3281,34762.85,CARD,SUCCESS,,2026-07-29 23:34:48.314360,0
TXN101834,CUST4333,26633.64,CARD,SUCCESS,,2026-08-22 10:37:48.314360,1
TXN101835,CUST3536,40332.77,NETBANKING,SUCCESS,,2026-08-09 15:35:48.314360,2
TXN101836,CUST1914,15415.19,CARD,SUCCESS,,2026-08-07 02:16:48.314360,0
TXN101837,CUST5560,38885.53,NETBANKING,SUCCESS,,2026-08-16 21:22:48.314360,3
TXN101838,CUST8343,41068.11,CARD,FAILED,LIMIT_EXCEEDED,2026-08-15 18:12:48.314360,3
TXN101839,CUST7221,36323.66,UPI,SUCCESS,,2026-08-09 09:46:48.314360,3
TXN101840,CUST8195,34819.2,CARD,SUCCESS,,2026-08-23 07:37:48.314360,3
TXN101841,CUST6028,11687.77,NETBANKING,SUCCESS,,2026-08-01 01:13:48.314360,0
TXN101842,CUST1253,3887.67,UPI,SUCCESS,,2026-08-09 13:41:48.314360,3
TXN101843,CUST1260,42871.72,CARD,SUCCESS,,2026-07-30 21:04:48.314360,0
TXN101844,CUST9485,45754.58,CARD,SUCCESS,,2026-08-13 07:41:48.314360,1
TXN101845,CUST6409,28169.33,WALLET,FAILED,NETWORK_ERROR,2026-08-19 04:41:48.314360,1
TXN101846,CUST2549,35101.71,UPI,SUCCESS,,2026-08-13 21:54:48.314360,2
TXN101847,CUST2912,32989.05,WALLET,FAILED,LIMIT_EXCEEDED,2026-08-03 09:44:48.314360,0
TXN101848,CUST8094,31161.76,WALLET,SUCCESS,,2026-08-06 19:10:48.314360,2
TXN101849,CUST4567,6029.41,NETBANKING,SUCCESS,,2026-08-03 15:19:48.314360,0
TXN101850,CUST2954,26484.54,NETBANKING,SUCCESS,,2026-08-10 07:06:48.314360,3
TXN101851,CUST9232,28767.13,NETBANKING,FAILED,TIMEOUT,2026-08-02 00:17:48.314360,3
TXN101852,CUST8090,33606.49,CARD,SUCCESS,,2026-08-07 02:23:48.314360,2
TXN101853,CUST2995,23924.7,NETBANKING,SUCCESS,,2026-08-07 18:32:48.314360,2
TXN101854,CUST2093,29971.15,CARD,SUCCESS,,2026-08-25 23:50:48.314360,2
TXN101855,CUST5072,7961.69,WALLET,SUCCESS,,2026-08-01 12:06:48.314360,2
TXN101856,CUST9529,18970.5,UPI,SUCCESS,,2026-08-15 19:01:48.314360,3
TXN101857,CUST2964,46453.8,UPI,SUCCESS,,2026-08-13 07:47:48.314360,1
TXN101858,CUST7153,35834.47,CARD,SUCCESS,,2026-08-04 00:08:48.314360,3
TXN101859,CUST3130,27806.33,CARD,SUCCESS,,2026-08-22 18:21:48.314360,1
TXN101860,CUST3018,37387.28,CARD,SUCCESS,,2026-08-12 09:12:48.314360,3
TXN101861,CUST6040,32855.55,CARD,SUCCESS,,2026-08-09 14:16:48.314360,0
TXN101862,CUST9824,46748.5,WALLET,SUCCESS,,2026-08-17 17:48:48.314360,3
TXN101863,CUST8702,15538.54,UPI,SUCCESS,,2026-08-22 08:37:48.314360,2
TXN101864,CUST7449,44110.05,WALLET,SUCCESS,,2026-08-17 12:54:48.314360,2
TXN101865,CUST1983,7931.18,CARD,SUCCESS,,2026-07-31 15:06:48.314360,1
TXN101866,CUST1428,49329.96,WALLET,SUCCESS,,2026-08-14 11:01:48.314360,2
TXN101867,CUST4312,8610.0,UPI,SUCCESS,,2026-08-19 06:09:48.314360,3
TXN101868,CUST1749,22036.51,WALLET,SUCCESS,,2026-08-24 05:51:48.314360,1
TXN101869,CUST1158,10514.32,CARD,SUCCESS,,2026-08-18 14:44:48.314360,2
TXN101870,CUST4324,20574.57,UPI,SUCCESS,,2026-08-27 15:14:48.314360,0
TXN101871,CUST9584,4157.98,NETBANKING,SUCCESS,,2026-08-07 15:06:48.314360,0
TXN101872,CUST2687,46488.33,WALLET,SUCCESS,,2026-08-25 20:07:48.314360,3
TXN101873,CUST9961,37668.26,CARD,FAILED,NETWORK_ERROR,2026-08-12 18:53:48.314360,1
TXN101874,CUST9163,4663.04,UPI,SUCCESS,,2026-08-05 00:41:48.314360,1
TXN101875,CUST4722,15918.12,CARD,SUCCESS,,2026-08-27 11:10:48.314360,1
TXN101876,CUST6559,41740.41,UPI,SUCCESS,,2026-08-23 15:37:48.314360,3
TXN101877,CUST9548,11933.95,UPI,SUCCESS,,2026-08-22 09:41:48.314360,1
TXN101878,CUST9759,36868.5,UPI,SUCCESS,,2026-08-04 19:08:48.314360,1
TXN101879,CUST4386,17726.67,NETBANKING,SUCCESS,,2026-07-30 00:32:48.314360,1
TXN101880,CUST7172,29323.68,CARD,SUCCESS,,2026-08-17 16:40:48.314360,0
TXN101881,CUST7635,4567.72,CARD,SUCCESS,,2026-08-10 02:29:48.314360,1
TXN101882,CUST3997,31159.52,NETBANKING,SUCCESS,,2026-08-20 08:53:48.314360,2
TXN101883,CUST3699,47895.11,NETBANKING,FAILED,NETWORK_ERROR,2026-08-09 04:16:48.314360,0
TXN101884,CUST8432,22274.12,UPI,SUCCESS,,2026-07-30 00:03:48.314360,0
TXN101885,CUST8511,5845.84,NETBANKING,SUCCESS,,2026-08-13 18:32:48.314360,0
TXN101886,CUST1598,33920.06,WALLET,SUCCESS,,2026-07-30 07:50:48.314360,2
TXN101887,CUST5696,29742.43,UPI,SUCCESS,,2026-08-06 15:30:48.314360,2
TXN101888,CUST9042,20243.92,CARD,SUCCESS,,2026-08-01 11:08:48.314360,3
TXN101889,CUST6364,4841.39,WALLET,SUCCESS,,2026-08-04 05:03:48.314360,0
TXN101890,CUST9779,46991.33,UPI,SUCCESS,,2026-08-11 04:56:48.314360,3
TXN101891,CUST1298,48225.28,UPI,SUCCESS,,2026-08-01 06:43:48.314360,1
TXN101892,CUST9304,44483.85,CARD,SUCCESS,,2026-08-13 16:27:48.314360,1
TXN101893,CUST1178,9739.7,CARD,SUCCESS,,2026-08-05 03:20:48.314360,1
TXN101894,CUST2128,45226.13,UPI,SUCCESS,,2026-08-05 01:56:48.314360,3
TXN101895,CUST8354,35327.44,CARD,FAILED,LIMIT_EXCEEDED,2026-08-21 07:50:48.314360,1
TXN101896,CUST1391,31007.92,NETBANKING,SUCCESS,,2026-08-07 09:32:48.314360,0
TXN101897,CUST8118,20401.63,NETBANKING,SUCCESS,,2026-08-20 08:40:48.314360,0
TXN101898,CUST5896,21825.98,UPI,SUCCESS,,2026-08-02 19:10:48.314360,1
TXN101899,CUST6802,45940.32,UPI,SUCCESS,,2026-08-19 10:21:48.314360,1
TXN101900,CUST6016,16903.76,UPI,SUCCESS,,2026-07-30 09:24:48.314360,3
TXN101901,CUST3838,21161.23,CARD,SUCCESS,,2026-08-25 06:02:48.314360,2
TXN101902,CUST2806,5941.83,WALLET,SUCCESS,,2026-08-07 14:27:48.314360,0
TXN101903,CUST3018,30702.18,UPI,SUCCESS,,2026-08-16 07:56:48.314360,0
TXN101904,CUST4101,12419.67,CARD,FAILED,INSUFFICIENT_FUNDS,2026-08-12 19:13:48.314360,1
TXN101905,CUST8890,20952.85,UPI,SUCCESS,,2026-08-08 10:06:48.314360,2
TXN101906,CUST6807,3316.37,UPI,SUCCESS,,2026-08-16 05:50:48.314360,2
TXN101907,CUST7032,5722.98,UPI,SUCCESS,,2026-08-20 14:53:48.314360,0
TXN101908,CUST2280,43578.25,WALLET,SUCCESS,,2026-08-28 04:02:48.314360,3
TXN101909,CUST7745,34482.85,WALLET,SUCCESS,,2026-08-09 09:43:48.314360,3
TXN101910,CUST3871,15381.18,WALLET,SUCCESS,,2026-08-02 09:18:48.314360,0
TXN101911,CUST1739,13012.29,NETBANKING,SUCCESS,,2026-08-03 00:27:48.314360,0
TXN101912,CUST2469,26102.39,WALLET,SUCCESS,,2026-08-19 02:20:48.314360,0
TXN101913,CUST3137,18014.63,UPI,SUCCESS,,2026-08-25 21:14:48.314360,2
TXN101914,CUST1360,44369.46,CARD,SUCCESS,,2026-08-22 15:47:48.314360,2
TXN101915,CUST1722,42415.29,UPI,FAILED,TIMEOUT,2026-08-17 02:30:48.314360,3
TXN101916,CUST5081,14079.62,CARD,SUCCESS,,2026-08-13 23:57:48.314360,1
TXN101917,CUST3435,20861.61,WALLET,SUCCESS,,2026-08-01 04:44:48.314360,3
TXN101918,CUST5427,37132.5,CARD,SUCCESS,,2026-07-30 04:00:48.314360,3
TXN101919,CUST9184,31629.77,UPI,SUCCESS,,2026-08-09 08:28:48.314360,0
TXN101920,CUST6461,49609.29,NETBANKING,SUCCESS,,2026-08-16 11:16:48.314360,2
TXN101921,CUST5454,44085.03,NETBANKING,SUCCESS,,2026-08-10 05:39:48.314360,2
TXN101922,CUST2662,19808.16,WALLET,SUCCESS,,2026-08-16 06:25:48.314360,2
TXN101923,CUST4815,22196.38,WALLET,SUCCESS,,2026-08-20 23:04:48.314360,2
TXN101924,CUST2817,47158.41,NETBANKING,SUCCESS,,2026-08-08 13:12:48.314360,2
TXN101925,CUST3456,36165.12,WALLET,SUCCESS,,2026-08-23 09:26:48.314360,1
TXN101926,CUST7370,25669.78,CARD,SUCCESS,,2026-08-15 06:08:48.314360,2
TXN101927,CUST3223,9506.72,WALLET,FAILED,BANK_DECLINE,2026-08-01 22:12:48.314360,1
TXN101928,CUST6863,27606.32,UPI,SUCCESS,,2026-08-23 06:39:48.314360,1
TXN101929,CUST4970,28511.52,NETBANKING,SUCCESS,,2026-08-07 07:56:48.314360,2
TXN101930,CUST8006,18020.14,NETBANKING,SUCCESS,,2026-08-28 12:00:48.314360,0
TXN101931,CUST3763,26321.88,UPI,SUCCESS,,2026-08-14 05:34:48.314360,2
TXN101932,CUST3722,46682.46,NETBANKING,SUCCESS,,2026-08-21 08:01:48.314360,2
TXN101933,CUST3268,19465.59,WALLET,SUCCESS,,2026-08-08 11:49:48.314360,3
TXN101934,CUST1493,11023.15,CARD,SUCCESS,,2026-08-19 22:30:48.314360,1
TXN101935,CUST5152,28319.51,WALLET,FAILED,NETWORK_ERROR,2026-08-28 20:44:48.314360,2
TXN101936,CUST9978,33863.43,WALLET,SUCCESS,,2026-08-15 09:44:48.314360,1
TXN101937,CUST8808,29534.46,WALLET,SUCCESS,,2026-08-19 01:16:48.314360,2
TXN101938,CUST4409,24851.45,NETBANKING,SUCCESS,,2026-08-18 03:42:48.314360,0
TXN101939,CUST3467,18460.84,CARD,SUCCESS,,2026-07-30 11:52:48.314360,0
TXN101940,CUST2698,42388.92,CARD,FAILED,BANK_DECLINE,2026-08-18 23:07:48.314360,3
TXN101941,CUST9319,30486.86,NETBANKING,SUCCESS,,2026-08-13 00:34:48.314360,0
TXN101942,CUST4689,31646.71,WALLET,SUCCESS,,2026-08-10 04:40:48.314360,1
TXN101943,CUST8635,21737.5,UPI,SUCCESS,,2026-08-04 13:48:48.314360,2
TXN101944,CUST3617,23526.21,CARD,SUCCESS,,2026-08-09 04:57:48.314360,3
TXN101945,CUST3476,38935.69,NETBANKING,SUCCESS,,2026-08-14 15:28:48.314360,3
TXN101946,CUST7381,4448.93,CARD,SUCCESS,,2026-08-14 15:03:48.314360,1
TXN101947,CUST8977,43262.95,CARD,SUCCESS,,2026-08-21 21:53:48.314360,0
TXN101948,CUST1762,49114.03,WALLET,SUCCESS,,2026-08-12 00:30:48.314360,0
TXN101949,CUST5036,7013.47,NETBANKING,SUCCESS,,2026-08-15 10:02:48.314360,3
TXN101950,CUST8855,1547.97,NETBANKING,SUCCESS,,2026-08-20 15:57:48.314360,2
TXN101951,CUST3804,3367.95,NETBANKING,SUCCESS,,2026-08-19 21:29:48.314360,2
TXN101952,CUST1654,21727.02,WALLET,SUCCESS,,2026-08-05 12:13:48.314360,1
TXN101953,CUST1477,16315.27,CARD,SUCCESS,,2026-08-22 03:16:48.314360,2
TXN101954,CUST6622,29790.6,UPI,SUCCESS,,2026-08-17 10:08:48.314360,2
TXN101955,CUST4495,12224.96,NETBANKING,SUCCESS,,2026-08-11 10:30:48.314360,3
TXN101956,CUST2887,45770.13,CARD,SUCCESS,,2026-08-08 12:09:48.314360,0
TXN101957,CUST4683,11418.25,CARD,SUCCESS,,2026-08-10 09:30:48.314360,0
TXN101958,CUST8356,9429.5,NETBANKING,SUCCESS,,2026-08-28 00:05:48.314360,0
TXN101959,CUST7466,22793.27,UPI,SUCCESS,,2026-08-28 10:14:48.314360,0
TXN101960,CUST9822,29536.67,CARD,SUCCESS,,2026-08-24 06:31:48.314360,0
TXN101961,CUST8451,11869.46,NETBANKING,SUCCESS,,2026-08-27 05:54:48.314360,0
TXN101962,CUST6848,13362.2,CARD,SUCCESS,,2026-08-09 10:51:48.314360,3
TXN101963,CUST5113,21791.52,NETBANKING,SUCCESS,,2026-08-12 22:55:48.314360,3
TXN101964,CUST6318,30959.03,WALLET,SUCCESS,,2026-07-31 15:46:48.314360,2
TXN101965,CUST5283,27133.69,CARD,SUCCESS,,2026-08-16 21:16:48.314360,0
TXN101966,CUST2595,27590.62,UPI,SUCCESS,,2026-08-10 15:33:48.314360,3
TXN101967,CUST9473,32874.57,UPI,FAILED,TIMEOUT,2026-08-05 18:22:48.314360,3
TXN101968,CUST9343,25991.53,NETBANKING,SUCCESS,,2026-08-15 04:43:48.314360,2
TXN101969,CUST3385,39258.14,CARD,SUCCESS,,2026-08-11 07:41:48.314360,1
TXN101970,CUST7389,6084.8,UPI,SUCCESS,,2026-08-17 03:01:48.314360,0
TXN101971,CUST3269,35851.72,UPI,FAILED,BANK_DECLINE,2026-08-17 07:31:48.314360,0
TXN101972,CUST5647,35474.25,NETBANKING,SUCCESS,,2026-08-11 10:34:48.314360,2
TXN101973,CUST2758,3791.08,WALLET,SUCCESS,,2026-08-04 20:45:48.314360,2
TXN101974,CUST6014,40073.01,CARD,SUCCESS,,2026-08-25 01:13:48.314360,3
TXN101975,CUST9199,6249.76,CARD,SUCCESS,,2026-08-04 06:13:48.314360,0
TXN101976,CUST8202,35127.8,CARD,SUCCESS,,2026-08-13 03:06:48.314360,3
TXN101977,CUST5270,44254.76,UPI,SUCCESS,,2026-08-13 23:32:48.314360,2
TXN101978,CUST9573,1833.95,CARD,SUCCESS,,2026-08-08 08:30:48.314360,3
TXN101979,CUST7578,46280.09,WALLET,SUCCESS,,2026-08-05 11:25:48.314360,2
TXN101980,CUST8082,22618.5,CARD,FAILED,LIMIT_EXCEEDED,2026-08-18 02:35:48.314360,0
TXN101981,CUST9006,20214.55,NETBANKING,SUCCESS,,2026-08-23 00:10:48.314360,2
TXN101982,CUST8795,25840.18,NETBANKING,SUCCESS,,2026-08-11 03:22:48.314360,0
TXN101983,CUST4729,27603.11,CARD,SUCCESS,,2026-08-22 02:25:48.314360,1
TXN101984,CUST6891,22278.25,NETBANKING,FAILED,LIMIT_EXCEEDED,2026-08-11 01:53:48.314360,3
TXN101985,CUST4142,31323.34,CARD,SUCCESS,,2026-08-03 16:47:48.314360,2
TXN101986,CUST9134,38963.29,NETBANKING,SUCCESS,,2026-07-31 00:46:48.314360,2
TXN101987,CUST6702,33552.48,WALLET,SUCCESS,,2026-08-18 02:34:48.314360,1
TXN101988,CUST9526,46594.61,CARD,FAILED,LIMIT_EXCEEDED,2026-08-11 09:04:48.314360,2
TXN101989,CUST4458,24891.41,WALLET,FAILED,TIMEOUT,2026-08-17 07:53:48.314360,0
TXN101990,CUST6538,32575.36,NETBANKING,SUCCESS,,2026-08-10 03:14:48.314360,0
TXN101991,CUST1276,12192.36,UPI,SUCCESS,,2026-07-30 23:08:48.314360,0
TXN101992,CUST6961,27205.24,UPI,SUCCESS,,2026-08-01 21:01:48.314360,1
TXN101993,CUST6360,20785.07,WALLET,SUCCESS,,2026-08-23 00:49:48.314360,1
TXN101994,CUST8896,41179.03,CARD,SUCCESS,,2026-08-12 01:07:48.314360,1
TXN101995,CUST5755,39658.35,WALLET,SUCCESS,,2026-08-15 09:12:48.314360,3
TXN101996,CUST8337,2113.65,CARD,SUCCESS,,2026-08-07 09:41:48.314360,3
TXN101997,CUST2319,31054.74,WALLET,SUCCESS,,2026-08-13 19:37:48.314360,3
TXN101998,CUST7813,17137.22,WALLET,FAILED,INSUFFICIENT_FUNDS,2026-08-14 10:25:48.314360,3
TXN101999,CUST9247,10852.01,CARD,SUCCESS,,2026-08-22 08:23:48.314360,0
TXN102000,CUST2575,8272.6,WALLET,SUCCESS,,2026-08-17 00:28:48.314360,1
TXN102001,CUST8204,45901.28,CARD,SUCCESS,,2026-08-23 22:21:48.314360,2
TXN102002,CUST6682,20686.39,CARD,SUCCESS,,2026-08-26 11:41:48.314360,0
TXN102003,CUST8536,16172.31,UPI,SUCCESS,,2026-08-11 19:08:48.314360,1
TXN102004,CUST9413,19899.86,WALLET,SUCCESS,,2026-08-10 18:22:48.314360,2
TXN102005,CUST6591,34807.88,WALLET,SUCCESS,,2026-08-09 23:29:48.314360,1
TXN102006,CUST9857,31584.4,UPI,FAILED,BANK_DECLINE,2026-08-25 16:38:48.314360,2
TXN102007,CUST7659,957.48,UPI,SUCCESS,,2026-08-25 17:10:48.314360,1
TXN102008,CUST3577,24678.86,CARD,SUCCESS,,2026-08-13 13:30:48.314360,3
TXN102009,CUST9865,4698.48,WALLET,FAILED,INSUFFICIENT_FUNDS,2026-08-02 21:13:48.314360,3
TXN102010,CUST5001,18745.78,CARD,SUCCESS,,2026-08-08 14:19:48.314360,1
TXN102011,CUST8147,2707.14,NETBANKING,SUCCESS,,2026-08-09 02:42:48.314360,0
TXN102012,CUST1616,11000.83,WALLET,SUCCESS,,2026-08-05 01:41:48.314360,0
TXN102013,CUST4406,29173.18,CARD,SUCCESS,,2026-08-10 17:28:48.314360,0
TXN102014,CUST4749,45154.43,NETBANKING,SUCCESS,,2026-08-02 06:03:48.314360,2
TXN102015,CUST5110,7057.74,WALLET,SUCCESS,,2026-08-13 22:34:48.314360,0
TXN102016,CUST5809,34978.21,WALLET,SUCCESS,,2026-08-19 10:23:48.314360,1
TXN102017,CUST2181,736.25,NETBANKING,SUCCESS,,2026-08-23 17:12:48.314360,1
TXN102018,CUST9687,43532.16,UPI,SUCCESS,,2026-08-10 20:19:48.314360,3
TXN102019,CUST9491,11882.48,UPI,SUCCESS,,2026-08-02 09:51:48.314360,1
TXN102020,CUST6773,5399.79,WALLET,SUCCESS,,2026-08-11 12:43:48.314360,1
TXN102021,CUST5300,273.75,NETBANKING,SUCCESS,,2026-08-12 04:42:48.314360,3
TXN102022,CUST4640,43323.18,UPI,SUCCESS,,2026-08-18 01:42:48.314360,3
TXN102023,CUST2138,38366.84,NETBANKING,SUCCESS,,2026-08-08 07:27:48.314360,3
TXN102024,CUST8453,38685.43,UPI,SUCCESS,,2026-08-09 22:49:48.314360,0
TXN102025,CUST6882,32170.77,UPI,SUCCESS,,2026-08-27 07:55:48.314360,0
TXN102026,CUST3453,38013.85,UPI,SUCCESS,,2026-08-14 15:45:48.314360,1
TXN102027,CUST9390,7518.32,WALLET,SUCCESS,,2026-08-26 12:17:48.314360,0
TXN102028,CUST5996,29381.89,WALLET,SUCCESS,,2026-08-27 11:33:48.314360,1
TXN102029,CUST9653,32425.99,WALLET,FAILED,NETWORK_ERROR,2026-07-31 18:18:48.314360,1
TXN102030,CUST2675,21034.33,CARD,SUCCESS,,2026-08-21 06:00:48.314360,2
TXN102031,CUST9699,5064.77,UPI,SUCCESS,,2026-08-12 13:24:48.314360,1
TXN102032,CUST6279,13455.82,WALLET,SUCCESS,,2026-08-28 06:24:48.314360,2
TXN102033,CUST5479,33262.16,CARD,SUCCESS,,2026-08-11 06:52:48.314360,1
TXN102034,CUST9770,7712.75,CARD,SUCCESS,,2026-08-26 14:17:48.314360,2
TXN102035,CUST6257,34638.09,CARD,FAILED,TIMEOUT,2026-07-31 02:36:48.314360,0
TXN102036,CUST1317,46319.45,NETBANKING,FAILED,LIMIT_EXCEEDED,2026-07-30 05:59:48.314360,2
TXN102037,CUST7277,14731.64,NETBANKING,SUCCESS,,2026-08-05 23:52:48.314360,2
TXN102038,CUST3169,5699.89,CARD,SUCCESS,,2026-08-04 11:43:48.314360,1
TXN102039,CUST5798,47067.99,CARD,SUCCESS,,2026-07-31 04:45:48.314360,3
TXN102040,CUST2371,7155.03,WALLET,SUCCESS,,2026-08-17 23:03:48.314360,1
TXN102041,CUST6948,10789.44,UPI,SUCCESS,,2026-08-17 16:15:48.314360,0
TXN102042,CUST4921,37506.1,NETBANKING,SUCCESS,,2026-08-22 18:30:48.314360,2
TXN102043,CUST5646,5405.91,UPI,SUCCESS,,2026-08-22 14:51:48.314360,0
TXN102044,CUST5086,14412.59,NETBANKING,SUCCESS,,2026-08-13 11:13:48.314360,3
TXN102045,CUST2936,17559.25,NETBANKING,SUCCESS,,2026-08-04 00:42:48.314360,0
TXN102046,CUST6484,17251.98,UPI,SUCCESS,,2026-08-18 10:42:48.314360,2
TXN102047,CUST3664,20482.22,CARD,SUCCESS,,2026-08-14 19:15:48.314360,2
TXN102048,CUST2778,6474.68,WALLET,SUCCESS,,2026-08-02 14:10:48.314360,0
TXN102049,CUST5831,12398.75,NETBANKING,SUCCESS,,2026-08-15 11:51:48.314360,2
TXN102050,CUST9374,7726.55,NETBANKING,SUCCESS,,2026-08-11 10:10:48.314360,3
TXN102051,CUST6389,13517.29,UPI,FAILED,BANK_DECLINE,2026-08-23 01:35:48.314360,3
TXN102052,CUST2472,48873.28,CARD,SUCCESS,,2026-08-17 12:21:48.314360,3
TXN102053,CUST7252,7576.23,UPI,SUCCESS,,2026-08-07 19:20:48.314360,1
TXN102054,CUST6891,15217.9,NETBANKING,FAILED,TIMEOUT,2026-08-12 02:49:48.314360,2
TXN102055,CUST6571,12165.28,NETBANKING,SUCCESS,,2026-08-09 05:32:48.314360,2
TXN102056,CUST8561,33195.02,UPI,SUCCESS,,2026-07-30 12:31:48.314360,0
TXN102057,CUST7753,23793.75,WALLET,SUCCESS,,2026-08-24 05:38:48.314360,3
TXN102058,CUST6607,37531.7,UPI,SUCCESS,,2026-08-10 14:15:48.314360,0
TXN102059,CUST4747,12805.7,WALLET,FAILED,BANK_DECLINE,2026-08-26 19:51:48.314360,0
TXN102060,CUST5977,5922.78,CARD,SUCCESS,,2026-08-15 21:19:48.314360,0
TXN102061,CUST6233,10999.58,WALLET,SUCCESS,,2026-08-05 03:33:48.314360,3
TXN102062,CUST8815,20223.33,WALLET,SUCCESS,,2026-08-24 02:59:48.314360,3
TXN102063,CUST2501,15376.46,WALLET,SUCCESS,,2026-08-09 20:31:48.314360,2
TXN102064,CUST8797,38698.25,CARD,SUCCESS,,2026-08-01 11:05:48.314360,1
TXN102065,CUST9943,34544.02,UPI,SUCCESS,,2026-08-15 22:25:48.314360,2
TXN102066,CUST2940,44434.2,WALLET,SUCCESS,,2026-08-03 10:00:48.314360,3
TXN102067,CUST4109,1836.9,CARD,SUCCESS,,2026-08-17 09:32:48.314360,0
TXN102068,CUST6756,512.48,WALLET,SUCCESS,,2026-08-01 08:56:48.314360,2
TXN102069,CUST8691,3527.48,UPI,SUCCESS,,2026-08-09 17:35:48.314360,3
TXN102070,CUST8539,410.96,CARD,SUCCESS,,2026-08-11 15:47:48.314360,2
TXN102071,CUST8612,4291.17,UPI,SUCCESS,,2026-08-05 08:28:48.314360,1
TXN102072,CUST6773,29971.65,NETBANKING,FAILED,BANK_DECLINE,2026-08-16 05:11:48.314360,3
TXN102073,CUST2971,32265.71,UPI,FAILED,TIMEOUT,2026-08-08 04:08:48.314360,1
TXN102074,CUST6722,18667.21,UPI,SUCCESS,,2026-08-06 02:01:48.314360,0
TXN102075,CUST6570,8173.52,UPI,SUCCESS,,2026-08-19 09:57:48.314360,0
TXN102076,CUST8643,28127.71,CARD,SUCCESS,,2026-08-26 22:07:48.314360,3
TXN102077,CUST4121,16550.06,CARD,SUCCESS,,2026-07-30 13:32:48.314360,1
TXN102078,CUST5344,18741.96,CARD,FAILED,NETWORK_ERROR,2026-08-05 14:24:48.314360,3
TXN102079,CUST8222,3524.15,CARD,SUCCESS,,2026-08-26 16:15:48.314360,0
TXN102080,CUST1691,44787.58,CARD,SUCCESS,,2026-08-25 22:26:48.314360,1
TXN102081,CUST9921,11468.61,WALLET,SUCCESS,,2026-08-21 15:38:48.314360,1
TXN102082,CUST4790,11837.71,CARD,SUCCESS,,2026-08-22 06:37:48.314360,0
TXN102083,CUST6163,10088.27,UPI,SUCCESS,,2026-08-04 09:32:48.314360,2
TXN102084,CUST1536,33633.35,NETBANKING,FAILED,NETWORK_ERROR,2026-08-13 21:46:48.314360,3
TXN102085,CUST8804,15133.94,UPI,SUCCESS,,2026-08-12 14:53:48.314360,0
TXN102086,CUST1050,23161.12,UPI,SUCCESS,,2026-08-11 09:57:48.314360,2
TXN102087,CUST2884,20893.78,UPI,SUCCESS,,2026-08-13 06:12:48.314360,1
TXN102088,CUST3400,305.23,CARD,SUCCESS,,2026-08-28 14:16:48.314360,1
TXN102089,CUST8705,21765.14,WALLET,FAILED,BANK_DECLINE,2026-08-01 04:03:48.314360,0
TXN102090,CUST8155,5273.79,CARD,SUCCESS,,2026-08-19 06:54:48.314360,2
TXN102091,CUST3678,14808.87,UPI,SUCCESS,,2026-08-17 10:37:48.314360,1
TXN102092,CUST7172,40544.17,UPI,SUCCESS,,2026-08-16 03:00:48.314360,0
TXN102093,CUST1913,32215.95,CARD,SUCCESS,,2026-08-01 20:05:48.314360,1
TXN102094,CUST2976,46472.68,WALLET,SUCCESS,,2026-08-11 22:26:48.314360,0
TXN102095,CUST5876,16491.59,WALLET,SUCCESS,,2026-08-25 00:17:48.314360,2
TXN102096,CUST1530,27338.7,WALLET,SUCCESS,,2026-08-19 23:36:48.314360,0
TXN102097,CUST2838,10974.61,UPI,SUCCESS,,2026-08-07 00:16:48.314360,2
TXN102098,CUST7361,48826.93,NETBANKING,SUCCESS,,2026-08-26 03:43:48.314360,1
TXN102099,CUST4581,36642.83,NETBANKING,SUCCESS,,2026-08-06 09:57:48.314360,2
TXN102100,CUST9109,39633.99,UPI,SUCCESS,,2026-08-15 10:42:48.314360,1
TXN102101,CUST3092,8651.45,NETBANKING,FAILED,TIMEOUT,2026-08-17 01:00:48.314360,2
TXN102102,CUST1623,40323.48,WALLET,SUCCESS,,2026-08-24 15:28:48.314360,3
TXN102103,CUST3946,23126.37,NETBANKING,SUCCESS,,2026-08-20 14:30:48.314360,1
TXN102104,CUST7384,23949.5,CARD,SUCCESS,,2026-08-24 03:36:48.314360,2
TXN102105,CUST1944,30129.99,WALLET,SUCCESS,,2026-08-15 00:52:48.314360,1
TXN102106,CUST3046,35746.08,WALLET,SUCCESS,,2026-08-27 04:03:48.314360,1
TXN102107,CUST7125,47791.07,WALLET,SUCCESS,,2026-08-25 00:31:48.314360,0
TXN102108,CUST9873,29520.01,NETBANKING,SUCCESS,,2026-08-11 07:39:48.314360,0
TXN102109,CUST1273,21845.04,WALLET,SUCCESS,,2026-08-28 18:08:48.314360,1
TXN102110,CUST2603,20828.54,CARD,SUCCESS,,2026-08-16 23:34:48.314360,3
TXN102111,CUST8006,2659.36,WALLET,SUCCESS,,2026-08-13 00:16:48.314360,1
TXN102112,CUST7496,30340.45,CARD,SUCCESS,,2026-08-05 04:13:48.314360,2
TXN102113,CUST6934,12205.45,WALLET,SUCCESS,,2026-08-21 01:57:48.314360,1
TXN102114,CUST3109,40387.45,WALLET,SUCCESS,,2026-08-11 05:08:48.314360,2
TXN102115,CUST3854,40061.16,CARD,SUCCESS,,2026-08-02 20:05:48.314360,0
TXN102116,CUST4031,26864.0,CARD,SUCCESS,,2026-08-26 20:45:48.314360,0
TXN102117,CUST2342,36986.04,NETBANKING,SUCCESS,,2026-08-11 22:51:48.314360,1
TXN102118,CUST2476,27313.01,CARD,FAILED,INSUFFICIENT_FUNDS,2026-07-31 00:18:48.314360,0
TXN102119,CUST9858,18058.35,NETBANKING,SUCCESS,,2026-08-24 03:37:48.314360,3
TXN102120,CUST3237,9286.06,NETBANKING,SUCCESS,,2026-08-25 21:09:48.314360,0
TXN102121,CUST7147,22369.89,NETBANKING,SUCCESS,,2026-08-01 07:24:48.314360,3
TXN102122,CUST4963,576.13,UPI,SUCCESS,,2026-08-05 03:18:48.314360,3
TXN102123,CUST5744,19411.82,UPI,FAILED,NETWORK_ERROR,2026-08-06 04:36:48.314360,3
TXN102124,CUST7448,4157.6,UPI,SUCCESS,,2026-08-15 07:39:48.314360,3
TXN102125,CUST4839,36321.76,CARD,SUCCESS,,2026-08-10 06:18:48.314360,1
TXN102126,CUST1379,38207.05,CARD,SUCCESS,,2026-08-22 10:25:48.314360,1
TXN102127,CUST2751,10462.13,CARD,SUCCESS,,2026-08-25 06:05:48.314360,1
TXN102128,CUST5976,22161.86,NETBANKING,SUCCESS,,2026-08-08 05:48:48.314360,1
TXN102129,CUST1821,37448.15,CARD,SUCCESS,,2026-08-09 22:55:48.314360,1
TXN102130,CUST5471,14363.67,WALLET,SUCCESS,,2026-08-23 03:11:48.314360,2
TXN102131,CUST4176,45226.22,CARD,SUCCESS,,2026-08-04 02:19:48.314360,0
TXN102132,CUST9670,32989.23,WALLET,FAILED,TIMEOUT,2026-08-07 05:26:48.314360,1
TXN102133,CUST5539,350.01,UPI,SUCCESS,,2026-08-21 14:28:48.314360,3
TXN102134,CUST4367,29000.37,UPI,SUCCESS,,2026-08-13 12:56:48.314360,1
TXN102135,CUST5021,4820.7,NETBANKING,SUCCESS,,2026-08-20 14:18:48.314360,0
TXN102136,CUST7910,27413.76,WALLET,SUCCESS,,2026-08-15 11:29:48.314360,0
TXN102137,CUST7096,5965.44,UPI,SUCCESS,,2026-08-05 07:03:48.314360,3
TXN102138,CUST1503,8615.92,CARD,SUCCESS,,2026-08-08 20:02:48.314360,1
TXN102139,CUST5789,40175.0,UPI,SUCCESS,,2026-08-19 05:30:48.314360,3
TXN102140,CUST6895,41981.42,CARD,FAILED,BANK_DECLINE,2026-08-26 12:24:48.314360,2
TXN102141,CUST9831,24036.29,NETBANKING,SUCCESS,,2026-08-02 11:58:48.314360,0
TXN102142,CUST2259,41549.58,UPI,SUCCESS,,2026-07-30 02:15:48.314360,3
TXN102143,CUST4046,13149.66,CARD,SUCCESS,,2026-08-07 01:38:48.314360,0
TXN102144,CUST8266,18054.07,WALLET,SUCCESS,,2026-08-13 17:18:48.314360,2
TXN102145,CUST2622,4068.8,NETBANKING,FAILED,BANK_DECLINE,2026-08-27 01:01:48.314360,0
TXN102146,CUST2645,12134.71,UPI,SUCCESS,,2026-07-30 23:49:48.314360,0
TXN102147,CUST4676,11032.43,WALLET,SUCCESS,,2026-08-11 10:18:48.314360,0
TXN102148,CUST3244,14874.25,CARD,SUCCESS,,2026-08-23 20:38:48.314360,0
TXN102149,CUST7259,26620.53,WALLET,SUCCESS,,2026-08-14 03:22:48.314360,2
TXN102150,CUST4103,41970.64,CARD,SUCCESS,,2026-08-19 09:31:48.314360,3
TXN102151,CUST4011,38264.21,WALLET,SUCCESS,,2026-08-13 05:31:48.314360,2
TXN102152,CUST3778,27256.76,UPI,SUCCESS,,2026-08-27 04:53:48.314360,0
TXN102153,CUST3381,41393.2,WALLET,SUCCESS,,2026-08-12 06:33:48.314360,3
TXN102154,CUST1308,18908.27,NETBANKING,FAILED,LIMIT_EXCEEDED,2026-08-11 23:13:48.314360,2
TXN102155,CUST7415,32767.5,WALLET,SUCCESS,,2026-08-27 16:52:48.314360,1
TXN102156,CUST8714,3654.79,NETBANKING,FAILED,LIMIT_EXCEEDED,2026-08-24 14:39:48.314360,3
TXN102157,CUST2899,30706.36,NETBANKING,SUCCESS,,2026-07-30 19:17:48.314360,3
TXN102158,CUST6009,39071.04,UPI,SUCCESS,,2026-08-28 15:29:48.314360,0
TXN102159,CUST9351,17043.59,CARD,SUCCESS,,2026-08-17 10:08:48.314360,3
TXN102160,CUST5500,42675.88,NETBANKING,SUCCESS,,2026-08-09 12:58:48.314360,1
TXN102161,CUST2800,28337.06,UPI,SUCCESS,,2026-08-03 02:45:48.314360,1
TXN102162,CUST5705,4208.74,CARD,SUCCESS,,2026-07-31 02:35:48.314360,2
TXN102163,CUST4844,10276.09,CARD,FAILED,BANK_DECLINE,2026-08-02 05:59:48.314360,1
TXN102164,CUST3039,41547.19,CARD,SUCCESS,,2026-08-22 06:32:48.314360,1
TXN102165,CUST4211,27249.47,UPI,SUCCESS,,2026-08-14 21:46:48.314360,3
TXN102166,CUST5016,41447.86,NETBANKING,FAILED,BANK_DECLINE,2026-08-26 03:48:48.314360,0
TXN102167,CUST1043,41016.68,NETBANKING,SUCCESS,,2026-08-20 23:11:48.314360,0
TXN102168,CUST4624,37876.83,UPI,SUCCESS,,2026-07-31 05:19:48.314360,2
TXN102169,CUST9968,41535.95,NETBANKING,SUCCESS,,2026-08-11 00:22:48.314360,1
TXN102170,CUST4472,11689.5,NETBANKING,FAILED,LIMIT_EXCEEDED,2026-08-14 13:08:48.314360,2
TXN102171,CUST9127,43814.6,CARD,SUCCESS,,2026-08-02 12:38:48.314360,1
TXN102172,CUST5273,29881.49,WALLET,SUCCESS,,2026-08-18 00:57:48.314360,0
TXN102173,CUST9238,6957.18,NETBANKING,SUCCESS,,2026-08-20 14:36:48.314360,1
TXN102174,CUST8720,20738.15,CARD,SUCCESS,,2026-08-13 09:48:48.314360,0
TXN102175,CUST8109,15725.55,WALLET,SUCCESS,,2026-08-22 10:33:48.314360,3
TXN102176,CUST3517,46601.79,UPI,SUCCESS,,2026-08-18 13:34:48.314360,1
TXN102177,CUST8265,19883.62,CARD,SUCCESS,,2026-08-09 11:57:48.314360,1
TXN102178,CUST4491,48168.76,NETBANKING,SUCCESS,,2026-08-08 21:59:48.314360,1
TXN102179,CUST8316,1883.25,UPI,SUCCESS,,2026-08-05 17:19:48.314360,1
TXN102180,CUST8266,14358.28,UPI,SUCCESS,,2026-08-19 03:37:48.314360,2
TXN102181,CUST9085,13179.38,NETBANKING,SUCCESS,,2026-08-21 14:38:48.314360,3
TXN102182,CUST7963,17618.32,UPI,SUCCESS,,2026-08-12 07:16:48.314360,1
TXN102183,CUST6160,7963.02,WALLET,FAILED,INSUFFICIENT_FUNDS,2026-08-11 12:22:48.314360,1
TXN102184,CUST3303,9663.46,CARD,FAILED,BANK_DECLINE,2026-08-06 17:28:48.314360,2
TXN102185,CUST9687,2336.86,CARD,SUCCESS,,2026-08-27 12:39:48.314360,1
TXN102186,CUST5965,36762.9,WALLET,SUCCESS,,2026-08-04 06:45:48.314360,3
TXN102187,CUST9240,16708.61,UPI,FAILED,BANK_DECLINE,2026-08-19 00:55:48.314360,2
TXN102188,CUST6681,357.2,NETBANKING,SUCCESS,,2026-08-12 11:32:48.314360,0
TXN102189,CUST7934,37917.75,NETBANKING,SUCCESS,,2026-08-06 09:09:48.314360,1
TXN102190,CUST3219,24063.54,NETBANKING,SUCCESS,,2026-08-05 02:56:48.314360,0
TXN102191,CUST3148,8507.18,CARD,SUCCESS,,2026-08-21 21:50:48.314360,3
TXN102192,CUST6866,40442.86,WALLET,SUCCESS,,2026-08-23 06:19:48.314360,2
TXN102193,CUST7231,33840.82,UPI,SUCCESS,,2026-07-30 06:18:48.314360,3
TXN102194,CUST3239,46481.54,CARD,SUCCESS,,2026-08-16 15:12:48.314360,3
TXN102195,CUST1371,47951.6,CARD,SUCCESS,,2026-08-01 11:53:48.314360,3
TXN102196,CUST4716,42576.0,CARD,SUCCESS,,2026-08-23 05:21:48.314360,0
TXN102197,CUST1310,21591.8,NETBANKING,FAILED,INSUFFICIENT_FUNDS,2026-07-31 20:23:48.314360,0
TXN102198,CUST8568,25035.32,UPI,SUCCESS,,2026-08-23 20:19:48.314360,3
TXN102199,CUST5310,46098.01,UPI,SUCCESS,,2026-08-21 14:02:48.314360,3
TXN102200,CUST5045,40237.89,CARD,SUCCESS,,2026-08-12 13:34:48.314360,1
TXN102201,CUST7115,36007.72,UPI,SUCCESS,,2026-08-16 03:40:48.314360,1
TXN102202,CUST9731,18767.2,CARD,SUCCESS,,2026-08-11 00:19:48.314360,3
TXN102203,CUST8511,23307.45,WALLET,SUCCESS,,2026-08-05 06:34:48.314360,0
TXN102204,CUST2660,23342.11,NETBANKING,SUCCESS,,2026-08-10 08:55:48.314360,1
TXN102205,CUST8604,16881.42,WALLET,FAILED,BANK_DECLINE,2026-08-20 23:50:48.314360,3
TXN102206,CUST7246,19597.43,CARD,SUCCESS,,2026-08-24 01:29:48.314360,3
TXN102207,CUST2233,11638.26,CARD,SUCCESS,,2026-08-18 07:03:48.314360,0
TXN102208,CUST7819,22369.73,NETBANKING,SUCCESS,,2026-08-09 21:55:48.314360,1
TXN102209,CUST4058,49709.34,NETBANKING,SUCCESS,,2026-08-06 11:49:48.314360,3
TXN102210,CUST9511,45089.83,WALLET,SUCCESS,,2026-08-02 22:49:48.314360,1
TXN102211,CUST6257,18502.94,UPI,FAILED,BANK_DECLINE,2026-08-24 13:50:48.314360,3
TXN102212,CUST9981,15322.45,UPI,SUCCESS,,2026-08-02 21:36:48.314360,1
TXN102213,CUST6969,23258.16,WALLET,SUCCESS,,2026-08-11 21:43:48.314360,2
TXN102214,CUST2321,24033.47,UPI,SUCCESS,,2026-08-23 21:06:48.314360,2
TXN102215,CUST5420,6233.33,UPI,FAILED,TIMEOUT,2026-08-14 04:40:48.314360,2
TXN102216,CUST3488,4483.32,WALLET,SUCCESS,,2026-08-23 03:33:48.314360,2
TXN102217,CUST9574,115.52,NETBANKING,SUCCESS,,2026-08-13 12:55:48.314360,3
TXN102218,CUST3206,2351.4,UPI,SUCCESS,,2026-07-31 14:35:48.314360,1
TXN102219,CUST3834,37872.47,CARD,SUCCESS,,2026-08-11 12:30:48.314360,0
TXN102220,CUST2534,40713.42,NETBANKING,SUCCESS,,2026-08-16 18:46:48.314360,1
TXN102221,CUST8255,47387.62,CARD,FAILED,INSUFFICIENT_FUNDS,2026-08-27 11:41:48.314360,1
TXN102222,CUST9226,6171.22,WALLET,SUCCESS,,2026-08-15 19:12:48.314360,2
TXN102223,CUST7157,12254.19,UPI,SUCCESS,,2026-08-15 03:37:48.314360,2
TXN102224,CUST1766,42903.57,WALLET,FAILED,NETWORK_ERROR,2026-08-16 14:06:48.314360,2
TXN102225,CUST6871,18836.65,NETBANKING,SUCCESS,,2026-08-02 20:40:48.314360,2
TXN102226,CUST7019,32256.39,NETBANKING,SUCCESS,,2026-08-04 06:39:48.314360,3
TXN102227,CUST1272,47449.47,UPI,FAILED,TIMEOUT,2026-07-30 06:01:48.314360,1
TXN102228,CUST5868,11043.15,UPI,SUCCESS,,2026-08-19 19:17:48.314360,3
TXN102229,CUST3943,37205.64,UPI,SUCCESS,,2026-08-16 19:02:48.314360,3
TXN102230,CUST2912,27182.65,WALLET,SUCCESS,,2026-08-10 20:42:48.314360,0
TXN102231,CUST3716,40242.66,NETBANKING,SUCCESS,,2026-08-20 16:57:48.314360,1
TXN102232,CUST3647,9104.77,UPI,SUCCESS,,2026-08-08 03:28:48.314360,0
TXN102233,CUST1447,49405.78,WALLET,SUCCESS,,2026-08-03 17:14:48.314360,2
TXN102234,CUST5111,16416.34,UPI,FAILED,NETWORK_ERROR,2026-08-20 19:49:48.314360,0
TXN102235,CUST4528,49807.73,WALLET,SUCCESS,,2026-08-14 21:05:48.314360,0
TXN102236,CUST1118,26035.1,UPI,SUCCESS,,2026-08-09 17:22:48.314360,0
TXN102237,CUST5711,18087.02,CARD,SUCCESS,,2026-08-26 00:09:48.314360,3
TXN102238,CUST6322,23435.76,CARD,SUCCESS,,2026-08-15 11:59:48.314360,0
TXN102239,CUST8222,14145.42,CARD,SUCCESS,,2026-08-17 23:58:48.314360,1
TXN102240,CUST3924,38529.83,NETBANKING,SUCCESS,,2026-08-24 22:14:48.314360,2
TXN102241,CUST1148,14501.57,NETBANKING,SUCCESS,,2026-08-13 21:59:48.314360,2
TXN102242,CUST5781,45909.46,UPI,SUCCESS,,2026-08-27 00:04:48.314360,3
TXN102243,CUST4673,3604.79,UPI,SUCCESS,,2026-08-23 18:37:48.314360,1
TXN102244,CUST5245,31047.3,CARD,SUCCESS,,2026-08-15 07:18:48.314360,2
TXN102245,CUST4670,32295.97,WALLET,SUCCESS,,2026-08-02 14:13:48.314360,3
TXN102246,CUST4688,44974.08,CARD,SUCCESS,,2026-08-13 00:03:48.314360,0
TXN102247,CUST9644,14579.64,NETBANKING,SUCCESS,,2026-07-31 11:43:48.314360,2
TXN102248,CUST1038,33806.73,UPI,SUCCESS,,2026-08-27 20:47:48.314360,2
TXN102249,CUST2243,35724.48,CARD,SUCCESS,,2026-08-24 13:40:48.314360,1
TXN102250,CUST2749,38830.89,UPI,SUCCESS,,2026-08-17 22:43:48.314360,0
TXN102251,CUST1355,32968.43,NETBANKING,SUCCESS,,2026-08-07 01:13:48.314360,2
TXN102252,CUST4744,42838.17,CARD,SUCCESS,,2026-08-15 13:01:48.314360,1
TXN102253,CUST5836,27364.95,WALLET,FAILED,NETWORK_ERROR,2026-08-25 02:35:48.314360,0
TXN102254,CUST2316,22041.71,CARD,SUCCESS,,2026-08-25 00:57:48.314360,0
TXN102255,CUST7676,16310.38,CARD,SUCCESS,,2026-08-13 16:23:48.314360,1
TXN102256,CUST2720,49885.15,CARD,SUCCESS,,2026-08-02 19:51:48.314360,2
TXN102257,CUST8150,38121.06,WALLET,SUCCESS,,2026-08-16 10:56:48.314360,3
TXN102258,CUST5119,49897.38,NETBANKING,SUCCESS,,2026-08-04 23:13:48.314360,2
TXN102259,CUST5871,17286.18,CARD,SUCCESS,,2026-08-14 21:58:48.314360,3
TXN102260,CUST9654,11326.03,NETBANKING,SUCCESS,,2026-08-11 12:23:48.314360,0
TXN102261,CUST3007,22244.62,CARD,FAILED,NETWORK_ERROR,2026-08-11 10:02:48.314360,1
TXN102262,CUST2510,29438.3,UPI,FAILED,LIMIT_EXCEEDED,2026-08-28 15:39:48.314360,3
TXN102263,CUST1675,30446.34,NETBANKING,SUCCESS,,2026-08-18 13:12:48.314360,1
TXN102264,CUST8313,39401.24,NETBANKING,SUCCESS,,2026-08-12 15:46:48.314360,2
TXN102265,CUST3848,31051.35,UPI,SUCCESS,,2026-08-19 23:36:48.314360,1
TXN102266,CUST3747,19175.32,UPI,FAILED,TIMEOUT,2026-08-24 09:16:48.314360,3
TXN102267,CUST3770,32279.29,UPI,SUCCESS,,2026-08-25 10:11:48.314360,1
TXN102268,CUST4275,17521.83,NETBANKING,SUCCESS,,2026-08-15 19:24:48.314360,3
TXN102269,CUST5389,17491.05,CARD,SUCCESS,,2026-08-13 00:22:48.314360,2
TXN102270,CUST9954,9796.88,WALLET,SUCCESS,,2026-08-25 16:40:48.314360,2
TXN102271,CUST5724,22357.56,CARD,FAILED,NETWORK_ERROR,2026-08-23 18:04:48.314360,1
TXN102272,CUST4443,47710.98,NETBANKING,SUCCESS,,2026-08-16 16:20:48.314360,2
TXN102273,CUST4153,19996.02,NETBANKING,SUCCESS,,2026-08-04 01:54:48.314360,3
TXN102274,CUST1108,35094.54,UPI,SUCCESS,,2026-08-21 20:47:48.314360,1
TXN102275,CUST5113,42477.64,UPI,FAILED,INSUFFICIENT_FUNDS,2026-08-06 12:18:48.314360,2
TXN102276,CUST6149,26417.44,CARD,SUCCESS,,2026-08-16 11:51:48.314360,1
TXN102277,CUST9820,23044.1,CARD,SUCCESS,,2026-07-31 04:33:48.314360,3
TXN102278,CUST8959,22365.73,NETBANKING,SUCCESS,,2026-08-10 07:48:48.314360,0
TXN102279,CUST9960,36213.16,NETBANKING,SUCCESS,,2026-07-31 01:58:48.314360,2
TXN102280,CUST9571,37944.73,CARD,SUCCESS,,2026-08-02 02:27:48.314360,2
TXN102281,CUST2988,33273.77,WALLET,SUCCESS,,2026-08-05 03:37:48.314360,2
TXN102282,CUST3720,29862.47,WALLET,SUCCESS,,2026-08-15 08:26:48.314360,1
TXN102283,CUST8799,3682.05,NETBANKING,SUCCESS,,2026-08-04 03:51:48.314360,0
TXN102284,CUST5644,1598.75,UPI,SUCCESS,,2026-08-06 23:14:48.314360,0
TXN102285,CUST9605,11473.94,WALLET,SUCCESS,,2026-08-23 15:17:48.314360,0
TXN102286,CUST4331,18205.86,CARD,FAILED,NETWORK_ERROR,2026-08-12 15:50:48.314360,1
TXN102287,CUST5734,46474.92,CARD,SUCCESS,,2026-08-12 22:55:48.314360,3
TXN102288,CUST8003,27621.92,WALLET,SUCCESS,,2026-08-19 12:19:48.314360,1
TXN102289,CUST6732,216.2,NETBANKING,SUCCESS,,2026-07-30 18:18:48.314360,3
TXN102290,CUST4851,20311.9,UPI,FAILED,NETWORK_ERROR,2026-08-09 17:27:48.314360,3
TXN102291,CUST7165,16117.93,UPI,SUCCESS,,2026-08-09 05:02:48.314360,2
TXN102292,CUST6382,42066.52,NETBANKING,SUCCESS,,2026-07-30 14:20:48.314360,0
TXN102293,CUST1048,16273.19,CARD,SUCCESS,,2026-08-25 01:35:48.314360,2
TXN102294,CUST1038,1222.69,CARD,SUCCESS,,2026-07-30 15:21:48.314360,2
TXN102295,CUST5189,30342.01,NETBANKING,SUCCESS,,2026-08-14 02:35:48.314360,0
TXN102296,CUST1927,40906.44,CARD,SUCCESS,,2026-08-03 16:38:48.314360,0
TXN102297,CUST9746,48832.5,WALLET,FAILED,LIMIT_EXCEEDED,2026-08-20 08:58:48.314360,1
TXN102298,CUST8760,13161.21,WALLET,SUCCESS,,2026-08-27 14:33:48.314360,1
TXN102299,CUST9498,15044.9,UPI,SUCCESS,,2026-08-06 15:28:48.314360,2
TXN102300,CUST5465,21905.94,NETBANKING,SUCCESS,,2026-08-16 14:27:48.314360,2
TXN102301,CUST4109,5312.95,UPI,SUCCESS,,2026-08-04 19:45:48.314360,0
TXN102302,CUST6884,10148.86,CARD,SUCCESS,,2026-08-03 22:12:48.314360,3
TXN102303,CUST6219,24922.75,WALLET,SUCCESS,,2026-08-01 01:54:48.314360,3
TXN102304,CUST5004,40876.8,WALLET,FAILED,NETWORK_ERROR,2026-08-13 02:44:48.314360,2
TXN102305,CUST9464,43612.78,CARD,SUCCESS,,2026-08-04 14:24:48.314360,2
TXN102306,CUST1924,5613.47,NETBANKING,SUCCESS,,2026-07-30 16:30:48.314360,3
TXN102307,CUST4932,26103.63,UPI,SUCCESS,,2026-07-31 02:20:48.314360,0
TXN102308,CUST7481,4798.15,UPI,SUCCESS,,2026-08-09 22:03:48.314360,2
TXN102309,CUST5598,8046.54,NETBANKING,SUCCESS,,2026-08-16 06:47:48.314360,2
TXN102310,CUST2700,24358.74,NETBANKING,SUCCESS,,2026-07-31 19:42:48.314360,2
TXN102311,CUST3614,1238.66,WALLET,SUCCESS,,2026-08-21 10:48:48.314360,1
TXN102312,CUST6339,24548.44,WALLET,SUCCESS,,2026-08-05 23:00:48.314360,0
TXN102313,CUST3351,16633.41,CARD,SUCCESS,,2026-07-31 06:20:48.314360,1
TXN102314,CUST6725,5964.54,NETBANKING,SUCCESS,,2026-08-23 04:57:48.314360,0
TXN102315,CUST4470,10002.56,CARD,SUCCESS,,2026-08-22 00:06:48.314360,2
TXN102316,CUST1950,48911.24,CARD,SUCCESS,,2026-08-04 16:25:48.314360,0
TXN102317,CUST3295,37416.93,WALLET,SUCCESS,,2026-08-11 05:18:48.314360,3
TXN102318,CUST1313,20968.42,NETBANKING,SUCCESS,,2026-08-15 23:10:48.314360,3
TXN102319,CUST6358,31807.79,CARD,FAILED,LIMIT_EXCEEDED,2026-08-21 23:32:48.314360,1
TXN102320,CUST5362,30153.45,CARD,SUCCESS,,2026-08-05 02:08:48.314360,0
TXN102321,CUST7193,2264.4,UPI,SUCCESS,,2026-08-24 19:54:48.314360,2
TXN102322,CUST1638,320.37,CARD,SUCCESS,,2026-08-07 23:14:48.314360,0
TXN102323,CUST6996,6431.69,CARD,SUCCESS,,2026-08-10 11:57:48.314360,0
TXN102324,CUST6854,7981.97,UPI,FAILED,NETWORK_ERROR,2026-08-13 20:55:48.314360,3
TXN102325,CUST5520,25472.46,NETBANKING,SUCCESS,,2026-08-14 08:37:48.314360,2
TXN102326,CUST8897,44353.9,CARD,SUCCESS,,2026-08-12 06:37:48.314360,2
TXN102327,CUST5959,47864.13,CARD,SUCCESS,,2026-08-19 19:52:48.314360,3
TXN102328,CUST7615,33966.49,CARD,SUCCESS,,2026-08-09 22:34:48.314360,2
TXN102329,CUST2335,8164.2,CARD,FAILED,BANK_DECLINE,2026-08-11 12:44:48.314360,3
TXN102330,CUST6887,31107.65,UPI,SUCCESS,,2026-08-22 03:09:48.314360,1
TXN102331,CUST1020,703.64,NETBANKING,SUCCESS,,2026-08-07 11:19:48.314360,1
TXN102332,CUST6385,42448.17,CARD,SUCCESS,,2026-08-04 04:17:48.314360,2
TXN102333,CUST2941,10523.76,CARD,SUCCESS,,2026-08-22 08:10:48.314360,1
TXN102334,CUST9113,32286.91,NETBANKING,SUCCESS,,2026-08-06 21:06:48.314360,3
TXN102335,CUST9991,21756.13,WALLET,SUCCESS,,2026-08-01 06:47:48.314360,3
TXN102336,CUST5578,4031.97,WALLET,SUCCESS,,2026-08-28 08:49:48.314360,0
TXN102337,CUST9070,30548.72,WALLET,SUCCESS,,2026-08-03 23:15:48.314360,1
TXN102338,CUST7780,23602.8,NETBANKING,SUCCESS,,2026-08-11 05:32:48.314360,0
TXN102339,CUST8745,45032.59,CARD,SUCCESS,,2026-08-21 13:11:48.314360,2
TXN102340,CUST1879,41068.76,WALLET,SUCCESS,,2026-08-25 04:42:48.314360,1
TXN102341,CUST1521,28249.11,CARD,SUCCESS,,2026-08-09 07:32:48.314360,1
TXN102342,CUST9701,20683.05,CARD,SUCCESS,,2026-08-28 20:24:48.314360,2
TXN102343,CUST5422,47914.09,WALLET,SUCCESS,,2026-08-20 20:14:48.314360,1
TXN102344,CUST8699,33863.71,CARD,FAILED,BANK_DECLINE,2026-08-11 08:06:48.314360,2
TXN102345,CUST3325,48616.46,NETBANKING,FAILED,NETWORK_ERROR,2026-08-12 03:01:48.314360,1
TXN102346,CUST6092,32169.06,UPI,SUCCESS,,2026-08-18 13:45:48.314360,0
TXN102347,CUST8400,29785.69,CARD,SUCCESS,,2026-08-01 04:22:48.314360,1
TXN102348,CUST9344,25424.71,WALLET,SUCCESS,,2026-08-04 04:52:48.314360,1
TXN102349,CUST5573,15123.2,UPI,FAILED,NETWORK_ERROR,2026-08-03 18:33:48.314360,3
TXN102350,CUST7027,45587.09,WALLET,SUCCESS,,2026-07-31 11:34:48.314360,3
TXN102351,CUST7904,9404.55,WALLET,SUCCESS,,2026-08-22 17:46:48.314360,2
TXN102352,CUST7694,6187.73,CARD,SUCCESS,,2026-08-21 01:30:48.314360,0
TXN102353,CUST3333,47234.19,WALLET,SUCCESS,,2026-08-28 13:56:48.314360,2
TXN102354,CUST6175,41373.98,CARD,FAILED,INSUFFICIENT_FUNDS,2026-07-31 06:09:48.314360,2
TXN102355,CUST4410,18680.42,UPI,SUCCESS,,2026-08-09 10:45:48.314360,2
TXN102356,CUST7612,45292.35,CARD,FAILED,NETWORK_ERROR,2026-08-12 03:53:48.314360,2
TXN102357,CUST7751,27038.42,WALLET,SUCCESS,,2026-08-03 03:25:48.314360,3
TXN102358,CUST7630,24008.74,NETBANKING,SUCCESS,,2026-08-01 11:51:48.314360,2
TXN102359,CUST3642,26131.29,UPI,SUCCESS,,2026-08-07 21:42:48.314360,1
TXN102360,CUST6826,31060.05,UPI,SUCCESS,,2026-08-03 06:41:48.314360,3
TXN102361,CUST1124,8665.0,WALLET,SUCCESS,,2026-08-21 15:40:48.314360,3
TXN102362,CUST7598,22335.63,CARD,SUCCESS,,2026-07-30 06:46:48.314360,3
TXN102363,CUST9505,11333.26,UPI,FAILED,TIMEOUT,2026-08-26 02:49:48.314360,0
TXN102364,CUST2920,3965.1,WALLET,FAILED,LIMIT_EXCEEDED,2026-07-31 14:39:48.314360,1
TXN102365,CUST2447,31872.0,UPI,SUCCESS,,2026-08-20 10:34:48.314360,2
TXN102366,CUST3190,22572.52,WALLET,SUCCESS,,2026-08-22 11:16:48.314360,1
TXN102367,CUST2557,2232.19,CARD,FAILED,LIMIT_EXCEEDED,2026-08-17 03:36:48.314360,2
TXN102368,CUST9674,44630.2,UPI,SUCCESS,,2026-08-09 01:33:48.314360,1
TXN102369,CUST7880,36146.88,UPI,SUCCESS,,2026-08-01 22:22:48.314360,3
TXN102370,CUST1103,2672.72,CARD,SUCCESS,,2026-08-07 13:54:48.314360,0
TXN102371,CUST5533,49506.5,WALLET,SUCCESS,,2026-08-17 04:14:48.314360,2
TXN102372,CUST7835,29885.74,NETBANKING,SUCCESS,,2026-08-27 16:35:48.314360,3
TXN102373,CUST9308,33856.28,NETBANKING,SUCCESS,,2026-08-06 15:46:48.314360,1
TXN102374,CUST5708,16041.42,UPI,SUCCESS,,2026-07-29 22:55:48.314360,1
TXN102375,CUST3723,19866.42,CARD,SUCCESS,,2026-08-04 23:45:48.314360,3
TXN102376,CUST6482,6848.74,UPI,SUCCESS,,2026-08-07 05:13:48.314360,1
TXN102377,CUST2331,39047.63,WALLET,SUCCESS,,2026-08-22 16:52:48.314360,3
TXN102378,CUST5420,5747.3,NETBANKING,SUCCESS,,2026-08-02 03:12:48.314360,1
TXN102379,CUST2482,8465.74,UPI,SUCCESS,,2026-08-04 03:56:48.314360,0
TXN102380,CUST5928,1420.17,CARD,SUCCESS,,2026-07-31 12:15:48.314360,1
TXN102381,CUST7907,4706.21,UPI,SUCCESS,,2026-08-13 00:11:48.314360,1
TXN102382,CUST7844,38365.25,NETBANKING,SUCCESS,,2026-08-07 00:13:48.314360,3
TXN102383,CUST6910,49022.13,NETBANKING,SUCCESS,,2026-08-24 00:54:48.314360,2
TXN102384,CUST3185,30857.21,UPI,SUCCESS,,2026-08-15 04:00:48.314360,0
TXN102385,CUST2297,42822.89,UPI,SUCCESS,,2026-08-27 23:13:48.314360,3
TXN102386,CUST1720,14928.88,WALLET,SUCCESS,,2026-08-15 14:14:48.314360,0
TXN102387,CUST9060,45841.04,NETBANKING,FAILED,NETWORK_ERROR,2026-08-21 01:38:48.314360,0
TXN102388,CUST3213,30725.57,WALLET,SUCCESS,,2026-08-18 10:23:48.314360,0
TXN102389,CUST5247,33301.49,NETBANKING,SUCCESS,,2026-07-30 23:12:48.314360,2
TXN102390,CUST4944,39437.34,CARD,SUCCESS,,2026-08-08 07:25:48.314360,0
TXN102391,CUST7710,1198.84,NETBANKING,SUCCESS,,2026-08-03 22:21:48.314360,0
TXN102392,CUST5465,30037.04,UPI,SUCCESS,,2026-08-04 02:42:48.314360,0
TXN102393,CUST4927,41181.43,UPI,SUCCESS,,2026-08-10 03:28:48.314360,3
TXN102394,CUST8307,26658.66,UPI,SUCCESS,,2026-08-24 13:59:48.314360,0
TXN102395,CUST3699,34182.92,CARD,SUCCESS,,2026-08-27 22:05:48.314360,3
TXN102396,CUST8815,31040.21,UPI,FAILED,NETWORK_ERROR,2026-08-28 19:49:48.314360,0
TXN102397,CUST4612,22709.56,WALLET,SUCCESS,,2026-08-26 03:07:48.314360,2
TXN102398,CUST5523,9678.89,NETBANKING,SUCCESS,,2026-08-26 12:45:48.314360,1
TXN102399,CUST8007,9544.68,NETBANKING,SUCCESS,,2026-07-31 00:22:48.314360,0
TXN102400,CUST5388,14015.17,UPI,SUCCESS,,2026-08-23 20:15:48.314360,0
TXN102401,CUST7548,28623.3,NETBANKING,SUCCESS,,2026-08-24 16:44:48.314360,0
TXN102402,CUST6052,19241.58,CARD,SUCCESS,,2026-08-24 00:16:48.314360,1
TXN102403,CUST9052,43528.54,UPI,SUCCESS,,2026-08-14 23:43:48.314360,1
TXN102404,CUST4913,8401.6,NETBANKING,FAILED,INSUFFICIENT_FUNDS,2026-08-19 04:52:48.314360,2
TXN102405,CUST5334,47374.15,CARD,SUCCESS,,2026-08-10 01:36:48.314360,0
TXN102406,CUST5198,42130.63,UPI,SUCCESS,,2026-08-28 14:15:48.314360,0
TXN102407,CUST5033,25788.48,WALLET,SUCCESS,,2026-08-13 19:29:48.314360,1
TXN102408,CUST5418,47267.05,UPI,SUCCESS,,2026-08-09 17:40:48.314360,0
TXN102409,CUST4743,15734.47,WALLET,SUCCESS,,2026-08-02 23:15:48.314360,2
TXN102410,CUST1710,19704.65,NETBANKING,SUCCESS,,2026-08-01 16:40:48.314360,1
TXN102411,CUST1091,20424.93,CARD,SUCCESS,,2026-08-12 04:05:48.314360,3
TXN102412,CUST7305,43971.13,NETBANKING,SUCCESS,,2026-08-03 16:25:48.314360,3
TXN102413,CUST1304,10862.72,UPI,SUCCESS,,2026-07-30 13:40:48.314360,3
TXN102414,CUST2467,11840.82,WALLET,SUCCESS,,2026-08-14 03:13:48.314360,3
TXN102415,CUST2879,3060.03,CARD,FAILED,TIMEOUT,2026-08-25 20:45:48.314360,2
TXN102416,CUST8942,2810.14,CARD,SUCCESS,,2026-08-01 18:17:48.314360,3
TXN102417,CUST2476,26475.9,NETBANKING,SUCCESS,,2026-08-23 22:55:48.314360,3
TXN102418,CUST6393,27643.05,NETBANKING,SUCCESS,,2026-08-04 21:23:48.314360,0
TXN102419,CUST7603,17786.55,UPI,FAILED,TIMEOUT,2026-08-07 19:51:48.314360,2
TXN102420,CUST9041,2077.21,UPI,FAILED,BANK_DECLINE,2026-08-20 01:03:48.314360,3
TXN102421,CUST3534,48860.93,UPI,SUCCESS,,2026-08-12 11:04:48.314360,1
TXN102422,CUST7592,13404.74,UPI,SUCCESS,,2026-08-09 02:01:48.314360,0
TXN102423,CUST6278,17653.31,CARD,SUCCESS,,2026-08-15 08:48:48.314360,3
TXN102424,CUST9818,11490.57,WALLET,SUCCESS,,2026-08-22 23:02:48.314360,0
TXN102425,CUST2545,39118.61,UPI,SUCCESS,,2026-08-22 10:08:48.314360,1
TXN102426,CUST5751,15860.34,CARD,SUCCESS,,2026-08-21 15:35:48.314360,1
TXN102427,CUST7157,13329.85,NETBANKING,SUCCESS,,2026-08-01 19:22:48.314360,3
TXN102428,CUST4382,39711.59,WALLET,SUCCESS,,2026-08-25 19:56:48.314360,3
TXN102429,CUST9635,11890.05,UPI,SUCCESS,,2026-08-21 01:28:48.314360,3
TXN102430,CUST7572,19626.2,UPI,FAILED,INSUFFICIENT_FUNDS,2026-08-18 22:09:48.314360,0
TXN102431,CUST2583,3865.98,WALLET,FAILED,BANK_DECLINE,2026-08-05 22:48:48.314360,3
TXN102432,CUST8049,2338.46,WALLET,SUCCESS,,2026-08-15 02:51:48.314360,1
TXN102433,CUST5562,9100.96,CARD,SUCCESS,,2026-08-12 18:04:48.314360,1
TXN102434,CUST8139,44861.5,NETBANKING,SUCCESS,,2026-08-23 11:32:48.314360,2
TXN102435,CUST1738,17368.67,UPI,SUCCESS,,2026-08-11 16:07:48.314360,2
TXN102436,CUST6678,22874.77,WALLET,SUCCESS,,2026-08-21 18:36:48.314360,0
TXN102437,CUST1958,3801.26,WALLET,SUCCESS,,2026-08-24 10:21:48.314360,2
TXN102438,CUST5038,42277.91,NETBANKING,SUCCESS,,2026-08-10 11:55:48.314360,3
TXN102439,CUST4937,21623.38,CARD,SUCCESS,,2026-07-30 21:14:48.314360,0
TXN102440,CUST6799,23173.74,WALLET,SUCCESS,,2026-08-19 07:00:48.314360,3
TXN102441,CUST2601,26810.68,CARD,SUCCESS,,2026-07-30 20:58:48.314360,2
TXN102442,CUST2582,42855.7,WALLET,SUCCESS,,2026-08-08 09:38:48.314360,3
TXN102443,CUST7202,21307.46,CARD,FAILED,LIMIT_EXCEEDED,2026-08-28 12:17:48.314360,3
TXN102444,CUST3794,3572.71,NETBANKING,SUCCESS,,2026-08-20 01:21:48.314360,2
TXN102445,CUST7567,6737.62,UPI,FAILED,NETWORK_ERROR,2026-08-22 23:25:48.314360,0
TXN102446,CUST9443,23675.44,UPI,SUCCESS,,2026-08-03 17:26:48.314360,3
TXN102447,CUST4408,18888.91,UPI,SUCCESS,,2026-08-27 06:40:48.314360,2
TXN102448,CUST9829,24185.05,NETBANKING,FAILED,NETWORK_ERROR,2026-08-18 03:09:48.314360,2
TXN102449,CUST6139,9457.75,NETBANKING,SUCCESS,,2026-08-05 06:17:48.314360,0
TXN102450,CUST4297,44151.27,WALLET,SUCCESS,,2026-08-19 22:03:48.314360,0
TXN102451,CUST9164,47612.12,WALLET,FAILED,LIMIT_EXCEEDED,2026-08-13 03:58:48.314360,0
TXN102452,CUST7081,44808.66,UPI,FAILED,TIMEOUT,2026-08-03 18:44:48.314360,2
TXN102453,CUST7879,25518.71,NETBANKING,FAILED,NETWORK_ERROR,2026-08-01 08:55:48.314360,3
TXN102454,CUST2031,32376.73,CARD,SUCCESS,,2026-08-06 12:12:48.314360,0
TXN102455,CUST8747,42818.45,NETBANKING,FAILED,INSUFFICIENT_FUNDS,2026-08-14 06:20:48.314360,1
TXN102456,CUST9804,14460.66,WALLET,SUCCESS,,2026-08-20 19:56:48.314360,2
TXN102457,CUST3550,42607.94,UPI,SUCCESS,,2026-08-03 08:02:48.314360,1
TXN102458,CUST8380,43696.71,NETBANKING,SUCCESS,,2026-08-04 13:28:48.314360,0
TXN102459,CUST2248,44558.36,UPI,SUCCESS,,2026-08-15 17:01:48.314360,0
TXN102460,CUST8708,18179.41,WALLET,SUCCESS,,2026-08-03 12:16:48.314360,1
TXN102461,CUST9953,12413.17,CARD,SUCCESS,,2026-08-15 18:36:48.314360,2
TXN102462,CUST6851,6530.31,NETBANKING,SUCCESS,,2026-08-13 22:42:48.314360,0
TXN102463,CUST6679,14927.48,NETBANKING,SUCCESS,,2026-07-30 04:04:48.314360,0
TXN102464,CUST9796,47670.25,UPI,SUCCESS,,2026-07-31 18:08:48.314360,0
TXN102465,CUST1042,15900.17,NETBANKING,FAILED,NETWORK_ERROR,2026-08-13 01:50:48.314360,3
TXN102466,CUST5608,5039.81,UPI,SUCCESS,,2026-08-23 20:50:48.314360,3
TXN102467,CUST8093,37798.31,UPI,SUCCESS,,2026-08-27 17:02:48.314360,2
TXN102468,CUST4907,22116.12,UPI,SUCCESS,,2026-08-07 02:06:48.314360,1
TXN102469,CUST2366,19413.88,WALLET,SUCCESS,,2026-08-21 10:07:48.314360,1
TXN102470,CUST7917,8917.0,WALLET,SUCCESS,,2026-07-31 23:27:48.314360,2
TXN102471,CUST2007,25582.72,CARD,SUCCESS,,2026-08-14 01:38:48.314360,2
TXN102472,CUST8667,30628.78,UPI,SUCCESS,,2026-08-04 14:18:48.314360,0
TXN102473,CUST5998,34668.8,WALLET,SUCCESS,,2026-08-04 15:39:48.314360,2
TXN102474,CUST4958,43241.34,CARD,FAILED,INSUFFICIENT_FUNDS,2026-08-23 20:47:48.314360,3
TXN102475,CUST7433,17149.73,NETBANKING,SUCCESS,,2026-08-19 16:48:48.314360,0
TXN102476,CUST6068,10036.28,CARD,SUCCESS,,2026-08-11 00:18:48.314360,0
TXN102477,CUST2497,28705.09,CARD,SUCCESS,,2026-08-10 09:05:48.314360,1
TXN102478,CUST8110,45656.59,CARD,SUCCESS,,2026-08-27 09:22:48.314360,2
TXN102479,CUST8740,19854.48,NETBANKING,SUCCESS,,2026-08-03 15:23:48.314360,1
TXN102480,CUST8062,10861.51,UPI,SUCCESS,,2026-08-12 15:33:48.314360,2
TXN102481,CUST8014,27426.02,UPI,SUCCESS,,2026-08-21 04:29:48.314360,0
TXN102482,CUST8033,16147.35,CARD,SUCCESS,,2026-08-18 19:14:48.314360,3
TXN102483,CUST3942,39154.42,CARD,SUCCESS,,2026-08-03 05:20:48.314360,1
TXN102484,CUST2382,43289.93,WALLET,SUCCESS,,2026-08-25 10:58:48.314360,3
TXN102485,CUST3431,16695.69,NETBANKING,FAILED,LIMIT_EXCEEDED,2026-08-02 12:03:48.314360,0
TXN102486,CUST9401,26529.8,UPI,SUCCESS,,2026-08-09 05:09:48.314360,1
TXN102487,CUST3403,13345.2,CARD,SUCCESS,,2026-08-26 11:30:48.314360,3
TXN102488,CUST3313,42728.39,UPI,SUCCESS,,2026-08-14 13:46:48.314360,1
TXN102489,CUST6736,10462.1,NETBANKING,SUCCESS,,2026-08-11 04:16:48.314360,2
TXN102490,CUST8597,22174.33,NETBANKING,SUCCESS,,2026-08-11 04:10:48.314360,3
TXN102491,CUST7398,1752.19,WALLET,SUCCESS,,2026-08-03 13:57:48.314360,0
TXN102492,CUST5869,6907.88,CARD,FAILED,NETWORK_ERROR,2026-08-18 05:52:48.314360,1
TXN102493,CUST5902,17595.02,WALLET,SUCCESS,,2026-08-23 02:30:48.314360,2
TXN102494,CUST3365,4411.77,NETBANKING,SUCCESS,,2026-07-29 22:21:48.314360,0
TXN102495,CUST6755,14328.85,CARD,FAILED,BANK_DECLINE,2026-08-10 18:12:48.314360,1
TXN102496,CUST4067,47578.09,CARD,SUCCESS,,2026-08-02 18:58:48.314360,2
TXN102497,CUST2694,46221.46,NETBANKING,SUCCESS,,2026-08-21 16:59:48.314360,0
TXN102498,CUST7399,4051.17,NETBANKING,FAILED,LIMIT_EXCEEDED,2026-08-25 15:48:48.314360,0
TXN102499,CUST1194,26425.51,CARD,SUCCESS,,2026-08-12 21:29:48.314360,1
TXN102500,CUST3505,12896.75,NETBANKING,SUCCESS,,2026-08-10 03:51:48.314360,2
TXN102501,CUST6161,27303.88,WALLET,SUCCESS,,2026-08-22 22:20:48.314360,2
TXN102502,CUST4408,17798.66,WALLET,SUCCESS,,2026-08-11 04:51:48.314360,2
TXN102503,CUST7802,8413.31,WALLET,SUCCESS,,2026-08-09 08:14:48.314360,2
TXN102504,CUST6512,29943.85,WALLET,FAILED,TIMEOUT,2026-07-30 12:17:48.314360,1
TXN102505,CUST6319,27465.56,NETBANKING,SUCCESS,,2026-08-22 06:52:48.314360,3
TXN102506,CUST1975,17844.08,UPI,SUCCESS,,2026-08-14 20:23:48.314360,2
TXN102507,CUST7054,563.71,WALLET,SUCCESS,,2026-08-26 20:56:48.314360,3
TXN102508,CUST1970,43218.77,WALLET,SUCCESS,,2026-08-16 09:13:48.314360,0
TXN102509,CUST9800,15213.7,CARD,SUCCESS,,2026-08-14 02:09:48.314360,0
TXN102510,CUST7853,11759.61,UPI,SUCCESS,,2026-08-20 23:07:48.314360,2
TXN102511,CUST7088,7460.62,UPI,SUCCESS,,2026-08-07 17:14:48.314360,2
TXN102512,CUST2305,41426.13,UPI,SUCCESS,,2026-08-09 03:55:48.314360,0
TXN102513,CUST3815,11605.38,NETBANKING,SUCCESS,,2026-08-14 04:46:48.314360,1
TXN102514,CUST6748,30594.71,WALLET,SUCCESS,,2026-08-26 06:39:48.314360,1
TXN102515,CUST1680,35219.45,UPI,SUCCESS,,2026-08-21 03:18:48.314360,2
TXN102516,CUST4991,1209.02,UPI,SUCCESS,,2026-08-27 20:42:48.314360,3
TXN102517,CUST3909,36244.31,NETBANKING,SUCCESS,,2026-08-27 14:36:48.314360,2
TXN102518,CUST6059,27017.69,NETBANKING,SUCCESS,,2026-08-28 01:44:48.314360,1
TXN102519,CUST3827,49357.1,CARD,SUCCESS,,2026-08-06 13:02:48.314360,2
TXN102520,CUST7687,19091.29,CARD,SUCCESS,,2026-08-05 08:20:48.314360,0
TXN102521,CUST8814,6999.96,CARD,SUCCESS,,2026-08-23 06:12:48.314360,1
TXN102522,CUST8187,36524.77,WALLET,FAILED,LIMIT_EXCEEDED,2026-08-06 17:53:48.314360,3
TXN102523,CUST1506,38933.63,CARD,SUCCESS,,2026-08-05 10:59:48.314360,0
TXN102524,CUST9239,36228.33,WALLET,SUCCESS,,2026-08-08 07:35:48.314360,1
TXN102525,CUST7292,17106.67,NETBANKING,FAILED,NETWORK_ERROR,2026-08-10 14:35:48.314360,0
TXN102526,CUST2430,28404.22,WALLET,SUCCESS,,2026-08-10 14:00:48.314360,2
TXN102527,CUST6699,4321.35,CARD,SUCCESS,,2026-08-04 05:58:48.314360,3
TXN102528,CUST6599,18372.75,CARD,SUCCESS,,2026-08-12 13:13:48.314360,1
TXN102529,CUST1730,17059.56,CARD,SUCCESS,,2026-08-23 18:30:48.314360,3
TXN102530,CUST5147,34657.95,CARD,FAILED,TIMEOUT,2026-08-19 03:37:48.314360,2
TXN102531,CUST5419,6007.8,UPI,SUCCESS,,2026-08-08 21:46:48.314360,3
TXN102532,CUST9895,3397.85,NETBANKING,SUCCESS,,2026-08-06 15:09:48.314360,0
TXN102533,CUST9929,36325.27,CARD,SUCCESS,,2026-08-03 14:36:48.314360,1
TXN102534,CUST9012,35931.72,NETBANKING,SUCCESS,,2026-08-08 03:44:48.314360,1
TXN102535,CUST5864,19542.04,CARD,SUCCESS,,2026-08-28 17:52:48.314360,1
TXN102536,CUST1018,20657.24,UPI,SUCCESS,,2026-08-17 14:41:48.314360,1
TXN102537,CUST1452,31827.85,NETBANKING,SUCCESS,,2026-08-08 22:11:48.314360,1
TXN102538,CUST6359,37031.12,WALLET,SUCCESS,,2026-08-26 21:52:48.314360,0
TXN102539,CUST9515,7766.69,UPI,SUCCESS,,2026-08-20 01:43:48.314360,2
TXN102540,CUST1296,10216.04,WALLET,SUCCESS,,2026-08-05 21:24:48.314360,0
TXN102541,CUST6865,27130.16,UPI,SUCCESS,,2026-08-09 17:20:48.314360,2
TXN102542,CUST5566,31476.86,NETBANKING,SUCCESS,,2026-08-05 13:45:48.314360,3
TXN102543,CUST1396,11786.23,NETBANKING,SUCCESS,,2026-08-18 02:27:48.314360,2
TXN102544,CUST2852,38211.67,UPI,FAILED,TIMEOUT,2026-08-15 18:31:48.314360,2
TXN102545,CUST2573,21785.83,NETBANKING,SUCCESS,,2026-08-14 08:08:48.314360,0
TXN102546,CUST1284,19908.27,NETBANKING,SUCCESS,,2026-08-23 14:16:48.314360,0
TXN102547,CUST7181,6892.12,NETBANKING,SUCCESS,,2026-08-27 08:00:48.314360,2
TXN102548,CUST5773,4099.82,NETBANKING,SUCCESS,,2026-08-03 21:21:48.314360,2
TXN102549,CUST8712,11284.86,WALLET,FAILED,BANK_DECLINE,2026-08-17 15:34:48.314360,2
TXN102550,CUST2237,22714.57,CARD,SUCCESS,,2026-08-11 15:24:48.314360,0
TXN102551,CUST1821,25550.2,CARD,SUCCESS,,2026-08-03 08:37:48.314360,2
TXN102552,CUST4518,49273.44,UPI,SUCCESS,,2026-08-27 15:11:48.314360,1
TXN102553,CUST8288,40473.21,WALLET,SUCCESS,,2026-08-08 09:29:48.314360,1
TXN102554,CUST2694,2861.89,UPI,SUCCESS,,2026-08-01 10:20:48.314360,2
TXN102555,CUST5756,8625.08,NETBANKING,SUCCESS,,2026-08-15 03:12:48.314360,3
TXN102556,CUST1090,37934.54,WALLET,SUCCESS,,2026-08-11 10:41:48.314360,2
TXN102557,CUST3497,39728.81,UPI,FAILED,NETWORK_ERROR,2026-08-05 04:21:48.314360,1
TXN102558,CUST4762,2209.12,NETBANKING,SUCCESS,,2026-08-21 11:22:48.314360,3
TXN102559,CUST1337,24482.67,NETBANKING,SUCCESS,,2026-08-17 21:39:48.314360,3
TXN102560,CUST2752,36463.7,UPI,SUCCESS,,2026-07-31 14:16:48.314360,3
TXN102561,CUST6560,10411.56,UPI,SUCCESS,,2026-08-10 07:13:48.314360,3
TXN102562,CUST4407,4939.46,UPI,SUCCESS,,2026-08-14 19:27:48.314360,1
TXN102563,CUST3184,22670.66,CARD,SUCCESS,,2026-08-12 18:27:48.314360,2
TXN102564,CUST8618,40554.89,UPI,SUCCESS,,2026-08-05 23:03:48.314360,0
TXN102565,CUST4665,18595.23,CARD,SUCCESS,,2026-08-23 20:57:48.314360,3
TXN102566,CUST9894,32930.46,UPI,SUCCESS,,2026-08-01 16:01:48.314360,1
TXN102567,CUST7103,29311.32,NETBANKING,SUCCESS,,2026-08-15 10:30:48.314360,2
TXN102568,CUST8641,42742.41,WALLET,SUCCESS,,2026-08-19 14:05:48.314360,0
TXN102569,CUST5689,13556.05,CARD,SUCCESS,,2026-08-12 18:45:48.314360,1
TXN102570,CUST3813,27595.52,NETBANKING,SUCCESS,,2026-08-06 06:40:48.314360,0
TXN102571,CUST9693,28029.3,NETBANKING,SUCCESS,,2026-08-02 12:13:48.314360,0
TXN102572,CUST6520,47414.46,WALLET,SUCCESS,,2026-08-23 06:47:48.314360,3
TXN102573,CUST5483,40168.62,CARD,SUCCESS,,2026-08-19 09:12:48.314360,1
TXN102574,CUST3966,34818.25,UPI,SUCCESS,,2026-08-27 09:21:48.314360,0
TXN102575,CUST9232,43438.58,WALLET,FAILED,LIMIT_EXCEEDED,2026-08-19 21:20:48.314360,0
TXN102576,CUST7857,19460.15,CARD,SUCCESS,,2026-08-05 23:19:48.314360,3
TXN102577,CUST1848,6565.0,NETBANKING,SUCCESS,,2026-08-25 19:35:48.314360,3
TXN102578,CUST8304,20804.61,WALLET,SUCCESS,,2026-08-09 15:02:48.314360,0
TXN102579,CUST5267,19677.61,CARD,SUCCESS,,2026-08-28 18:14:48.314360,1
TXN102580,CUST8641,38901.4,UPI,SUCCESS,,2026-08-03 03:32:48.314360,1
TXN102581,CUST9374,26731.34,CARD,SUCCESS,,2026-08-25 12:08:48.314360,2
TXN102582,CUST7762,35722.86,UPI,SUCCESS,,2026-08-16 00:14:48.314360,3
TXN102583,CUST2718,8844.74,WALLET,SUCCESS,,2026-08-15 04:31:48.314360,3
TXN102584,CUST3681,45694.91,NETBANKING,SUCCESS,,2026-08-03 22:58:48.314360,2
TXN102585,CUST1500,36969.22,UPI,SUCCESS,,2026-07-31 21:54:48.314360,0
TXN102586,CUST1191,41357.6,CARD,SUCCESS,,2026-08-01 15:24:48.314360,3
TXN102587,CUST2291,48553.97,CARD,SUCCESS,,2026-07-30 19:25:48.314360,2
TXN102588,CUST4378,9510.24,CARD,SUCCESS,,2026-08-23 06:56:48.314360,3
TXN102589,CUST1648,45728.96,CARD,SUCCESS,,2026-08-19 13:43:48.314360,2
TXN102590,CUST3543,9589.95,WALLET,SUCCESS,,2026-08-21 01:35:48.314360,2
TXN102591,CUST6036,20599.83,NETBANKING,SUCCESS,,2026-08-06 14:42:48.314360,3
TXN102592,CUST7695,18102.95,WALLET,SUCCESS,,2026-08-26 15:47:48.314360,0
TXN102593,CUST3024,24829.5,NETBANKING,FAILED,INSUFFICIENT_FUNDS,2026-08-25 22:06:48.314360,3
TXN102594,CUST9697,13121.88,NETBANKING,SUCCESS,,2026-08-11 09:42:48.314360,2
TXN102595,CUST9434,28828.38,NETBANKING,SUCCESS,,2026-08-13 18:06:48.314360,3
TXN102596,CUST7198,46049.92,WALLET,SUCCESS,,2026-08-14 12:27:48.314360,2
TXN102597,CUST7433,9298.87,UPI,SUCCESS,,2026-08-27 05:08:48.314360,3
TXN102598,CUST9648,37405.13,UPI,SUCCESS,,2026-08-10 11:27:48.314360,0
TXN102599,CUST5506,13305.02,WALLET,SUCCESS,,2026-08-13 10:47:48.314360,3
TXN102600,CUST8633,36473.91,UPI,SUCCESS,,2026-08-24 01:11:48.314360,0
TXN102601,CUST3766,47376.61,NETBANKING,SUCCESS,,2026-08-27 02:42:48.314360,3
TXN102602,CUST6773,10759.38,UPI,FAILED,INSUFFICIENT_FUNDS,2026-08-04 03:22:48.314360,3
TXN102603,CUST7351,12564.25,CARD,SUCCESS,,2026-08-15 12:52:48.314360,1
TXN102604,CUST1583,48846.81,UPI,SUCCESS,,2026-08-19 15:32:48.314360,3
TXN102605,CUST2285,10655.63,CARD,SUCCESS,,2026-08-26 22:23:48.314360,0
TXN102606,CUST5178,9469.53,CARD,SUCCESS,,2026-08-04 05:05:48.314360,0
TXN102607,CUST6001,41145.42,UPI,FAILED,BANK_DECLINE,2026-08-13 20:37:48.314360,2
TXN102608,CUST1411,48253.95,NETBANKING,SUCCESS,,2026-08-23 12:42:48.314360,2
TXN102609,CUST9947,7905.44,WALLET,SUCCESS,,2026-08-18 00:44:48.314360,3
TXN102610,CUST6773,29723.84,CARD,SUCCESS,,2026-08-09 04:33:48.314360,3
TXN102611,CUST2559,45073.69,UPI,SUCCESS,,2026-08-15 23:43:48.314360,0
TXN102612,CUST9562,1451.77,CARD,SUCCESS,,2026-08-20 17:44:48.314360,3
TXN102613,CUST8107,31186.4,UPI,SUCCESS,,2026-08-10 14:10:48.314360,3
TXN102614,CUST9280,11222.88,WALLET,SUCCESS,,2026-08-26 05:25:48.314360,1
TXN102615,CUST9591,19083.27,WALLET,SUCCESS,,2026-08-08 11:51:48.314360,0
TXN102616,CUST9959,45678.84,UPI,FAILED,TIMEOUT,2026-08-19 19:59:48.314360,3
TXN102617,CUST8546,34273.56,NETBANKING,SUCCESS,,2026-08-03 07:33:48.314360,2
TXN102618,CUST7503,49139.34,CARD,SUCCESS,,2026-08-26 12:52:48.314360,1
TXN102619,CUST2291,8260.36,CARD,SUCCESS,,2026-08-19 18:24:48.314360,0
TXN102620,CUST4034,7997.57,NETBANKING,SUCCESS,,2026-08-25 19:55:48.314360,1
TXN102621,CUST2962,14369.7,WALLET,SUCCESS,,2026-08-11 03:10:48.314360,1
TXN102622,CUST9538,40081.49,UPI,SUCCESS,,2026-08-19 16:30:48.314360,0
TXN102623,CUST4342,7771.02,WALLET,SUCCESS,,2026-08-20 13:33:48.314360,1
TXN102624,CUST3215,27601.07,UPI,SUCCESS,,2026-08-22 03:53:48.314360,2
TXN102625,CUST8688,41211.11,WALLET,SUCCESS,,2026-08-10 07:41:48.314360,2
TXN102626,CUST7356,40031.55,WALLET,SUCCESS,,2026-08-07 22:18:48.314360,1
TXN102627,CUST5965,7786.21,WALLET,SUCCESS,,2026-08-26 23:59:48.314360,3
TXN102628,CUST3508,27931.57,WALLET,SUCCESS,,2026-08-25 18:50:48.314360,2
TXN102629,CUST5673,14327.13,CARD,SUCCESS,,2026-08-24 00:22:48.314360,0
TXN102630,CUST5344,19787.81,CARD,FAILED,LIMIT_EXCEEDED,2026-08-27 12:18:48.314360,1
TXN102631,CUST9214,33696.0,UPI,SUCCESS,,2026-08-13 09:41:48.314360,2
TXN102632,CUST7722,31396.82,UPI,SUCCESS,,2026-08-19 16:22:48.314360,2
TXN102633,CUST4255,46643.92,NETBANKING,SUCCESS,,2026-08-12 11:58:48.314360,3
TXN102634,CUST6842,23769.25,CARD,SUCCESS,,2026-08-14 23:26:48.314360,0
TXN102635,CUST9177,18625.0,UPI,SUCCESS,,2026-07-30 11:31:48.314360,0
TXN102636,CUST9685,2764.13,WALLET,SUCCESS,,2026-08-05 13:41:48.314360,2
TXN102637,CUST2352,24583.96,WALLET,SUCCESS,,2026-08-20 15:56:48.314360,2
TXN102638,CUST6322,47072.9,NETBANKING,FAILED,INSUFFICIENT_FUNDS,2026-08-11 12:21:48.314360,1
TXN102639,CUST2142,16113.28,NETBANKING,SUCCESS,,2026-08-13 07:47:48.314360,2
TXN102640,CUST8681,25373.09,NETBANKING,SUCCESS,,2026-08-05 01:15:48.314360,3
TXN102641,CUST2574,7468.66,CARD,SUCCESS,,2026-08-16 18:20:48.314360,1
TXN102642,CUST6729,42337.17,UPI,SUCCESS,,2026-08-27 05:23:48.314360,1
TXN102643,CUST2232,11633.75,CARD,SUCCESS,,2026-08-26 07:28:48.314360,3
TXN102644,CUST8008,48779.28,UPI,SUCCESS,,2026-08-03 03:42:48.314360,2
TXN102645,CUST2602,1179.72,NETBANKING,SUCCESS,,2026-08-07 06:27:48.314360,0
TXN102646,CUST2452,7252.95,UPI,SUCCESS,,2026-08-01 18:35:48.314360,0
TXN102647,CUST3658,49653.03,WALLET,SUCCESS,,2026-08-16 22:46:48.314360,2
TXN102648,CUST1847,22465.89,UPI,SUCCESS,,2026-08-19 06:06:48.314360,3
TXN102649,CUST1966,2244.11,CARD,FAILED,NETWORK_ERROR,2026-08-26 08:37:48.314360,0
TXN102650,CUST4111,36181.42,CARD,SUCCESS,,2026-08-06 22:59:48.314360,3
TXN102651,CUST3308,42322.74,CARD,FAILED,NETWORK_ERROR,2026-08-08 04:15:48.314360,1
TXN102652,CUST2229,8347.89,WALLET,SUCCESS,,2026-08-08 04:37:48.314360,0
TXN102653,CUST6429,24276.77,CARD,SUCCESS,,2026-08-06 00:44:48.314360,0
TXN102654,CUST5304,15703.1,NETBANKING,SUCCESS,,2026-08-21 15:48:48.314360,1
TXN102655,CUST6694,2102.72,NETBANKING,SUCCESS,,2026-08-01 03:33:48.314360,2
TXN102656,CUST5567,48992.55,CARD,SUCCESS,,2026-08-09 00:23:48.314360,3
TXN102657,CUST4111,47076.61,WALLET,SUCCESS,,2026-08-10 03:41:48.314360,3
TXN102658,CUST4251,48392.1,NETBANKING,SUCCESS,,2026-07-30 00:40:48.314360,3
TXN102659,CUST7596,26748.91,CARD,SUCCESS,,2026-08-11 20:30:48.314360,1
TXN102660,CUST1441,49475.95,CARD,SUCCESS,,2026-08-03 23:27:48.314360,3
TXN102661,CUST3154,16495.55,UPI,SUCCESS,,2026-08-04 13:16:48.314360,1
TXN102662,CUST8336,40380.06,CARD,SUCCESS,,2026-08-22 22:29:48.314360,1
TXN102663,CUST2816,11474.2,UPI,SUCCESS,,2026-08-28 12:54:48.314360,1
TXN102664,CUST4639,49652.64,WALLET,SUCCESS,,2026-08-17 02:15:48.314360,0
TXN102665,CUST8381,28800.27,NETBANKING,SUCCESS,,2026-08-25 16:44:48.314360,2
TXN102666,CUST9546,49680.87,CARD,SUCCESS,,2026-07-30 00:40:48.314360,1
TXN102667,CUST4421,10476.24,CARD,FAILED,LIMIT_EXCEEDED,2026-08-26 15:43:48.314360,0
TXN102668,CUST9229,774.51,NETBANKING,SUCCESS,,2026-08-28 18:21:48.314360,3
TXN102669,CUST5828,8547.42,NETBANKING,SUCCESS,,2026-08-04 22:48:48.314360,2
TXN102670,CUST7733,16349.4,WALLET,SUCCESS,,2026-08-12 07:20:48.314360,2
TXN102671,CUST9966,20099.24,WALLET,SUCCESS,,2026-08-21 15:31:48.314360,2
TXN102672,CUST1592,37520.74,CARD,SUCCESS,,2026-07-30 21:04:48.314360,1
TXN102673,CUST6513,38490.31,NETBANKING,SUCCESS,,2026-08-24 06:52:48.314360,1
TXN102674,CUST4553,28522.96,NETBANKING,SUCCESS,,2026-08-12 23:03:48.314360,0
TXN102675,CUST1359,12599.6,WALLET,FAILED,NETWORK_ERROR,2026-08-11 08:50:48.314360,1
TXN102676,CUST4780,38534.7,UPI,FAILED,NETWORK_ERROR,2026-08-06 01:32:48.314360,0
TXN102677,CUST2481,14611.3,UPI,FAILED,NETWORK_ERROR,2026-08-12 10:20:48.314360,2
TXN102678,CUST4256,42675.82,NETBANKING,SUCCESS,,2026-07-31 16:32:48.314360,2
TXN102679,CUST9241,11424.84,CARD,SUCCESS,,2026-08-26 06:29:48.314360,1
TXN102680,CUST9837,36394.01,CARD,SUCCESS,,2026-08-01 21:11:48.314360,1
TXN102681,CUST2117,31111.05,WALLET,SUCCESS,,2026-08-22 12:13:48.314360,0
TXN102682,CUST7610,22027.47,WALLET,SUCCESS,,2026-08-08 07:45:48.314360,2
TXN102683,CUST8664,18227.92,NETBANKING,SUCCESS,,2026-08-05 16:05:48.314360,0
TXN102684,CUST4669,48772.46,NETBANKING,FAILED,INSUFFICIENT_FUNDS,2026-08-27 23:14:48.314360,3
TXN102685,CUST5733,14428.53,NETBANKING,SUCCESS,,2026-08-23 22:19:48.314360,2
TXN102686,CUST6828,20601.91,CARD,SUCCESS,,2026-08-02 12:51:48.314360,3
TXN102687,CUST7192,45308.71,WALLET,SUCCESS,,2026-07-29 23:06:48.314360,3
TXN102688,CUST9421,46582.89,UPI,SUCCESS,,2026-08-02 01:06:48.314360,2
TXN102689,CUST9139,9986.96,CARD,SUCCESS,,2026-08-16 19:10:48.314360,0
TXN102690,CUST9778,461.01,CARD,SUCCESS,,2026-08-22 23:53:48.314360,0
TXN102691,CUST5366,17961.24,UPI,SUCCESS,,2026-08-20 03:58:48.314360,0
TXN102692,CUST1329,27988.85,UPI,SUCCESS,,2026-08-24 17:59:48.314360,1
TXN102693,CUST6787,21029.86,CARD,SUCCESS,,2026-08-09 09:05:48.314360,0
TXN102694,CUST4634,4693.85,CARD,SUCCESS,,2026-08-02 21:03:48.314360,0
TXN102695,CUST7670,27864.25,WALLET,SUCCESS,,2026-08-13 06:13:48.314360,3
TXN102696,CUST7702,45116.92,NETBANKING,SUCCESS,,2026-08-02 10:05:48.314360,2
TXN102697,CUST5881,47664.91,WALLET,SUCCESS,,2026-08-04 13:14:48.314360,3
TXN102698,CUST6273,26915.54,UPI,SUCCESS,,2026-08-13 16:53:48.314360,1
TXN102699,CUST7255,16876.86,CARD,SUCCESS,,2026-08-22 16:33:48.314360,2
TXN102700,CUST7822,32176.93,UPI,FAILED,TIMEOUT,2026-08-26 18:04:48.314360,2
TXN102701,CUST2975,41645.92,CARD,SUCCESS,,2026-08-06 11:00:48.314360,1
TXN102702,CUST7445,31921.25,WALLET,SUCCESS,,2026-07-31 13:00:48.314360,0
TXN102703,CUST3169,31309.78,WALLET,SUCCESS,,2026-08-26 11:04:48.314360,0
TXN102704,CUST7203,29241.27,CARD,SUCCESS,,2026-08-13 09:44:48.314360,0
TXN102705,CUST5199,39422.59,WALLET,SUCCESS,,2026-08-12 18:31:48.314360,0
TXN102706,CUST4327,44348.29,NETBANKING,FAILED,BANK_DECLINE,2026-08-17 00:13:48.314360,3
TXN102707,CUST3596,19033.43,NETBANKING,FAILED,INSUFFICIENT_FUNDS,2026-08-25 23:47:48.314360,3
TXN102708,CUST7482,2667.36,WALLET,SUCCESS,,2026-08-05 22:09:48.314360,2
TXN102709,CUST8268,37588.85,CARD,FAILED,NETWORK_ERROR,2026-07-30 06:26:48.314360,1
TXN102710,CUST3498,5195.9,WALLET,SUCCESS,,2026-08-12 07:39:48.314360,3
TXN102711,CUST9221,8494.56,CARD,FAILED,BANK_DECLINE,2026-08-28 04:17:48.314360,2
TXN102712,CUST2077,5839.85,CARD,SUCCESS,,2026-07-30 13:35:48.314360,1
TXN102713,CUST1317,34433.74,CARD,SUCCESS,,2026-08-27 00:06:48.314360,1
TXN102714,CUST9104,17548.97,NETBANKING,SUCCESS,,2026-08-08 13:56:48.314360,2
TXN102715,CUST3794,24133.08,CARD,SUCCESS,,2026-08-10 11:53:48.314360,3
TXN102716,CUST5633,38234.01,NETBANKING,SUCCESS,,2026-07-29 21:25:48.314360,0
TXN102717,CUST3111,31174.56,UPI,SUCCESS,,2026-08-07 11:27:48.314360,3
TXN102718,CUST8543,27885.53,UPI,SUCCESS,,2026-08-04 16:43:48.314360,3
TXN102719,CUST1000,28435.97,CARD,FAILED,INSUFFICIENT_FUNDS,2026-08-04 12:05:48.314360,0
TXN102720,CUST4268,46738.78,UPI,SUCCESS,,2026-08-28 09:08:48.314360,2
TXN102721,CUST2197,17474.75,UPI,SUCCESS,,2026-07-31 16:08:48.314360,3
TXN102722,CUST8430,7284.39,CARD,SUCCESS,,2026-08-03 07:33:48.314360,0
TXN102723,CUST3475,10810.86,WALLET,SUCCESS,,2026-08-11 11:01:48.314360,1
TXN102724,CUST5772,14315.08,WALLET,SUCCESS,,2026-08-09 11:48:48.314360,3
TXN102725,CUST9700,7000.3,UPI,SUCCESS,,2026-08-20 09:02:48.314360,2
TXN102726,CUST1556,32902.83,NETBANKING,SUCCESS,,2026-08-11 07:31:48.314360,0
TXN102727,CUST8076,37590.41,UPI,SUCCESS,,2026-08-09 10:13:48.314360,1
TXN102728,CUST6259,34950.09,CARD,SUCCESS,,2026-08-01 18:55:48.314360,1
TXN102729,CUST9014,13459.55,WALLET,SUCCESS,,2026-08-17 09:38:48.314360,2
TXN102730,CUST6782,12701.86,UPI,SUCCESS,,2026-08-17 11:27:48.314360,3
TXN102731,CUST2685,44081.46,UPI,SUCCESS,,2026-07-31 12:34:48.314360,2
TXN102732,CUST2126,25563.53,NETBANKING,SUCCESS,,2026-08-05 01:14:48.314360,3
TXN102733,CUST8298,364.12,CARD,SUCCESS,,2026-08-11 07:46:48.314360,2
TXN102734,CUST6953,37167.52,UPI,SUCCESS,,2026-08-19 18:41:48.314360,3
TXN102735,CUST3615,17819.92,CARD,FAILED,BANK_DECLINE,2026-08-20 00:12:48.314360,1
TXN102736,CUST2043,32267.91,WALLET,SUCCESS,,2026-08-27 07:19:48.314360,2
TXN102737,CUST4751,44373.01,CARD,SUCCESS,,2026-08-12 17:43:48.314360,2
TXN102738,CUST1103,28661.8,WALLET,SUCCESS,,2026-08-18 02:43:48.314360,2
TXN102739,CUST7266,29976.72,NETBANKING,SUCCESS,,2026-08-11 01:36:48.314360,0
TXN102740,CUST9297,22204.3,UPI,SUCCESS,,2026-08-08 12:28:48.314360,2
TXN102741,CUST1950,5989.13,UPI,SUCCESS,,2026-08-22 20:54:48.314360,1
TXN102742,CUST7104,19310.22,UPI,FAILED,INSUFFICIENT_FUNDS,2026-07-31 13:04:48.314360,2
TXN102743,CUST6675,36968.3,CARD,SUCCESS,,2026-08-20 00:03:48.314360,2
TXN102744,CUST4474,19873.95,NETBANKING,SUCCESS,,2026-08-11 02:14:48.314360,2
TXN102745,CUST5911,24532.77,UPI,FAILED,NETWORK_ERROR,2026-08-10 10:09:48.314360,2
TXN102746,CUST7671,28685.74,WALLET,SUCCESS,,2026-08-16 07:17:48.314360,0
TXN102747,CUST2734,30363.85,CARD,SUCCESS,,2026-07-31 18:29:48.314360,2
TXN102748,CUST7298,10224.01,NETBANKING,SUCCESS,,2026-08-06 09:27:48.314360,3
TXN102749,CUST7726,22346.29,UPI,FAILED,NETWORK_ERROR,2026-08-25 17:36:48.314360,2
TXN102750,CUST1833,42510.21,UPI,FAILED,LIMIT_EXCEEDED,2026-08-16 19:54:48.314360,1
TXN102751,CUST1524,24989.4,CARD,SUCCESS,,2026-08-28 02:17:48.314360,1
TXN102752,CUST7746,36963.98,NETBANKING,SUCCESS,,2026-08-27 14:48:48.314360,0
TXN102753,CUST5937,31203.67,WALLET,SUCCESS,,2026-08-10 08:58:48.314360,0
TXN102754,CUST7047,36839.8,CARD,SUCCESS,,2026-08-27 17:16:48.314360,1
TXN102755,CUST2944,7525.43,UPI,SUCCESS,,2026-08-16 05:33:48.314360,0
TXN102756,CUST6899,29831.21,UPI,SUCCESS,,2026-08-20 16:39:48.314360,0
TXN102757,CUST3996,8633.86,WALLET,SUCCESS,,2026-08-09 10:51:48.314360,2
TXN102758,CUST6752,30477.17,UPI,SUCCESS,,2026-08-02 01:21:48.314360,2
TXN102759,CUST3304,46843.52,WALLET,SUCCESS,,2026-08-07 00:17:48.314360,2
TXN102760,CUST2849,14831.47,CARD,SUCCESS,,2026-08-21 06:24:48.314360,0
TXN102761,CUST6410,17077.93,CARD,SUCCESS,,2026-08-05 01:53:48.314360,3
TXN102762,CUST7742,38414.23,NETBANKING,SUCCESS,,2026-08-23 16:03:48.314360,3
TXN102763,CUST7242,18365.74,CARD,SUCCESS,,2026-08-12 23:50:48.314360,3
TXN102764,CUST3219,11311.29,WALLET,SUCCESS,,2026-08-12 11:47:48.314360,2
TXN102765,CUST6235,12561.7,NETBANKING,SUCCESS,,2026-08-02 02:11:48.314360,0
TXN102766,CUST8394,5188.06,UPI,SUCCESS,,2026-08-06 13:10:48.314360,1
TXN102767,CUST6432,15091.34,NETBANKING,FAILED,NETWORK_ERROR,2026-08-02 12:08:48.314360,2
TXN102768,CUST1557,45340.03,WALLET,FAILED,LIMIT_EXCEEDED,2026-07-31 07:12:48.314360,1
TXN102769,CUST2797,10331.96,WALLET,SUCCESS,,2026-08-17 02:23:48.314360,3
TXN102770,CUST8837,40633.12,NETBANKING,SUCCESS,,2026-08-18 12:38:48.314360,1
TXN102771,CUST8858,33224.77,CARD,SUCCESS,,2026-08-24 08:47:48.314360,3
TXN102772,CUST4367,24770.16,WALLET,SUCCESS,,2026-08-07 19:10:48.314360,1
TXN102773,CUST7443,9551.1,WALLET,FAILED,INSUFFICIENT_FUNDS,2026-08-02 19:34:48.314360,0
TXN102774,CUST7529,41340.46,WALLET,SUCCESS,,2026-08-14 09:37:48.314360,0
TXN102775,CUST2172,36733.63,UPI,FAILED,TIMEOUT,2026-08-14 07:26:48.314360,0
TXN102776,CUST4835,21264.77,CARD,SUCCESS,,2026-08-21 04:44:48.314360,0
TXN102777,CUST1011,40315.94,UPI,SUCCESS,,2026-08-28 04:55:48.314360,1
TXN102778,CUST1913,38347.67,CARD,SUCCESS,,2026-08-07 05:33:48.314360,1
TXN102779,CUST8516,24166.28,NETBANKING,SUCCESS,,2026-07-31 00:15:48.314360,0
TXN102780,CUST2450,23754.64,CARD,SUCCESS,,2026-08-15 17:56:48.314360,2
TXN102781,CUST2646,48156.14,NETBANKING,FAILED,TIMEOUT,2026-08-25 01:47:48.314360,2
TXN102782,CUST1720,11570.97,UPI,SUCCESS,,2026-08-06 07:03:48.314360,0
TXN102783,CUST8354,4219.8,WALLET,SUCCESS,,2026-08-09 21:54:48.314360,0
TXN102784,CUST8962,37921.95,CARD,FAILED,BANK_DECLINE,2026-08-20 22:32:48.314360,1
TXN102785,CUST2003,10798.62,NETBANKING,SUCCESS,,2026-08-03 08:16:48.314360,2
TXN102786,CUST9331,45675.23,WALLET,SUCCESS,,2026-08-22 16:00:48.314360,0
TXN102787,CUST8429,33764.37,WALLET,SUCCESS,,2026-08-25 18:10:48.314360,1
TXN102788,CUST3021,49100.14,CARD,SUCCESS,,2026-08-09 08:35:48.314360,1
TXN102789,CUST1581,5888.76,CARD,SUCCESS,,2026-08-19 23:17:48.314360,3
TXN102790,CUST4187,1031.64,WALLET,SUCCESS,,2026-08-11 16:49:48.314360,3
TXN102791,CUST5266,34672.64,UPI,SUCCESS,,2026-08-16 10:47:48.314360,2
TXN102792,CUST1310,423.06,CARD,SUCCESS,,2026-08-21 18:40:48.314360,1
TXN102793,CUST9635,24678.32,NETBANKING,SUCCESS,,2026-08-03 08:59:48.314360,3
TXN102794,CUST6837,17615.39,WALLET,SUCCESS,,2026-08-22 22:35:48.314360,1
TXN102795,CUST3621,14941.93,CARD,FAILED,INSUFFICIENT_FUNDS,2026-08-02 04:58:48.314360,2
TXN102796,CUST7035,227.08,NETBANKING,FAILED,TIMEOUT,2026-08-18 04:11:48.314360,0
TXN102797,CUST2201,3875.1,WALLET,SUCCESS,,2026-07-30 10:05:48.314360,3
TXN102798,CUST5047,20232.4,CARD,SUCCESS,,2026-08-21 03:55:48.314360,3
TXN102799,CUST5714,22528.76,WALLET,SUCCESS,,2026-08-22 23:23:48.314360,1
TXN102800,CUST2369,31472.64,WALLET,SUCCESS,,2026-08-27 02:46:48.314360,1
TXN102801,CUST5468,37089.27,CARD,SUCCESS,,2026-08-22 23:59:48.314360,1
TXN102802,CUST7567,46203.26,UPI,SUCCESS,,2026-08-07 12:11:48.314360,0
TXN102803,CUST1371,38382.81,UPI,SUCCESS,,2026-08-20 04:51:48.314360,0
TXN102804,CUST4001,475.65,WALLET,FAILED,TIMEOUT,2026-08-25 15:52:48.314360,0
TXN102805,CUST5080,4101.9,CARD,SUCCESS,,2026-08-24 01:51:48.314360,2
TXN102806,CUST1244,19918.7,WALLET,SUCCESS,,2026-08-27 22:19:48.314360,2
TXN102807,CUST2647,1515.22,WALLET,SUCCESS,,2026-08-27 14:48:48.314360,2
TXN102808,CUST1901,19138.36,CARD,SUCCESS,,2026-08-27 11:44:48.314360,2
TXN102809,CUST9064,18244.16,UPI,SUCCESS,,2026-08-23 11:35:48.314360,1
TXN102810,CUST4046,33564.01,NETBANKING,SUCCESS,,2026-08-24 17:38:48.314360,0
TXN102811,CUST7848,21155.35,NETBANKING,SUCCESS,,2026-08-26 08:54:48.314360,3
TXN102812,CUST6305,22075.27,NETBANKING,FAILED,NETWORK_ERROR,2026-07-31 17:13:48.314360,0
TXN102813,CUST6467,7891.79,CARD,SUCCESS,,2026-07-30 18:00:48.314360,1
TXN102814,CUST8453,9125.89,WALLET,SUCCESS,,2026-08-08 20:11:48.314360,1
TXN102815,CUST8757,5449.78,CARD,FAILED,INSUFFICIENT_FUNDS,2026-08-22 19:08:48.314360,2
TXN102816,CUST4079,447.79,UPI,SUCCESS,,2026-08-26 05:48:48.314360,3
TXN102817,CUST6656,36739.43,CARD,SUCCESS,,2026-07-30 09:58:48.314360,2
TXN102818,CUST1570,48446.05,NETBANKING,SUCCESS,,2026-08-19 13:35:48.314360,0
TXN102819,CUST5681,24439.22,CARD,SUCCESS,,2026-07-31 07:53:48.314360,1
TXN102820,CUST3169,49768.08,UPI,FAILED,INSUFFICIENT_FUNDS,2026-08-17 22:47:48.314360,2
TXN102821,CUST9386,5175.3,WALLET,FAILED,INSUFFICIENT_FUNDS,2026-08-01 20:58:48.314360,0
TXN102822,CUST6953,35482.98,UPI,SUCCESS,,2026-08-09 02:16:48.314360,1
TXN102823,CUST3359,16791.11,NETBANKING,SUCCESS,,2026-08-27 02:00:48.314360,0
TXN102824,CUST5992,46887.23,CARD,SUCCESS,,2026-08-02 08:27:48.314360,1
TXN102825,CUST2812,44614.35,UPI,SUCCESS,,2026-08-26 15:17:48.314360,3
TXN102826,CUST1444,39940.3,UPI,SUCCESS,,2026-08-07 14:52:48.314360,3
TXN102827,CUST4457,40910.99,CARD,SUCCESS,,2026-08-04 01:40:48.314360,3
TXN102828,CUST2843,38156.87,WALLET,SUCCESS,,2026-08-18 05:16:48.314360,1
TXN102829,CUST3254,17302.64,UPI,SUCCESS,,2026-08-13 22:19:48.314360,3
TXN102830,CUST5536,30583.0,WALLET,SUCCESS,,2026-08-17 07:30:48.314360,1
TXN102831,CUST4658,7773.61,UPI,FAILED,INSUFFICIENT_FUNDS,2026-08-22 17:33:48.314360,1
TXN102832,CUST2002,31251.85,WALLET,SUCCESS,,2026-08-24 18:09:48.314360,2
TXN102833,CUST1106,35407.5,UPI,SUCCESS,,2026-07-30 18:03:48.314360,2
TXN102834,CUST8033,39323.41,CARD,SUCCESS,,2026-08-18 21:37:48.314360,2
TXN102835,CUST8365,42309.49,NETBANKING,SUCCESS,,2026-07-30 02:49:48.314360,1
TXN102836,CUST3213,32350.93,CARD,FAILED,TIMEOUT,2026-08-08 21:26:48.314360,0
TXN102837,CUST2352,20284.66,WALLET,SUCCESS,,2026-08-12 23:28:48.314360,3
TXN102838,CUST3776,8932.79,UPI,SUCCESS,,2026-08-25 22:12:48.314360,0
TXN102839,CUST4466,27040.73,UPI,SUCCESS,,2026-08-17 20:28:48.314360,2
TXN102840,CUST2058,27474.04,CARD,SUCCESS,,2026-08-15 23:10:48.314360,3
TXN102841,CUST5714,5221.99,WALLET,SUCCESS,,2026-08-06 10:52:48.314360,3
TXN102842,CUST2122,48888.19,CARD,SUCCESS,,2026-08-03 18:23:48.314360,2
TXN102843,CUST2658,30369.98,NETBANKING,SUCCESS,,2026-08-14 15:14:48.314360,2
TXN102844,CUST5592,24900.22,UPI,SUCCESS,,2026-08-25 18:16:48.314360,0
TXN102845,CUST4259,17381.41,WALLET,FAILED,BANK_DECLINE,2026-08-14 17:32:48.314360,1
TXN102846,CUST5601,16738.9,WALLET,SUCCESS,,2026-08-02 03:07:48.314360,1
TXN102847,CUST4597,2634.29,CARD,SUCCESS,,2026-08-05 13:36:48.314360,1
TXN102848,CUST6781,18990.94,CARD,FAILED,TIMEOUT,2026-08-13 05:46:48.314360,1
TXN102849,CUST6857,1814.51,CARD,SUCCESS,,2026-08-20 20:04:48.314360,0
TXN102850,CUST1511,41075.83,UPI,SUCCESS,,2026-08-01 09:42:48.314360,3
TXN102851,CUST3005,24319.49,NETBANKING,FAILED,BANK_DECLINE,2026-08-15 14:28:48.314360,3
TXN102852,CUST8609,38962.6,NETBANKING,SUCCESS,,2026-08-26 09:57:48.314360,2
TXN102853,CUST7042,27636.41,WALLET,FAILED,BANK_DECLINE,2026-08-23 12:50:48.314360,3
TXN102854,CUST7534,35270.29,UPI,SUCCESS,,2026-08-24 16:07:48.314360,0
TXN102855,CUST1204,1051.5,CARD,SUCCESS,,2026-08-22 08:53:48.314360,2
TXN102856,CUST2122,10420.74,UPI,SUCCESS,,2026-07-30 07:54:48.314360,2
TXN102857,CUST1176,38086.86,CARD,SUCCESS,,2026-08-02 12:26:48.314360,1
TXN102858,CUST7971,21295.33,NETBANKING,SUCCESS,,2026-08-15 09:14:48.314360,0
TXN102859,CUST9033,12747.67,WALLET,SUCCESS,,2026-08-20 10:37:48.314360,0
TXN102860,CUST1545,37487.32,NETBANKING,SUCCESS,,2026-08-11 22:08:48.314360,0
TXN102861,CUST3407,46544.71,CARD,SUCCESS,,2026-08-18 13:31:48.314360,3
TXN102862,CUST1375,37472.69,NETBANKING,FAILED,BANK_DECLINE,2026-08-13 13:54:48.314360,0
TXN102863,CUST5049,19501.12,CARD,SUCCESS,,2026-08-19 20:35:48.314360,0
TXN102864,CUST5041,42962.71,WALLET,SUCCESS,,2026-08-02 06:30:48.314360,0
TXN102865,CUST2454,327.27,WALLET,SUCCESS,,2026-08-28 20:25:48.314360,2
TXN102866,CUST8466,10015.88,CARD,SUCCESS,,2026-08-13 01:35:48.314360,2
TXN102867,CUST5812,31166.92,UPI,SUCCESS,,2026-08-03 16:14:48.314360,3
TXN102868,CUST1138,48918.45,NETBANKING,SUCCESS,,2026-08-20 12:41:48.314360,0
TXN102869,CUST3958,7089.86,NETBANKING,SUCCESS,,2026-08-19 01:17:48.314360,0
TXN102870,CUST4750,46835.09,UPI,SUCCESS,,2026-08-09 18:11:48.314360,3
TXN102871,CUST6203,1288.08,CARD,SUCCESS,,2026-08-12 05:56:48.314360,1
TXN102872,CUST9640,20882.02,NETBANKING,FAILED,BANK_DECLINE,2026-08-05 01:24:48.314360,3
TXN102873,CUST4563,24400.8,CARD,SUCCESS,,2026-08-18 16:14:48.314360,0
TXN102874,CUST4325,38745.44,UPI,SUCCESS,,2026-08-04 18:14:48.314360,3
TXN102875,CUST8812,45305.1,WALLET,FAILED,BANK_DECLINE,2026-08-24 15:12:48.314360,1
TXN102876,CUST8696,12568.21,WALLET,SUCCESS,,2026-08-23 01:31:48.314360,3
TXN102877,CUST2397,21172.56,WALLET,SUCCESS,,2026-08-27 18:39:48.314360,2
TXN102878,CUST5802,2459.89,NETBANKING,SUCCESS,,2026-08-25 23:45:48.314360,0
TXN102879,CUST8680,40232.65,UPI,SUCCESS,,2026-07-31 00:38:48.314360,2
TXN102880,CUST9509,40510.96,WALLET,SUCCESS,,2026-08-18 16:38:48.314360,2
TXN102881,CUST8131,46259.18,NETBANKING,SUCCESS,,2026-08-01 06:53:48.314360,2
TXN102882,CUST8779,39425.79,NETBANKING,SUCCESS,,2026-08-17 08:53:48.314360,1
TXN102883,CUST7755,20716.48,NETBANKING,FAILED,NETWORK_ERROR,2026-08-17 05:06:48.314360,0
TXN102884,CUST8441,39603.05,CARD,SUCCESS,,2026-08-23 17:34:48.314360,2
TXN102885,CUST3872,13703.24,CARD,SUCCESS,,2026-08-19 04:12:48.314360,1
TXN102886,CUST1321,29540.5,WALLET,FAILED,TIMEOUT,2026-08-22 10:59:48.314360,0
TXN102887,CUST3257,14261.25,CARD,SUCCESS,,2026-08-16 07:25:48.314360,0
TXN102888,CUST5739,37549.64,UPI,SUCCESS,,2026-08-10 22:24:48.314360,2
TXN102889,CUST6444,15662.78,NETBANKING,SUCCESS,,2026-08-07 10:49:48.314360,0
TXN102890,CUST1907,1187.91,WALLET,SUCCESS,,2026-08-18 23:35:48.314360,2
TXN102891,CUST8336,4562.38,NETBANKING,SUCCESS,,2026-08-17 03:52:48.314360,2
TXN102892,CUST9866,9881.19,UPI,SUCCESS,,2026-08-13 18:56:48.314360,2
TXN102893,CUST5236,4074.62,WALLET,SUCCESS,,2026-08-16 18:50:48.314360,0
TXN102894,CUST4937,3996.71,UPI,SUCCESS,,2026-08-12 19:41:48.314360,1
TXN102895,CUST4965,33802.24,NETBANKING,SUCCESS,,2026-08-03 23:16:48.314360,1
TXN102896,CUST9073,24163.01,CARD,SUCCESS,,2026-08-10 06:36:48.314360,0
TXN102897,CUST3858,38535.66,UPI,FAILED,INSUFFICIENT_FUNDS,2026-08-11 05:12:48.314360,1
TXN102898,CUST4221,28118.69,WALLET,SUCCESS,,2026-08-28 04:17:48.314360,1
TXN102899,CUST2007,2910.25,UPI,SUCCESS,,2026-08-06 05:36:48.314360,1
TXN102900,CUST2578,48153.84,NETBANKING,SUCCESS,,2026-08-13 04:31:48.314360,3
TXN102901,CUST6608,17002.79,NETBANKING,FAILED,NETWORK_ERROR,2026-08-13 20:12:48.314360,3
TXN102902,CUST8793,136.57,NETBANKING,FAILED,TIMEOUT,2026-08-27 03:49:48.314360,2
TXN102903,CUST1935,28966.47,WALLET,SUCCESS,,2026-08-20 05:43:48.314360,0
TXN102904,CUST5361,40205.48,WALLET,SUCCESS,,2026-08-20 07:26:48.314360,1
TXN102905,CUST6693,14890.98,UPI,SUCCESS,,2026-08-26 12:22:48.314360,2
TXN102906,CUST7133,25472.8,UPI,SUCCESS,,2026-08-04 09:56:48.314360,0
TXN102907,CUST4642,21680.05,CARD,SUCCESS,,2026-08-18 15:41:48.314360,2
TXN102908,CUST6901,13394.59,NETBANKING,FAILED,INSUFFICIENT_FUNDS,2026-08-02 16:56:48.314360,2
TXN102909,CUST4364,40151.64,NETBANKING,SUCCESS,,2026-08-25 16:31:48.314360,2
TXN102910,CUST3309,48796.12,WALLET,SUCCESS,,2026-08-03 09:53:48.314360,0
TXN102911,CUST9343,43204.13,UPI,SUCCESS,,2026-08-27 05:59:48.314360,3
TXN102912,CUST9974,20678.08,WALLET,SUCCESS,,2026-08-10 12:09:48.314360,3
TXN102913,CUST1969,39177.53,CARD,SUCCESS,,2026-08-09 10:06:48.314360,0
TXN102914,CUST2555,3447.94,NETBANKING,SUCCESS,,2026-08-28 18:26:48.314360,3
TXN102915,CUST9941,47297.89,UPI,SUCCESS,,2026-08-20 08:43:48.314360,3
TXN102916,CUST1800,2866.59,WALLET,SUCCESS,,2026-08-22 15:53:48.314360,3
TXN102917,CUST8497,49073.53,WALLET,FAILED,LIMIT_EXCEEDED,2026-08-20 22:03:48.314360,3
TXN102918,CUST7270,27716.22,UPI,SUCCESS,,2026-08-28 15:38:48.314360,1
TXN102919,CUST9678,35167.09,WALLET,SUCCESS,,2026-08-10 09:11:48.314360,2
TXN102920,CUST6394,39055.88,WALLET,SUCCESS,,2026-08-23 19:22:48.314360,0
TXN102921,CUST3131,2229.76,UPI,SUCCESS,,2026-08-28 16:56:48.314360,3
TXN102922,CUST1792,28388.04,NETBANKING,SUCCESS,,2026-08-14 13:12:48.314360,2
TXN102923,CUST1068,9555.32,UPI,FAILED,NETWORK_ERROR,2026-08-02 01:32:48.314360,2
TXN102924,CUST6384,26779.71,CARD,SUCCESS,,2026-08-11 20:33:48.314360,3
TXN102925,CUST8529,8786.57,UPI,SUCCESS,,2026-08-11 05:01:48.314360,2
TXN102926,CUST5555,7877.98,UPI,SUCCESS,,2026-08-18 22:48:48.314360,2
TXN102927,CUST3396,13841.03,UPI,SUCCESS,,2026-08-06 06:23:48.314360,2
TXN102928,CUST9970,9619.58,UPI,SUCCESS,,2026-08-22 08:01:48.314360,0
TXN102929,CUST6895,9383.69,UPI,SUCCESS,,2026-08-20 12:15:48.314360,2
TXN102930,CUST3620,34242.36,UPI,FAILED,LIMIT_EXCEEDED,2026-08-03 18:58:48.314360,1
TXN102931,CUST3906,1977.97,NETBANKING,SUCCESS,,2026-07-31 07:03:48.314360,1
TXN102932,CUST3954,36148.98,NETBANKING,SUCCESS,,2026-08-09 10:01:48.314360,2
TXN102933,CUST7077,22111.94,UPI,SUCCESS,,2026-08-09 20:52:48.314360,0
TXN102934,CUST4004,33562.2,WALLET,SUCCESS,,2026-08-16 04:29:48.314360,2
TXN102935,CUST5891,6516.07,WALLET,SUCCESS,,2026-08-16 08:08:48.314360,3
TXN102936,CUST8577,27383.62,WALLET,SUCCESS,,2026-08-11 04:52:48.314360,2
TXN102937,CUST9487,15661.35,UPI,FAILED,BANK_DECLINE,2026-08-19 17:02:48.314360,1
TXN102938,CUST5576,45763.59,NETBANKING,SUCCESS,,2026-08-04 16:39:48.314360,2
TXN102939,CUST1850,41141.61,UPI,SUCCESS,,2026-08-12 22:32:48.314360,3
TXN102940,CUST8706,45603.5,UPI,SUCCESS,,2026-08-18 10:49:48.314360,0
TXN102941,CUST3308,46145.06,UPI,SUCCESS,,2026-08-19 04:55:48.314360,2
TXN102942,CUST1566,40323.75,CARD,SUCCESS,,2026-08-07 16:50:48.314360,3
TXN102943,CUST5726,7061.34,CARD,SUCCESS,,2026-08-17 01:02:48.314360,3
TXN102944,CUST4109,46494.53,UPI,FAILED,NETWORK_ERROR,2026-08-04 03:37:48.314360,0
TXN102945,CUST9197,24806.49,NETBANKING,SUCCESS,,2026-08-22 18:15:48.314360,1
TXN102946,CUST3196,16492.87,CARD,SUCCESS,,2026-08-15 10:31:48.314360,3
TXN102947,CUST3761,49006.07,UPI,SUCCESS,,2026-08-20 07:50:48.314360,0
TXN102948,CUST3790,15549.98,UPI,FAILED,TIMEOUT,2026-08-18 10:52:48.314360,2
TXN102949,CUST8451,43514.86,CARD,FAILED,INSUFFICIENT_FUNDS,2026-07-30 00:53:48.314360,2
TXN102950,CUST7062,1242.59,NETBANKING,FAILED,LIMIT_EXCEEDED,2026-08-11 16:12:48.314360,2
TXN102951,CUST2977,18157.64,UPI,SUCCESS,,2026-08-08 11:02:48.314360,2
TXN102952,CUST7245,14976.68,NETBANKING,FAILED,TIMEOUT,2026-08-17 17:11:48.314360,2
TXN102953,CUST5391,45000.12,UPI,SUCCESS,,2026-08-02 11:53:48.314360,2
TXN102954,CUST4392,5989.89,UPI,SUCCESS,,2026-08-26 11:32:48.314360,1
TXN102955,CUST6506,48810.7,WALLET,SUCCESS,,2026-07-30 01:56:48.314360,2
TXN102956,CUST3733,27571.8,CARD,SUCCESS,,2026-08-03 10:21:48.314360,2
TXN102957,CUST8206,26805.67,NETBANKING,SUCCESS,,2026-08-22 13:31:48.314360,2
TXN102958,CUST1592,18344.11,NETBANKING,SUCCESS,,2026-08-16 03:27:48.314360,3
TXN102959,CUST6691,37640.6,NETBANKING,SUCCESS,,2026-08-02 19:48:48.314360,3
TXN102960,CUST6599,42294.42,UPI,FAILED,TIMEOUT,2026-08-15 09:23:48.314360,0
TXN102961,CUST4010,1452.47,UPI,SUCCESS,,2026-08-13 17:40:48.314360,2
TXN102962,CUST4334,39181.49,UPI,SUCCESS,,2026-08-06 03:05:48.314360,0
TXN102963,CUST3591,23325.03,UPI,FAILED,BANK_DECLINE,2026-08-18 16:26:48.314360,1
TXN102964,CUST6531,48114.23,NETBANKING,SUCCESS,,2026-08-21 15:48:48.314360,1
TXN102965,CUST6919,17054.09,CARD,SUCCESS,,2026-08-26 20:54:48.314360,3
TXN102966,CUST5576,43464.11,WALLET,SUCCESS,,2026-08-09 17:52:48.314360,0
TXN102967,CUST1778,37223.93,CARD,SUCCESS,,2026-08-26 19:42:48.314360,2
TXN102968,CUST4336,28206.35,UPI,SUCCESS,,2026-08-03 19:19:48.314360,3
TXN102969,CUST4146,27654.68,WALLET,SUCCESS,,2026-08-04 11:08:48.314360,1
TXN102970,CUST8544,13501.52,UPI,SUCCESS,,2026-08-21 11:40:48.314360,0
TXN102971,CUST3354,49937.28,WALLET,SUCCESS,,2026-08-02 16:18:48.314360,2
TXN102972,CUST4071,572.41,UPI,SUCCESS,,2026-08-28 12:09:48.314360,3
TXN102973,CUST7934,46714.21,WALLET,SUCCESS,,2026-08-05 21:53:48.314360,2
TXN102974,CUST2371,26124.79,NETBANKING,SUCCESS,,2026-08-24 16:50:48.314360,0
TXN102975,CUST2845,32400.43,NETBANKING,SUCCESS,,2026-08-14 07:40:48.314360,0
TXN102976,CUST3591,4634.1,WALLET,SUCCESS,,2026-08-21 10:41:48.314360,1
TXN102977,CUST5143,46920.48,CARD,SUCCESS,,2026-08-11 04:11:48.314360,3
TXN102978,CUST7019,10192.64,NETBANKING,SUCCESS,,2026-08-03 07:43:48.314360,3
TXN102979,CUST3341,21947.13,NETBANKING,SUCCESS,,2026-08-22 03:11:48.314360,2
TXN102980,CUST7835,30346.07,UPI,SUCCESS,,2026-07-29 22:07:48.314360,0
TXN102981,CUST9434,30985.88,CARD,SUCCESS,,2026-08-14 22:54:48.314360,3
TXN102982,CUST5135,4735.23,WALLET,SUCCESS,,2026-08-22 17:57:48.314360,0
TXN102983,CUST3948,24284.47,CARD,SUCCESS,,2026-08-09 00:21:48.314360,3
TXN102984,CUST9460,25741.64,WALLET,SUCCESS,,2026-08-04 11:37:48.314360,1
TXN102985,CUST2125,24336.38,UPI,SUCCESS,,2026-08-07 16:45:48.314360,1
TXN102986,CUST5147,49599.61,NETBANKING,SUCCESS,,2026-07-29 23:20:48.314360,0
TXN102987,CUST8245,32459.29,NETBANKING,SUCCESS,,2026-08-07 07:51:48.314360,1
TXN102988,CUST8349,29071.98,WALLET,SUCCESS,,2026-08-05 02:21:48.314360,2
TXN102989,CUST8725,17279.54,UPI,SUCCESS,,2026-08-01 22:45:48.314360,0
TXN102990,CUST2852,7045.65,WALLET,SUCCESS,,2026-08-23 22:02:48.314360,0
TXN102991,CUST3588,12817.1,CARD,SUCCESS,,2026-08-15 00:30:48.314360,0
TXN102992,CUST3091,15142.27,CARD,SUCCESS,,2026-08-01 16:04:48.314360,1
TXN102993,CUST9350,44586.1,UPI,SUCCESS,,2026-08-01 16:08:48.314360,2
TXN102994,CUST5850,24989.7,CARD,SUCCESS,,2026-08-03 15:04:48.314360,3
TXN102995,CUST9543,37137.63,CARD,SUCCESS,,2026-08-21 03:52:48.314360,3
TXN102996,CUST9340,22982.6,NETBANKING,SUCCESS,,2026-08-18 06:17:48.314360,0
TXN102997,CUST4685,20068.32,UPI,SUCCESS,,2026-07-30 11:04:48.314360,1
TXN102998,CUST2938,25450.39,UPI,FAILED,LIMIT_EXCEEDED,2026-08-20 11:38:48.314360,2
TXN102999,CUST3343,35611.15,CARD,SUCCESS,,2026-08-10 00:37:48.314360,0
TXN103000,CUST9092,14740.35,UPI,SUCCESS,,2026-08-21 09:21:48.314360,0
TXN103001,CUST8408,17949.76,UPI,SUCCESS,,2026-08-12 22:35:48.314360,3
TXN103002,CUST3234,1004.67,CARD,SUCCESS,,2026-08-24 10:20:48.314360,0
TXN103003,CUST5191,28024.3,UPI,SUCCESS,,2026-08-01 15:19:48.314360,2
TXN103004,CUST3596,18497.73,NETBANKING,SUCCESS,,2026-08-14 08:51:48.314360,0
TXN103005,CUST5780,31729.36,CARD,SUCCESS,,2026-08-06 10:35:48.314360,3
TXN103006,CUST1042,8587.58,WALLET,SUCCESS,,2026-08-13 02:00:48.314360,3
TXN103007,CUST5209,39213.14,UPI,SUCCESS,,2026-08-26 09:03:48.314360,2
TXN103008,CUST9940,48094.75,CARD,FAILED,BANK_DECLINE,2026-07-30 22:18:48.314360,3
TXN103009,CUST9077,7617.29,NETBANKING,FAILED,INSUFFICIENT_FUNDS,2026-08-24 08:58:48.314360,0
TXN103010,CUST7100,13192.28,NETBANKING,SUCCESS,,2026-08-28 01:28:48.314360,1
TXN103011,CUST6788,5533.49,NETBANKING,SUCCESS,,2026-08-09 23:10:48.314360,1
TXN103012,CUST7123,24622.61,WALLET,SUCCESS,,2026-08-04 11:10:48.314360,3
TXN103013,CUST1985,3918.04,CARD,FAILED,INSUFFICIENT_FUNDS,2026-08-06 07:30:48.314360,0
TXN103014,CUST7837,40298.5,WALLET,SUCCESS,,2026-08-03 14:31:48.314360,0
TXN103015,CUST5073,39729.76,NETBANKING,SUCCESS,,2026-08-03 08:42:48.314360,2
TXN103016,CUST7224,47360.39,CARD,FAILED,TIMEOUT,2026-08-11 15:55:48.314360,3
TXN103017,CUST5148,37034.38,UPI,SUCCESS,,2026-08-03 08:10:48.314360,3
TXN103018,CUST9751,40256.35,CARD,SUCCESS,,2026-08-06 20:15:48.314360,0
TXN103019,CUST7208,9780.22,CARD,SUCCESS,,2026-08-20 10:21:48.314360,2
TXN103020,CUST1110,47941.39,UPI,FAILED,LIMIT_EXCEEDED,2026-08-15 22:15:48.314360,0
TXN103021,CUST5573,1465.06,WALLET,FAILED,BANK_DECLINE,2026-08-22 10:56:48.314360,2
TXN103022,CUST3403,4270.87,NETBANKING,SUCCESS,,2026-08-24 20:40:48.314360,2
TXN103023,CUST7787,4274.13,UPI,SUCCESS,,2026-08-17 15:16:48.314360,0
TXN103024,CUST8846,42204.71,WALLET,FAILED,NETWORK_ERROR,2026-08-05 12:39:48.314360,0
TXN103025,CUST2038,16930.83,UPI,SUCCESS,,2026-08-07 11:17:48.314360,3
TXN103026,CUST9952,8638.38,WALLET,SUCCESS,,2026-08-23 00:28:48.314360,2
TXN103027,CUST4924,11252.11,UPI,FAILED,INSUFFICIENT_FUNDS,2026-08-07 23:52:48.314360,1
TXN103028,CUST1006,24527.16,CARD,SUCCESS,,2026-08-17 20:30:48.314360,3
TXN103029,CUST5081,46359.26,NETBANKING,SUCCESS,,2026-08-11 13:00:48.314360,2
TXN103030,CUST3980,29192.07,UPI,SUCCESS,,2026-08-10 08:18:48.314360,3
TXN103031,CUST2865,10734.38,CARD,SUCCESS,,2026-08-02 20:25:48.314360,2
TXN103032,CUST3011,16075.54,UPI,SUCCESS,,2026-08-05 07:04:48.314360,3
TXN103033,CUST2905,35019.27,UPI,SUCCESS,,2026-08-10 14:39:48.314360,0
TXN103034,CUST4815,18145.36,UPI,SUCCESS,,2026-08-22 01:13:48.314360,0
TXN103035,CUST1531,31890.24,CARD,SUCCESS,,2026-08-08 12:20:48.314360,0
TXN103036,CUST7454,46457.1,WALLET,SUCCESS,,2026-08-09 15:23:48.314360,3
TXN103037,CUST7438,47745.58,WALLET,SUCCESS,,2026-08-11 23:58:48.314360,0
TXN103038,CUST6951,44544.02,NETBANKING,SUCCESS,,2026-08-24 05:06:48.314360,2
TXN103039,CUST1005,8854.68,NETBANKING,SUCCESS,,2026-08-10 09:29:48.314360,2
TXN103040,CUST1638,49055.96,NETBANKING,SUCCESS,,2026-08-11 08:28:48.314360,3
TXN103041,CUST6974,31541.4,CARD,SUCCESS,,2026-08-24 02:26:48.314360,2
TXN103042,CUST8992,17238.03,UPI,SUCCESS,,2026-08-25 03:48:48.314360,3
TXN103043,CUST1508,37357.59,CARD,SUCCESS,,2026-07-30 14:32:48.314360,0
TXN103044,CUST7750,43607.64,NETBANKING,SUCCESS,,2026-08-16 12:33:48.314360,0
TXN103045,CUST2566,5620.08,WALLET,SUCCESS,,2026-08-07 17:06:48.314360,0
TXN103046,CUST6790,17604.48,WALLET,SUCCESS,,2026-08-05 19:53:48.314360,2
TXN103047,CUST6824,19733.69,UPI,SUCCESS,,2026-08-07 18:13:48.314360,2
TXN103048,CUST7908,44497.33,UPI,SUCCESS,,2026-08-12 11:15:48.314360,3
TXN103049,CUST2788,4748.15,UPI,SUCCESS,,2026-08-18 23:29:48.314360,1
TXN103050,CUST8036,35203.28,CARD,SUCCESS,,2026-08-14 21:36:48.314360,3
TXN103051,CUST4247,32781.0,CARD,SUCCESS,,2026-08-12 07:04:48.314360,0
TXN103052,CUST7464,3929.91,NETBANKING,SUCCESS,,2026-08-10 05:23:48.314360,1
TXN103053,CUST2663,32240.12,UPI,SUCCESS,,2026-07-31 04:47:48.314360,3
TXN103054,CUST6521,28287.66,UPI,SUCCESS,,2026-08-04 04:58:48.314360,0
TXN103055,CUST5066,512.1,WALLET,SUCCESS,,2026-08-08 10:49:48.314360,0
TXN103056,CUST5874,2469.1,CARD,SUCCESS,,2026-08-08 15:45:48.314360,0
TXN103057,CUST6067,22148.41,WALLET,SUCCESS,,2026-08-05 07:44:48.314360,0
TXN103058,CUST8078,11145.8,CARD,SUCCESS,,2026-08-03 10:13:48.314360,1
TXN103059,CUST5312,42237.46,UPI,SUCCESS,,2026-08-05 13:51:48.314360,3
TXN103060,CUST7353,27896.55,WALLET,SUCCESS,,2026-07-31 14:34:48.314360,2
TXN103061,CUST3987,34966.81,CARD,SUCCESS,,2026-08-08 18:20:48.314360,3
TXN103062,CUST3129,5475.07,WALLET,SUCCESS,,2026-08-19 18:24:48.314360,2
TXN103063,CUST4910,21083.4,CARD,SUCCESS,,2026-08-16 19:33:48.314360,0
TXN103064,CUST2927,6647.34,UPI,SUCCESS,,2026-08-07 03:16:48.314360,1
TXN103065,CUST9647,13666.13,NETBANKING,SUCCESS,,2026-08-09 05:45:48.314360,0
TXN103066,CUST8465,43088.93,UPI,SUCCESS,,2026-08-13 06:01:48.314360,0
TXN103067,CUST2460,39377.55,NETBANKING,SUCCESS,,2026-08-27 19:39:48.314360,2
TXN103068,CUST7626,39062.89,NETBANKING,SUCCESS,,2026-08-28 06:19:48.314360,3
TXN103069,CUST4863,16465.66,CARD,SUCCESS,,2026-08-03 04:29:48.314360,0
TXN103070,CUST7335,31666.45,NETBANKING,SUCCESS,,2026-08-15 23:58:48.314360,1
TXN103071,CUST6878,33694.59,NETBANKING,SUCCESS,,2026-08-22 01:39:48.314360,2
TXN103072,CUST5624,17201.01,NETBANKING,FAILED,NETWORK_ERROR,2026-08-05 02:26:48.314360,3
TXN103073,CUST9042,20672.7,UPI,SUCCESS,,2026-08-08 12:54:48.314360,2
TXN103074,CUST1685,49682.52,WALLET,SUCCESS,,2026-08-07 21:22:48.314360,3
TXN103075,CUST7622,18955.0,WALLET,SUCCESS,,2026-08-23 07:37:48.314360,1
TXN103076,CUST8708,29368.06,WALLET,FAILED,LIMIT_EXCEEDED,2026-08-21 20:31:48.314360,2
TXN103077,CUST7999,34754.42,WALLET,SUCCESS,,2026-08-23 16:06:48.314360,2
TXN103078,CUST4115,41336.81,CARD,SUCCESS,,2026-08-07 01:52:48.314360,3
TXN103079,CUST4705,26211.4,NETBANKING,FAILED,TIMEOUT,2026-08-27 20:11:48.314360,1
TXN103080,CUST8626,42978.2,WALLET,SUCCESS,,2026-08-05 21:36:48.314360,1
TXN103081,CUST2824,36480.08,CARD,SUCCESS,,2026-08-11 16:21:48.314360,3
TXN103082,CUST1799,10497.19,WALLET,SUCCESS,,2026-08-13 09:46:48.314360,0
TXN103083,CUST8019,20612.27,UPI,SUCCESS,,2026-08-04 20:12:48.314360,3
TXN103084,CUST4462,27721.35,CARD,FAILED,INSUFFICIENT_FUNDS,2026-08-09 00:40:48.314360,2
TXN103085,CUST9998,17644.02,WALLET,SUCCESS,,2026-08-04 08:23:48.314360,2
TXN103086,CUST2331,5365.68,WALLET,FAILED,BANK_DECLINE,2026-08-16 02:23:48.314360,0
TXN103087,CUST5161,35275.15,NETBANKING,SUCCESS,,2026-08-13 11:45:48.314360,1
TXN103088,CUST2953,32782.06,CARD,SUCCESS,,2026-08-26 04:47:48.314360,2
TXN103089,CUST2968,47579.91,WALLET,FAILED,LIMIT_EXCEEDED,2026-08-08 15:33:48.314360,3
TXN103090,CUST9589,46268.22,UPI,SUCCESS,,2026-08-23 11:41:48.314360,3
TXN103091,CUST3495,6636.94,WALLET,SUCCESS,,2026-08-11 11:13:48.314360,1
TXN103092,CUST4318,28950.62,WALLET,SUCCESS,,2026-08-10 12:05:48.314360,0
TXN103093,CUST3344,16238.5,UPI,SUCCESS,,2026-08-12 02:37:48.314360,3
TXN103094,CUST5587,44493.42,UPI,SUCCESS,,2026-07-31 21:47:48.314360,3
TXN103095,CUST4901,17695.03,NETBANKING,SUCCESS,,2026-08-19 22:57:48.314360,2
TXN103096,CUST5351,42594.85,WALLET,SUCCESS,,2026-08-04 09:23:48.314360,3
TXN103097,CUST6257,34974.71,UPI,SUCCESS,,2026-08-28 18:41:48.314360,1
TXN103098,CUST5746,19117.04,CARD,FAILED,TIMEOUT,2026-08-17 20:12:48.314360,0
TXN103099,CUST9818,23431.03,CARD,SUCCESS,,2026-08-05 22:58:48.314360,1
TXN103100,CUST5348,33784.92,CARD,FAILED,NETWORK_ERROR,2026-08-21 13:10:48.314360,3
TXN103101,CUST4323,30429.99,WALLET,SUCCESS,,2026-08-03 23:37:48.314360,2
TXN103102,CUST7854,10586.8,UPI,SUCCESS,,2026-08-28 08:58:48.314360,0
TXN103103,CUST5098,43596.36,UPI,SUCCESS,,2026-08-08 03:54:48.314360,3
TXN103104,CUST3095,12576.01,CARD,SUCCESS,,2026-08-09 17:21:48.314360,3
TXN103105,CUST1753,17468.82,WALLET,SUCCESS,,2026-08-05 14:24:48.314360,3
TXN103106,CUST2388,47197.86,UPI,SUCCESS,,2026-08-07 23:01:48.314360,3
TXN103107,CUST6249,28219.47,CARD,SUCCESS,,2026-08-07 19:42:48.314360,3
TXN103108,CUST1391,5520.42,UPI,SUCCESS,,2026-08-06 22:59:48.314360,0
TXN103109,CUST4306,48858.78,CARD,SUCCESS,,2026-08-08 09:50:48.314360,0
TXN103110,CUST9734,47923.51,CARD,SUCCESS,,2026-08-12 21:40:48.314360,2
TXN103111,CUST4963,44910.11,WALLET,SUCCESS,,2026-08-12 12:15:48.314360,3
TXN103112,CUST9151,16382.44,CARD,SUCCESS,,2026-08-13 13:48:48.314360,2
TXN103113,CUST9335,985.12,WALLET,SUCCESS,,2026-07-30 20:07:48.314360,2
TXN103114,CUST9725,33039.92,UPI,SUCCESS,,2026-08-25 16:39:48.314360,3
TXN103115,CUST4828,43295.19,NETBANKING,SUCCESS,,2026-08-05 09:24:48.314360,2
TXN103116,CUST8547,15225.63,WALLET,SUCCESS,,2026-08-07 09:49:48.314360,1
TXN103117,CUST8741,6210.76,NETBANKING,SUCCESS,,2026-08-12 02:27:48.314360,2
TXN103118,CUST7816,32619.65,UPI,SUCCESS,,2026-08-17 03:58:48.314360,2
TXN103119,CUST4273,38259.35,WALLET,SUCCESS,,2026-08-13 16:35:48.314360,0
TXN103120,CUST3213,31581.63,CARD,SUCCESS,,2026-08-12 00:51:48.314360,1
TXN103121,CUST9591,47405.11,NETBANKING,SUCCESS,,2026-08-23 16:35:48.314360,2
TXN103122,CUST4128,32943.72,UPI,SUCCESS,,2026-08-20 19:25:48.314360,0
TXN103123,CUST2175,44034.4,NETBANKING,SUCCESS,,2026-08-12 10:31:48.314360,3
TXN103124,CUST3188,7081.97,WALLET,FAILED,BANK_DECLINE,2026-08-03 00:05:48.314360,3
TXN103125,CUST7281,9868.23,NETBANKING,SUCCESS,,2026-08-12 21:07:48.314360,2
TXN103126,CUST8515,9060.1,WALLET,SUCCESS,,2026-08-26 12:17:48.314360,2
TXN103127,CUST7971,44850.03,CARD,SUCCESS,,2026-08-05 11:18:48.314360,3
TXN103128,CUST1276,42591.32,WALLET,SUCCESS,,2026-08-23 18:57:48.314360,3
TXN103129,CUST8104,16753.23,UPI,SUCCESS,,2026-08-19 01:40:48.314360,3
TXN103130,CUST9673,10219.67,WALLET,SUCCESS,,2026-08-15 00:30:48.314360,3
TXN103131,CUST4969,16432.63,NETBANKING,SUCCESS,,2026-08-15 11:11:48.314360,0
TXN103132,CUST8037,43671.96,NETBANKING,SUCCESS,,2026-08-22 03:28:48.314360,2
TXN103133,CUST1446,31591.92,CARD,SUCCESS,,2026-08-16 05:14:48.314360,2
TXN103134,CUST9848,39046.46,WALLET,SUCCESS,,2026-08-01 16:46:48.314360,1
TXN103135,CUST7210,6013.49,WALLET,SUCCESS,,2026-08-14 07:18:48.314360,0
TXN103136,CUST5517,42199.94,UPI,SUCCESS,,2026-07-30 03:31:48.314360,1
TXN103137,CUST2761,32979.9,UPI,SUCCESS,,2026-07-30 03:18:48.314360,0
TXN103138,CUST1592,39724.45,UPI,SUCCESS,,2026-08-03 12:16:48.314360,2
TXN103139,CUST3645,10133.23,WALLET,SUCCESS,,2026-08-10 00:36:48.314360,1
TXN103140,CUST6208,49442.75,WALLET,SUCCESS,,2026-07-31 06:12:48.314360,3
TXN103141,CUST1240,13417.31,CARD,SUCCESS,,2026-08-28 21:15:48.314360,3
TXN103142,CUST2861,17342.6,NETBANKING,SUCCESS,,2026-08-05 03:40:48.314360,3
TXN103143,CUST3574,35686.88,CARD,SUCCESS,,2026-08-04 18:56:48.314360,1
TXN103144,CUST5195,14754.34,NETBANKING,SUCCESS,,2026-08-12 11:34:48.314360,1
TXN103145,CUST3022,38294.95,WALLET,SUCCESS,,2026-08-14 02:46:48.314360,2
TXN103146,CUST9578,33301.63,UPI,SUCCESS,,2026-08-09 11:17:48.314360,3
TXN103147,CUST6797,14560.34,UPI,SUCCESS,,2026-08-20 00:35:48.314360,2
TXN103148,CUST8734,44733.43,WALLET,SUCCESS,,2026-07-31 13:04:48.314360,1
TXN103149,CUST5413,17790.74,CARD,SUCCESS,,2026-08-15 20:23:48.314360,3
TXN103150,CUST3185,20084.23,NETBANKING,SUCCESS,,2026-08-03 05:33:48.314360,3
TXN103151,CUST4436,30708.25,UPI,SUCCESS,,2026-08-23 14:49:48.314360,0
TXN103152,CUST9060,12475.13,CARD,SUCCESS,,2026-08-24 19:16:48.314360,2
TXN103153,CUST9974,46133.99,UPI,SUCCESS,,2026-08-13 02:15:48.314360,2
TXN103154,CUST9559,8860.11,NETBANKING,FAILED,LIMIT_EXCEEDED,2026-08-21 18:15:48.314360,3
TXN103155,CUST1994,33100.13,WALLET,SUCCESS,,2026-07-31 21:30:48.314360,2
TXN103156,CUST1047,17474.93,CARD,SUCCESS,,2026-08-01 18:02:48.314360,0
TXN103157,CUST5387,14580.75,UPI,FAILED,NETWORK_ERROR,2026-08-10 05:40:48.314360,1
TXN103158,CUST1624,18913.38,WALLET,SUCCESS,,2026-08-11 10:27:48.314360,1
TXN103159,CUST3985,3968.31,CARD,SUCCESS,,2026-08-26 08:15:48.314360,0
TXN103160,CUST6663,30711.91,NETBANKING,FAILED,INSUFFICIENT_FUNDS,2026-07-30 05:28:48.314360,1
TXN103161,CUST3970,5272.94,UPI,SUCCESS,,2026-08-12 08:38:48.314360,2
TXN103162,CUST1319,45086.97,CARD,SUCCESS,,2026-08-11 11:45:48.314360,1
TXN103163,CUST1905,13569.59,WALLET,FAILED,INSUFFICIENT_FUNDS,2026-08-18 15:12:48.314360,3
TXN103164,CUST7253,21420.44,NETBANKING,SUCCESS,,2026-08-28 02:49:48.314360,3
TXN103165,CUST7040,46611.18,CARD,SUCCESS,,2026-08-28 02:12:48.314360,3
TXN103166,CUST9253,31487.29,NETBANKING,SUCCESS,,2026-08-06 15:58:48.314360,0
TXN103167,CUST6216,16004.92,UPI,SUCCESS,,2026-08-23 12:38:48.314360,2
TXN103168,CUST6169,33031.84,CARD,SUCCESS,,2026-08-07 14:03:48.314360,3
TXN103169,CUST1342,20349.72,WALLET,SUCCESS,,2026-07-30 06:05:48.314360,2
TXN103170,CUST6021,24953.93,UPI,FAILED,TIMEOUT,2026-08-17 23:14:48.314360,1
TXN103171,CUST3676,47514.51,CARD,SUCCESS,,2026-08-13 10:42:48.314360,1
TXN103172,CUST5589,24361.14,NETBANKING,SUCCESS,,2026-08-27 07:22:48.314360,2
TXN103173,CUST7819,17646.77,CARD,SUCCESS,,2026-08-25 17:46:48.314360,1
TXN103174,CUST5627,48326.5,WALLET,SUCCESS,,2026-08-15 01:48:48.314360,3
TXN103175,CUST3633,49909.57,UPI,SUCCESS,,2026-08-24 19:53:48.314360,0
TXN103176,CUST7760,5097.44,WALLET,SUCCESS,,2026-08-07 20:57:48.314360,1
TXN103177,CUST8472,43872.61,UPI,FAILED,LIMIT_EXCEEDED,2026-07-30 18:10:48.314360,3
TXN103178,CUST3514,39549.79,UPI,SUCCESS,,2026-08-10 15:29:48.314360,3
TXN103179,CUST6396,43141.02,NETBANKING,SUCCESS,,2026-08-08 00:34:48.314360,0
TXN103180,CUST5381,29804.33,WALLET,FAILED,TIMEOUT,2026-08-01 04:53:48.314360,2
TXN103181,CUST6590,32991.17,UPI,SUCCESS,,2026-08-12 10:45:48.314360,2
TXN103182,CUST2052,28395.09,UPI,SUCCESS,,2026-08-05 00:50:48.314360,3
TXN103183,CUST7445,30767.94,UPI,FAILED,BANK_DECLINE,2026-08-27 20:37:48.314360,1
TXN103184,CUST1373,30912.51,CARD,SUCCESS,,2026-08-17 22:10:48.314360,1
TXN103185,CUST8521,33011.64,CARD,FAILED,LIMIT_EXCEEDED,2026-08-11 23:01:48.314360,0
TXN103186,CUST3529,27889.49,CARD,SUCCESS,,2026-08-23 08:07:48.314360,1
TXN103187,CUST7352,6012.01,WALLET,SUCCESS,,2026-08-15 16:15:48.314360,2
TXN103188,CUST9889,3672.72,CARD,SUCCESS,,2026-08-03 17:35:48.314360,1
TXN103189,CUST4474,35525.79,UPI,SUCCESS,,2026-08-12 04:34:48.314360,3
TXN103190,CUST8500,8411.73,CARD,FAILED,NETWORK_ERROR,2026-08-06 17:27:48.314360,2
TXN103191,CUST3834,47902.61,NETBANKING,SUCCESS,,2026-08-12 17:12:48.314360,2
TXN103192,CUST6311,35422.73,WALLET,SUCCESS,,2026-08-17 04:03:48.314360,3
TXN103193,CUST7370,19595.57,CARD,SUCCESS,,2026-08-19 18:31:48.314360,1
TXN103194,CUST5521,11051.35,NETBANKING,SUCCESS,,2026-08-22 02:51:48.314360,3
TXN103195,CUST2928,48254.43,WALLET,SUCCESS,,2026-08-27 23:22:48.314360,3
TXN103196,CUST1898,30231.47,WALLET,FAILED,NETWORK_ERROR,2026-08-28 02:09:48.314360,0
TXN103197,CUST6686,14314.39,CARD,SUCCESS,,2026-08-25 04:20:48.314360,3
TXN103198,CUST9760,19807.39,CARD,SUCCESS,,2026-08-11 23:23:48.314360,2
TXN103199,CUST5305,1975.2,NETBANKING,SUCCESS,,2026-08-14 05:30:48.314360,1
TXN103200,CUST2590,19569.83,NETBANKING,SUCCESS,,2026-08-19 09:36:48.314360,0
TXN103201,CUST7188,5936.32,NETBANKING,SUCCESS,,2026-08-02 06:32:48.314360,1
TXN103202,CUST5374,40777.47,CARD,SUCCESS,,2026-08-01 18:03:48.314360,1
TXN103203,CUST8816,47779.95,NETBANKING,FAILED,BANK_DECLINE,2026-08-14 11:14:48.314360,0
TXN103204,CUST6585,8826.96,CARD,SUCCESS,,2026-08-06 22:51:48.314360,3
TXN103205,CUST8369,4237.35,UPI,FAILED,NETWORK_ERROR,2026-08-07 15:01:48.314360,3
TXN103206,CUST8032,37816.71,CARD,FAILED,INSUFFICIENT_FUNDS,2026-08-16 08:24:48.314360,1
TXN103207,CUST3694,45623.82,UPI,FAILED,BANK_DECLINE,2026-08-19 02:32:48.314360,2
TXN103208,CUST4349,10019.41,WALLET,SUCCESS,,2026-08-20 18:55:48.314360,2
TXN103209,CUST1601,44420.15,CARD,SUCCESS,,2026-08-16 18:27:48.314360,0
TXN103210,CUST2803,8713.93,CARD,SUCCESS,,2026-08-18 04:31:48.314360,1
TXN103211,CUST1051,2235.38,CARD,SUCCESS,,2026-08-04 05:39:48.314360,2
TXN103212,CUST3260,42341.09,CARD,SUCCESS,,2026-08-27 19:49:48.314360,3
TXN103213,CUST9184,22086.52,NETBANKING,SUCCESS,,2026-08-01 17:28:48.314360,3
TXN103214,CUST6569,42469.01,UPI,SUCCESS,,2026-08-20 14:57:48.314360,2
TXN103215,CUST1939,8391.87,WALLET,SUCCESS,,2026-08-28 06:42:48.314360,1
TXN103216,CUST3085,15747.2,NETBANKING,SUCCESS,,2026-08-08 00:55:48.314360,3
TXN103217,CUST9641,25626.9,NETBANKING,FAILED,BANK_DECLINE,2026-07-30 03:03:48.314360,3
TXN103218,CUST8393,7770.76,UPI,SUCCESS,,2026-08-04 08:45:48.314360,1
TXN103219,CUST9180,47417.77,CARD,FAILED,NETWORK_ERROR,2026-08-01 08:39:48.314360,3
TXN103220,CUST7609,30339.09,WALLET,SUCCESS,,2026-07-31 11:41:48.314360,0
TXN103221,CUST3306,35582.95,WALLET,SUCCESS,,2026-08-26 11:40:48.314360,0
TXN103222,CUST5190,27656.6,WALLET,SUCCESS,,2026-08-10 08:07:48.314360,0
TXN103223,CUST2650,32508.15,NETBANKING,SUCCESS,,2026-08-25 15:46:48.314360,3
TXN103224,CUST1545,14851.89,CARD,SUCCESS,,2026-08-28 18:17:48.314360,2
TXN103225,CUST7535,12199.74,WALLET,SUCCESS,,2026-08-21 10:10:48.314360,1
TXN103226,CUST5108,41989.77,UPI,SUCCESS,,2026-07-31 03:12:48.314360,3
TXN103227,CUST8208,32868.34,UPI,SUCCESS,,2026-08-18 04:35:48.314360,2
TXN103228,CUST2632,22337.12,WALLET,SUCCESS,,2026-07-31 00:35:48.314360,1
TXN103229,CUST1903,1211.87,CARD,SUCCESS,,2026-08-15 18:30:48.314360,1
TXN103230,CUST4685,40163.72,UPI,SUCCESS,,2026-07-31 07:08:48.314360,3
TXN103231,CUST2872,13727.41,UPI,SUCCESS,,2026-08-07 07:38:48.314360,1
TXN103232,CUST6412,164.89,CARD,SUCCESS,,2026-08-01 04:04:48.314360,1
TXN103233,CUST6338,1426.9,NETBANKING,SUCCESS,,2026-08-15 05:47:48.314360,0
TXN103234,CUST3021,35812.3,NETBANKING,SUCCESS,,2026-08-21 00:29:48.314360,3
TXN103235,CUST3417,15175.26,WALLET,SUCCESS,,2026-08-08 11:21:48.314360,3
TXN103236,CUST4034,827.51,CARD,SUCCESS,,2026-08-18 16:22:48.314360,2
TXN103237,CUST7485,42594.72,WALLET,SUCCESS,,2026-08-09 00:16:48.314360,0
TXN103238,CUST7498,14869.01,CARD,SUCCESS,,2026-08-02 21:40:48.314360,0
TXN103239,CUST6393,568.06,NETBANKING,SUCCESS,,2026-08-12 00:54:48.314360,1
TXN103240,CUST3622,1089.6,WALLET,SUCCESS,,2026-08-27 20:39:48.314360,0
TXN103241,CUST1565,15339.85,NETBANKING,FAILED,TIMEOUT,2026-08-09 16:40:48.314360,1
TXN103242,CUST4694,27906.85,WALLET,SUCCESS,,2026-08-15 12:52:48.314360,0
TXN103243,CUST9022,3991.5,WALLET,FAILED,NETWORK_ERROR,2026-08-15 18:19:48.314360,3
TXN103244,CUST3593,4394.66,WALLET,SUCCESS,,2026-08-19 01:08:48.314360,2
TXN103245,CUST3682,3470.62,NETBANKING,SUCCESS,,2026-08-28 15:50:48.314360,2
TXN103246,CUST8735,25827.26,NETBANKING,SUCCESS,,2026-08-12 14:37:48.314360,1
TXN103247,CUST6075,818.1,CARD,FAILED,LIMIT_EXCEEDED,2026-08-09 10:52:48.314360,1
TXN103248,CUST1820,40496.72,NETBANKING,SUCCESS,,2026-08-15 15:53:48.314360,3
TXN103249,CUST2989,17514.31,NETBANKING,SUCCESS,,2026-08-24 05:28:48.314360,1
TXN103250,CUST2203,49448.97,WALLET,SUCCESS,,2026-08-03 03:04:48.314360,3
TXN103251,CUST1513,1480.19,CARD,SUCCESS,,2026-08-06 04:03:48.314360,3
TXN103252,CUST8139,21006.93,CARD,SUCCESS,,2026-07-30 09:41:48.314360,2
TXN103253,CUST5146,21555.44,UPI,SUCCESS,,2026-08-24 06:53:48.314360,2
TXN103254,CUST4796,27682.03,WALLET,SUCCESS,,2026-08-20 03:07:48.314360,3
TXN103255,CUST9479,42291.48,NETBANKING,SUCCESS,,2026-08-19 03:09:48.314360,0
TXN103256,CUST5041,43824.18,UPI,SUCCESS,,2026-08-20 09:44:48.314360,0
TXN103257,CUST3359,22042.37,CARD,FAILED,LIMIT_EXCEEDED,2026-08-08 21:39:48.314360,2
TXN103258,CUST5064,3610.15,WALLET,SUCCESS,,2026-08-04 15:50:48.314360,3
TXN103259,CUST4090,2746.37,CARD,SUCCESS,,2026-08-07 20:59:48.314360,2
TXN103260,CUST7993,13109.08,CARD,SUCCESS,,2026-08-21 01:06:48.314360,0
TXN103261,CUST3345,16705.38,NETBANKING,SUCCESS,,2026-08-25 15:15:48.314360,0
TXN103262,CUST1482,25793.45,NETBANKING,SUCCESS,,2026-08-26 19:44:48.314360,3
TXN103263,CUST5463,4188.55,CARD,SUCCESS,,2026-08-23 00:22:48.314360,3
TXN103264,CUST2859,18141.92,WALLET,FAILED,TIMEOUT,2026-08-04 02:28:48.314360,0
TXN103265,CUST2179,27125.82,CARD,SUCCESS,,2026-08-12 22:28:48.314360,0
TXN103266,CUST2274,34015.88,WALLET,FAILED,LIMIT_EXCEEDED,2026-08-08 04:09:48.314360,3
TXN103267,CUST3246,15631.28,NETBANKING,SUCCESS,,2026-08-25 23:10:48.314360,0
TXN103268,CUST9241,24629.89,UPI,SUCCESS,,2026-08-17 21:11:48.314360,1
TXN103269,CUST6962,32828.52,CARD,FAILED,LIMIT_EXCEEDED,2026-08-15 02:39:48.314360,2
TXN103270,CUST9929,41839.3,NETBANKING,SUCCESS,,2026-08-08 12:36:48.314360,2
TXN103271,CUST3891,12268.45,WALLET,SUCCESS,,2026-08-10 04:36:48.314360,3
TXN103272,CUST8511,11589.75,UPI,SUCCESS,,2026-08-18 21:22:48.314360,1
TXN103273,CUST5052,20901.89,WALLET,SUCCESS,,2026-08-20 17:33:48.314360,3
TXN103274,CUST2631,26857.12,NETBANKING,SUCCESS,,2026-08-12 14:21:48.314360,0
TXN103275,CUST6252,3037.7,CARD,FAILED,INSUFFICIENT_FUNDS,2026-08-15 07:36:48.314360,1
TXN103276,CUST2255,48538.11,WALLET,SUCCESS,,2026-08-07 16:21:48.314360,3
TXN103277,CUST3650,38404.23,NETBANKING,SUCCESS,,2026-08-12 04:10:48.314360,1
TXN103278,CUST2558,28175.63,CARD,SUCCESS,,2026-08-14 03:09:48.314360,1
TXN103279,CUST5173,2869.05,CARD,SUCCESS,,2026-08-02 13:58:48.314360,0
TXN103280,CUST6123,32060.76,WALLET,SUCCESS,,2026-08-11 11:42:48.314360,1
TXN103281,CUST6393,43294.87,CARD,SUCCESS,,2026-08-11 14:38:48.314360,2
TXN103282,CUST6986,49555.9,CARD,SUCCESS,,2026-07-31 03:05:48.314360,2
TXN103283,CUST7687,41815.82,CARD,SUCCESS,,2026-08-26 10:35:48.314360,2
TXN103284,CUST7675,9669.88,CARD,SUCCESS,,2026-08-26 01:13:48.314360,0
TXN103285,CUST1633,8464.17,CARD,SUCCESS,,2026-08-21 03:49:48.314360,0
TXN103286,CUST2746,5019.69,UPI,FAILED,TIMEOUT,2026-08-13 18:49:48.314360,2
TXN103287,CUST2197,27878.26,CARD,SUCCESS,,2026-08-03 19:14:48.314360,0
TXN103288,CUST6767,42354.3,UPI,SUCCESS,,2026-08-18 21:22:48.314360,1
TXN103289,CUST5884,47739.81,UPI,SUCCESS,,2026-08-21 15:03:48.314360,1
TXN103290,CUST8464,4433.97,UPI,SUCCESS,,2026-08-16 21:00:48.314360,2
TXN103291,CUST5094,24246.53,UPI,SUCCESS,,2026-08-04 15:31:48.314360,3
TXN103292,CUST2846,28028.77,WALLET,SUCCESS,,2026-08-09 05:57:48.314360,0
TXN103293,CUST1329,46415.21,WALLET,SUCCESS,,2026-08-19 06:25:48.314360,3
TXN103294,CUST4668,12763.16,CARD,SUCCESS,,2026-08-11 20:22:48.314360,3
TXN103295,CUST2181,46021.33,UPI,SUCCESS,,2026-08-28 16:03:48.314360,1
TXN103296,CUST2620,6491.49,UPI,SUCCESS,,2026-07-31 12:23:48.314360,1
TXN103297,CUST3598,23443.56,WALLET,SUCCESS,,2026-08-20 18:02:48.314360,1
TXN103298,CUST9134,47449.51,UPI,SUCCESS,,2026-08-03 22:15:48.314360,1
TXN103299,CUST7507,34810.89,UPI,SUCCESS,,2026-08-27 03:06:48.314360,2
TXN103300,CUST8643,28201.31,CARD,SUCCESS,,2026-08-07 16:41:48.314360,2
TXN103301,CUST9321,34818.39,WALLET,SUCCESS,,2026-08-09 20:27:48.314360,1
TXN103302,CUST5268,16035.76,WALLET,SUCCESS,,2026-08-27 18:03:48.314360,2
TXN103303,CUST7462,37071.24,NETBANKING,SUCCESS,,2026-08-04 13:48:48.314360,1
TXN103304,CUST8512,23445.34,WALLET,FAILED,LIMIT_EXCEEDED,2026-08-04 23:39:48.314360,3
TXN103305,CUST2801,48662.42,UPI,SUCCESS,,2026-08-03 06:46:48.314360,2
TXN103306,CUST5989,6570.43,NETBANKING,SUCCESS,,2026-08-06 00:54:48.314360,0
TXN103307,CUST6528,39049.55,WALLET,SUCCESS,,2026-08-04 09:08:48.314360,0
TXN103308,CUST7596,36008.11,WALLET,FAILED,TIMEOUT,2026-08-21 07:15:48.314360,3
TXN103309,CUST4459,28693.48,UPI,SUCCESS,,2026-08-10 08:56:48.314360,1
TXN103310,CUST2324,34640.49,WALLET,SUCCESS,,2026-08-12 01:12:48.314360,0
TXN103311,CUST9482,6006.96,UPI,SUCCESS,,2026-08-07 18:42:48.314360,2
TXN103312,CUST2921,34074.01,UPI,SUCCESS,,2026-08-03 02:07:48.314360,1
TXN103313,CUST1285,41797.34,UPI,SUCCESS,,2026-08-22 23:10:48.314360,1
TXN103314,CUST1553,25379.87,CARD,SUCCESS,,2026-08-08 09:35:48.314360,2
TXN103315,CUST5259,18093.75,CARD,SUCCESS,,2026-08-01 13:38:48.314360,1
TXN103316,CUST9033,9904.67,WALLET,SUCCESS,,2026-08-19 12:39:48.314360,1
TXN103317,CUST4036,30885.76,NETBANKING,SUCCESS,,2026-08-26 20:27:48.314360,2
TXN103318,CUST4186,22174.06,WALLET,SUCCESS,,2026-08-10 23:26:48.314360,0
TXN103319,CUST6245,48271.98,UPI,SUCCESS,,2026-08-03 00:25:48.314360,2
TXN103320,CUST8893,8664.6,WALLET,FAILED,TIMEOUT,2026-08-26 20:50:48.314360,1
TXN103321,CUST1087,14244.45,UPI,SUCCESS,,2026-08-21 16:26:48.314360,1
TXN103322,CUST8543,19524.05,NETBANKING,SUCCESS,,2026-08-01 18:25:48.314360,3
TXN103323,CUST8658,230.88,CARD,SUCCESS,,2026-08-28 14:39:48.314360,2
TXN103324,CUST5248,34415.01,CARD,FAILED,BANK_DECLINE,2026-08-18 04:02:48.314360,3
TXN103325,CUST9891,28377.12,NETBANKING,SUCCESS,,2026-08-19 01:49:48.314360,3
TXN103326,CUST1272,4691.87,NETBANKING,SUCCESS,,2026-08-27 04:33:48.314360,1
TXN103327,CUST4172,7025.82,WALLET,SUCCESS,,2026-08-21 05:04:48.314360,2
TXN103328,CUST3551,19314.62,NETBANKING,SUCCESS,,2026-08-13 11:38:48.314360,0
TXN103329,CUST2333,29585.37,NETBANKING,SUCCESS,,2026-08-22 03:53:48.314360,2
TXN103330,CUST4106,8523.16,NETBANKING,FAILED,NETWORK_ERROR,2026-08-09 20:01:48.314360,1
TXN103331,CUST3191,30500.95,WALLET,SUCCESS,,2026-08-09 22:24:48.314360,3
TXN103332,CUST4598,36154.07,UPI,SUCCESS,,2026-08-21 02:17:48.314360,3
TXN103333,CUST5373,30285.58,NETBANKING,SUCCESS,,2026-08-04 21:36:48.314360,1
TXN103334,CUST4617,13546.78,NETBANKING,SUCCESS,,2026-08-15 23:35:48.314360,2
TXN103335,CUST1137,15319.93,CARD,SUCCESS,,2026-08-20 06:05:48.314360,0
TXN103336,CUST8551,5976.82,CARD,FAILED,TIMEOUT,2026-08-08 20:37:48.314360,2
TXN103337,CUST2140,29363.8,NETBANKING,SUCCESS,,2026-08-25 21:13:48.314360,3
TXN103338,CUST8690,16950.04,NETBANKING,SUCCESS,,2026-08-09 17:38:48.314360,2
TXN103339,CUST3668,30823.31,WALLET,SUCCESS,,2026-08-14 01:04:48.314360,1
TXN103340,CUST6403,24682.93,WALLET,SUCCESS,,2026-08-28 00:32:48.314360,0
TXN103341,CUST2333,20116.61,CARD,SUCCESS,,2026-08-02 15:42:48.314360,3
TXN103342,CUST7912,30561.48,WALLET,SUCCESS,,2026-08-22 03:38:48.314360,3
TXN103343,CUST8473,25103.5,CARD,SUCCESS,,2026-07-29 22:12:48.314360,1
TXN103344,CUST3588,30597.49,CARD,SUCCESS,,2026-08-27 22:45:48.314360,3
TXN103345,CUST7568,43181.3,UPI,SUCCESS,,2026-08-25 02:27:48.314360,1
TXN103346,CUST6418,44771.16,CARD,SUCCESS,,2026-08-19 05:56:48.314360,3
TXN103347,CUST6350,20665.73,UPI,SUCCESS,,2026-08-21 20:05:48.314360,1
TXN103348,CUST7825,47230.35,NETBANKING,SUCCESS,,2026-08-25 16:30:48.314360,1
TXN103349,CUST3408,15343.38,CARD,SUCCESS,,2026-08-14 01:43:48.314360,3
TXN103350,CUST7327,31614.64,WALLET,SUCCESS,,2026-07-31 22:31:48.314360,3
TXN103351,CUST6792,9125.24,UPI,SUCCESS,,2026-08-14 13:59:48.314360,2
TXN103352,CUST2017,36486.51,WALLET,FAILED,INSUFFICIENT_FUNDS,2026-08-07 13:40:48.314360,3
TXN103353,CUST1279,3551.13,UPI,SUCCESS,,2026-08-13 05:59:48.314360,3
TXN103354,CUST5856,21871.75,CARD,SUCCESS,,2026-08-27 23:40:48.314360,2
TXN103355,CUST6076,32343.76,CARD,FAILED,TIMEOUT,2026-08-01 01:31:48.314360,3
TXN103356,CUST5508,8869.19,UPI,SUCCESS,,2026-08-19 16:05:48.314360,2
TXN103357,CUST3915,27809.69,CARD,SUCCESS,,2026-08-05 16:24:48.314360,0
TXN103358,CUST6944,36244.6,NETBANKING,SUCCESS,,2026-08-14 04:16:48.314360,0
TXN103359,CUST2795,29920.53,NETBANKING,SUCCESS,,2026-08-15 19:47:48.314360,3
TXN103360,CUST1096,38482.56,UPI,SUCCESS,,2026-07-30 10:39:48.314360,3
TXN103361,CUST6979,38276.33,CARD,SUCCESS,,2026-08-27 05:09:48.314360,2
TXN103362,CUST6023,46360.2,CARD,SUCCESS,,2026-08-06 22:54:48.314360,2
TXN103363,CUST6238,41157.32,CARD,SUCCESS,,2026-08-13 19:24:48.314360,1
TXN103364,CUST2127,23839.47,WALLET,SUCCESS,,2026-08-22 11:05:48.314360,0
TXN103365,CUST3530,11830.64,WALLET,SUCCESS,,2026-08-23 10:00:48.314360,2
TXN103366,CUST9371,30013.03,UPI,SUCCESS,,2026-08-28 04:23:48.314360,0
TXN103367,CUST2804,8599.79,UPI,SUCCESS,,2026-08-21 10:28:48.314360,1
TXN103368,CUST9183,11654.28,UPI,SUCCESS,,2026-08-24 23:54:48.314360,1
TXN103369,CUST5109,25819.61,CARD,SUCCESS,,2026-08-27 21:08:48.314360,1
TXN103370,CUST2236,15879.02,NETBANKING,FAILED,LIMIT_EXCEEDED,2026-08-09 13:21:48.314360,0
TXN103371,CUST5908,38679.23,WALLET,SUCCESS,,2026-08-06 17:02:48.314360,3
TXN103372,CUST5230,42462.67,UPI,SUCCESS,,2026-08-23 23:05:48.314360,0
TXN103373,CUST9121,29323.37,UPI,SUCCESS,,2026-08-21 10:08:48.314360,0
TXN103374,CUST3004,41252.15,CARD,FAILED,BANK_DECLINE,2026-08-28 06:13:48.314360,2
TXN103375,CUST4866,16795.3,CARD,SUCCESS,,2026-08-07 10:20:48.314360,3
TXN103376,CUST1966,47956.59,NETBANKING,SUCCESS,,2026-08-16 23:43:48.314360,3
TXN103377,CUST4629,47786.42,CARD,FAILED,BANK_DECLINE,2026-08-13 07:59:48.314360,1
TXN103378,CUST9223,15341.69,UPI,SUCCESS,,2026-07-31 02:29:48.314360,3
TXN103379,CUST7694,36614.19,CARD,SUCCESS,,2026-08-22 06:58:48.314360,2
TXN103380,CUST5108,28711.85,CARD,SUCCESS,,2026-08-20 07:14:48.314360,3
TXN103381,CUST8716,740.1,WALLET,SUCCESS,,2026-08-23 00:59:48.314360,1
TXN103382,CUST4361,721.7,CARD,SUCCESS,,2026-08-18 22:19:48.314360,3
TXN103383,CUST3121,14424.5,NETBANKING,SUCCESS,,2026-08-28 01:47:48.314360,1
TXN103384,CUST9448,41299.27,CARD,SUCCESS,,2026-08-24 10:35:48.314360,1
TXN103385,CUST3156,30885.18,UPI,SUCCESS,,2026-08-19 23:15:48.314360,1
TXN103386,CUST8236,7312.52,CARD,SUCCESS,,2026-08-18 14:44:48.314360,3
TXN103387,CUST8533,32445.13,WALLET,FAILED,NETWORK_ERROR,2026-08-16 00:22:48.314360,2
TXN103388,CUST5368,2944.92,WALLET,SUCCESS,,2026-08-28 08:58:48.314360,2
TXN103389,CUST7860,20107.74,WALLET,SUCCESS,,2026-08-24 14:57:48.314360,3
TXN103390,CUST3068,9085.39,NETBANKING,SUCCESS,,2026-08-18 18:37:48.314360,2
TXN103391,CUST4315,26890.88,UPI,SUCCESS,,2026-08-16 21:20:48.314360,3
TXN103392,CUST6127,5697.66,NETBANKING,SUCCESS,,2026-08-01 16:20:48.314360,2
TXN103393,CUST5289,34542.47,NETBANKING,SUCCESS,,2026-08-01 04:29:48.314360,0
TXN103394,CUST5002,16073.12,WALLET,SUCCESS,,2026-08-06 05:54:48.314360,0
TXN103395,CUST5726,13702.64,WALLET,SUCCESS,,2026-07-30 03:05:48.314360,3
TXN103396,CUST8877,33839.46,NETBANKING,SUCCESS,,2026-08-05 10:03:48.314360,0
TXN103397,CUST2745,30265.21,CARD,SUCCESS,,2026-08-09 22:18:48.314360,3
TXN103398,CUST8502,7285.97,CARD,SUCCESS,,2026-08-02 05:06:48.314360,3
TXN103399,CUST4898,12531.09,CARD,SUCCESS,,2026-08-17 10:40:48.314360,2
TXN103400,CUST8317,26874.71,UPI,SUCCESS,,2026-08-18 04:08:48.314360,1
TXN103401,CUST2045,8485.57,NETBANKING,SUCCESS,,2026-08-17 18:43:48.314360,2
TXN103402,CUST1714,2832.77,CARD,SUCCESS,,2026-08-01 19:30:48.314360,2
TXN103403,CUST8007,38297.96,UPI,SUCCESS,,2026-08-01 23:30:48.314360,3
TXN103404,CUST4441,23136.75,NETBANKING,SUCCESS,,2026-08-01 15:40:48.314360,0
TXN103405,CUST8537,11945.92,CARD,SUCCESS,,2026-07-31 18:14:48.314360,1
TXN103406,CUST5179,17168.56,WALLET,SUCCESS,,2026-08-04 15:57:48.314360,0
TXN103407,CUST6562,4619.53,CARD,SUCCESS,,2026-08-04 12:48:48.314360,1
TXN103408,CUST1665,42869.08,NETBANKING,SUCCESS,,2026-08-15 23:55:48.314360,0
TXN103409,CUST5257,27313.74,CARD,SUCCESS,,2026-08-14 23:33:48.314360,3
TXN103410,CUST4499,12928.21,WALLET,FAILED,INSUFFICIENT_FUNDS,2026-08-14 17:40:48.314360,2
TXN103411,CUST5480,17514.9,CARD,SUCCESS,,2026-08-15 07:57:48.314360,3
TXN103412,CUST6935,43344.37,CARD,SUCCESS,,2026-08-25 21:03:48.314360,0
TXN103413,CUST9866,29254.86,CARD,SUCCESS,,2026-08-27 06:28:48.314360,1
TXN103414,CUST9063,18083.85,UPI,SUCCESS,,2026-08-15 05:54:48.314360,2
TXN103415,CUST3223,41035.75,UPI,SUCCESS,,2026-08-11 15:56:48.314360,1
TXN103416,CUST1379,1238.47,UPI,SUCCESS,,2026-08-17 05:24:48.314360,0
TXN103417,CUST3705,18327.94,UPI,SUCCESS,,2026-08-05 15:11:48.314360,3
TXN103418,CUST2620,43684.63,UPI,SUCCESS,,2026-08-09 07:08:48.314360,1
TXN103419,CUST9789,27308.35,NETBANKING,SUCCESS,,2026-08-10 15:45:48.314360,3
TXN103420,CUST6841,9437.47,CARD,FAILED,TIMEOUT,2026-07-30 14:25:48.314360,2
TXN103421,CUST9896,22915.58,NETBANKING,SUCCESS,,2026-08-12 00:30:48.314360,0
TXN103422,CUST1957,40218.73,UPI,SUCCESS,,2026-08-16 04:40:48.314360,2
TXN103423,CUST9700,44084.97,WALLET,SUCCESS,,2026-07-29 22:34:48.314360,3
TXN103424,CUST6124,37896.6,UPI,SUCCESS,,2026-08-23 01:21:48.314360,1
TXN103425,CUST3665,26556.23,WALLET,SUCCESS,,2026-08-12 06:50:48.314360,1
TXN103426,CUST1061,43595.44,NETBANKING,SUCCESS,,2026-08-02 05:05:48.314360,1
TXN103427,CUST1319,540.24,NETBANKING,SUCCESS,,2026-08-27 15:30:48.314360,1
TXN103428,CUST4915,16675.34,UPI,SUCCESS,,2026-08-22 18:23:48.314360,0
TXN103429,CUST1375,1482.48,NETBANKING,SUCCESS,,2026-08-06 06:10:48.314360,3
TXN103430,CUST5245,6977.8,CARD,SUCCESS,,2026-08-23 11:08:48.314360,0
TXN103431,CUST9770,16942.51,WALLET,SUCCESS,,2026-08-07 05:10:48.314360,1
TXN103432,CUST3705,4490.67,UPI,SUCCESS,,2026-08-02 20:41:48.314360,3
TXN103433,CUST6576,468.74,CARD,SUCCESS,,2026-08-25 07:40:48.314360,0
TXN103434,CUST9794,36067.91,WALLET,SUCCESS,,2026-08-18 07:37:48.314360,0
TXN103435,CUST9564,31470.9,WALLET,SUCCESS,,2026-08-06 19:56:48.314360,1
TXN103436,CUST5376,14995.91,UPI,SUCCESS,,2026-08-08 20:37:48.314360,0
TXN103437,CUST8239,17621.61,NETBANKING,SUCCESS,,2026-08-01 03:04:48.314360,1
TXN103438,CUST3218,44739.66,UPI,SUCCESS,,2026-08-12 15:32:48.314360,0
TXN103439,CUST1730,25871.7,UPI,SUCCESS,,2026-07-30 08:01:48.314360,0
TXN103440,CUST5034,31041.35,NETBANKING,SUCCESS,,2026-08-16 02:08:48.314360,1
TXN103441,CUST3067,49412.46,UPI,SUCCESS,,2026-07-31 18:11:48.314360,1
TXN103442,CUST7812,28440.06,WALLET,SUCCESS,,2026-08-11 18:30:48.314360,1
TXN103443,CUST1475,20736.84,CARD,SUCCESS,,2026-08-21 09:09:48.314360,0
TXN103444,CUST9089,1980.57,NETBANKING,SUCCESS,,2026-08-14 04:23:48.314360,2
TXN103445,CUST4877,17319.56,CARD,SUCCESS,,2026-08-21 03:57:48.314360,3
TXN103446,CUST3595,10016.26,UPI,SUCCESS,,2026-08-13 04:08:48.314360,3
TXN103447,CUST6804,46230.21,UPI,SUCCESS,,2026-08-26 10:18:48.314360,2
TXN103448,CUST6900,10306.23,NETBANKING,SUCCESS,,2026-08-19 11:04:48.314360,2
TXN103449,CUST3454,8824.2,WALLET,SUCCESS,,2026-08-10 07:04:48.314360,1
TXN103450,CUST7891,20843.14,WALLET,SUCCESS,,2026-08-23 23:24:48.314360,2
TXN103451,CUST8423,31703.66,WALLET,SUCCESS,,2026-07-30 18:48:48.314360,0
TXN103452,CUST8164,28095.61,NETBANKING,SUCCESS,,2026-08-28 01:22:48.314360,2
TXN103453,CUST6475,47396.43,WALLET,SUCCESS,,2026-08-14 05:41:48.314360,1
TXN103454,CUST6769,18823.74,WALLET,SUCCESS,,2026-08-17 06:48:48.314360,3
TXN103455,CUST4490,15859.62,UPI,SUCCESS,,2026-08-23 17:19:48.314360,0
TXN103456,CUST9734,11002.04,NETBANKING,SUCCESS,,2026-08-15 15:10:48.314360,2
TXN103457,CUST7404,34524.28,UPI,SUCCESS,,2026-08-27 05:44:48.314360,0
TXN103458,CUST6183,13559.68,UPI,SUCCESS,,2026-08-11 23:23:48.314360,3
TXN103459,CUST2594,34874.02,UPI,SUCCESS,,2026-08-27 04:13:48.314360,3
TXN103460,CUST6075,4567.62,CARD,SUCCESS,,2026-08-26 17:16:48.314360,1
TXN103461,CUST1044,44709.79,WALLET,SUCCESS,,2026-08-27 15:55:48.314360,3
TXN103462,CUST8649,29748.89,UPI,FAILED,INSUFFICIENT_FUNDS,2026-08-08 14:59:48.314360,2
TXN103463,CUST6186,24931.84,WALLET,SUCCESS,,2026-08-28 03:04:48.314360,1
TXN103464,CUST5455,13155.75,NETBANKING,SUCCESS,,2026-08-08 00:19:48.314360,2
TXN103465,CUST2294,44502.89,WALLET,SUCCESS,,2026-08-15 06:56:48.314360,3
TXN103466,CUST7077,20154.33,CARD,SUCCESS,,2026-08-22 14:36:48.314360,0
TXN103467,CUST5667,32065.18,NETBANKING,SUCCESS,,2026-08-23 21:56:48.314360,0
TXN103468,CUST1162,37469.89,CARD,SUCCESS,,2026-08-26 06:37:48.314360,2
TXN103469,CUST5315,11228.68,UPI,SUCCESS,,2026-08-20 01:58:48.314360,0
TXN103470,CUST9887,15053.74,NETBANKING,SUCCESS,,2026-08-13 23:55:48.314360,0
TXN103471,CUST2818,5053.06,WALLET,SUCCESS,,2026-07-30 01:06:48.314360,0
TXN103472,CUST9464,19270.45,NETBANKING,SUCCESS,,2026-08-17 16:05:48.314360,2
TXN103473,CUST2957,36565.19,WALLET,FAILED,TIMEOUT,2026-08-07 13:57:48.314360,3
TXN103474,CUST3535,44363.28,CARD,FAILED,INSUFFICIENT_FUNDS,2026-08-10 01:06:48.314360,0
TXN103475,CUST9478,23097.43,WALLET,SUCCESS,,2026-08-16 14:57:48.314360,2
TXN103476,CUST6318,3085.29,CARD,SUCCESS,,2026-08-16 03:17:48.314360,3
TXN103477,CUST6770,27503.89,CARD,SUCCESS,,2026-08-06 20:31:48.314360,3
TXN103478,CUST8634,1696.34,NETBANKING,SUCCESS,,2026-08-09 09:40:48.314360,1
TXN103479,CUST1345,46995.86,NETBANKING,SUCCESS,,2026-08-10 12:03:48.314360,3
TXN103480,CUST2009,26173.11,NETBANKING,SUCCESS,,2026-08-02 13:31:48.314360,1
TXN103481,CUST6601,34302.79,CARD,SUCCESS,,2026-08-14 09:36:48.314360,2
TXN103482,CUST3766,41571.05,UPI,FAILED,TIMEOUT,2026-08-15 23:54:48.314360,2
TXN103483,CUST6478,33941.1,UPI,SUCCESS,,2026-08-10 22:13:48.314360,1
TXN103484,CUST2416,49872.61,UPI,SUCCESS,,2026-08-26 12:16:48.314360,1
TXN103485,CUST4042,29172.32,WALLET,SUCCESS,,2026-08-03 07:19:48.314360,3
TXN103486,CUST4577,31334.27,UPI,SUCCESS,,2026-07-30 18:18:48.314360,2
TXN103487,CUST5956,22311.93,UPI,SUCCESS,,2026-08-23 11:05:48.314360,2
TXN103488,CUST2039,35024.92,UPI,SUCCESS,,2026-08-26 18:06:48.314360,1
TXN103489,CUST7888,46336.65,CARD,FAILED,LIMIT_EXCEEDED,2026-08-07 01:43:48.314360,0
TXN103490,CUST9495,22239.67,CARD,FAILED,TIMEOUT,2026-08-16 17:23:48.314360,3
TXN103491,CUST7035,26506.55,WALLET,SUCCESS,,2026-08-09 10:56:48.314360,1
TXN103492,CUST2444,47703.75,UPI,SUCCESS,,2026-08-28 12:41:48.314360,0
TXN103493,CUST1129,13034.1,NETBANKING,SUCCESS,,2026-08-01 16:58:48.314360,0
TXN103494,CUST4605,44864.33,WALLET,SUCCESS,,2026-08-18 17:47:48.314360,3
TXN103495,CUST4741,20273.93,NETBANKING,SUCCESS,,2026-08-18 02:15:48.314360,0
TXN103496,CUST3190,13041.86,CARD,SUCCESS,,2026-08-20 05:42:48.314360,2
TXN103497,CUST4303,40037.01,UPI,SUCCESS,,2026-07-31 14:35:48.314360,0
TXN103498,CUST9625,31635.42,WALLET,SUCCESS,,2026-08-17 19:32:48.314360,3
TXN103499,CUST5674,1959.23,CARD,SUCCESS,,2026-08-18 18:24:48.314360,2
TXN103500,CUST9963,22394.43,CARD,SUCCESS,,2026-08-20 22:04:48.314360,3
TXN103501,CUST4296,39007.7,NETBANKING,SUCCESS,,2026-08-03 11:48:48.314360,1
TXN103502,CUST6715,23219.83,UPI,SUCCESS,,2026-08-10 05:45:48.314360,2
TXN103503,CUST9486,9917.76,UPI,SUCCESS,,2026-08-15 00:34:48.314360,0
TXN103504,CUST1156,879.86,UPI,SUCCESS,,2026-08-01 08:42:48.314360,3
TXN103505,CUST9290,29367.98,NETBANKING,FAILED,NETWORK_ERROR,2026-08-17 20:59:48.314360,3
TXN103506,CUST6239,33915.12,WALLET,SUCCESS,,2026-08-26 10:37:48.314360,2
TXN103507,CUST4836,19547.22,CARD,SUCCESS,,2026-08-16 00:25:48.314360,2
TXN103508,CUST2835,34875.68,WALLET,SUCCESS,,2026-08-02 17:18:48.314360,0
TXN103509,CUST6627,1715.47,CARD,FAILED,INSUFFICIENT_FUNDS,2026-08-24 00:05:48.314360,0
TXN103510,CUST7784,5149.89,CARD,SUCCESS,,2026-08-25 09:15:48.314360,1
TXN103511,CUST5031,12574.03,UPI,SUCCESS,,2026-08-24 00:36:48.314360,3
TXN103512,CUST1048,17628.98,CARD,SUCCESS,,2026-08-20 10:02:48.314360,0
TXN103513,CUST3290,37089.36,NETBANKING,FAILED,INSUFFICIENT_FUNDS,2026-07-30 14:00:48.314360,1
TXN103514,CUST4251,29856.23,CARD,SUCCESS,,2026-08-21 11:40:48.314360,1
TXN103515,CUST8437,22371.21,CARD,SUCCESS,,2026-08-07 20:54:48.314360,2
TXN103516,CUST5729,5997.32,CARD,SUCCESS,,2026-08-07 12:20:48.314360,2
TXN103517,CUST6990,17869.33,NETBANKING,SUCCESS,,2026-08-13 01:17:48.314360,2
TXN103518,CUST4891,6968.5,NETBANKING,SUCCESS,,2026-08-06 00:40:48.314360,3
TXN103519,CUST4403,7532.56,UPI,SUCCESS,,2026-08-03 05:31:48.314360,3
TXN103520,CUST6120,33899.3,NETBANKING,SUCCESS,,2026-08-22 12:51:48.314360,2
TXN103521,CUST2361,35717.78,CARD,SUCCESS,,2026-08-13 16:38:48.314360,2
TXN103522,CUST1847,23563.8,CARD,SUCCESS,,2026-08-05 10:58:48.314360,2
TXN103523,CUST4917,9415.91,UPI,SUCCESS,,2026-08-19 01:28:48.314360,3
TXN103524,CUST2508,40038.42,NETBANKING,FAILED,NETWORK_ERROR,2026-08-27 22:44:48.314360,2
TXN103525,CUST2064,17905.69,CARD,SUCCESS,,2026-08-08 09:15:48.314360,2
TXN103526,CUST1647,24156.85,UPI,SUCCESS,,2026-08-05 02:08:48.314360,2
TXN103527,CUST7777,30074.16,NETBANKING,SUCCESS,,2026-08-19 13:39:48.314360,2
TXN103528,CUST7953,4560.68,CARD,SUCCESS,,2026-07-30 20:21:48.314360,1
TXN103529,CUST9331,48925.16,CARD,FAILED,TIMEOUT,2026-08-01 17:41:48.314360,0
TXN103530,CUST7585,46310.4,WALLET,FAILED,NETWORK_ERROR,2026-08-04 16:34:48.314360,1
TXN103531,CUST6520,5299.74,NETBANKING,FAILED,TIMEOUT,2026-08-17 22:48:48.314360,2
TXN103532,CUST1612,49403.58,UPI,SUCCESS,,2026-08-07 04:06:48.314360,2
TXN103533,CUST1443,3409.14,UPI,SUCCESS,,2026-08-18 11:22:48.314360,0
TXN103534,CUST3218,31694.56,CARD,SUCCESS,,2026-08-08 21:37:48.314360,3
TXN103535,CUST5852,31380.08,WALLET,SUCCESS,,2026-08-13 12:31:48.314360,1
TXN103536,CUST1387,36155.14,WALLET,FAILED,NETWORK_ERROR,2026-08-03 01:50:48.314360,1
TXN103537,CUST3581,19442.8,CARD,SUCCESS,,2026-08-14 15:13:48.314360,0
TXN103538,CUST4775,38418.87,UPI,SUCCESS,,2026-08-02 08:47:48.314360,1
TXN103539,CUST3130,14998.57,CARD,SUCCESS,,2026-07-31 13:11:48.314360,1
TXN103540,CUST7129,36559.93,UPI,SUCCESS,,2026-08-22 19:19:48.314360,2
TXN103541,CUST2430,49680.09,WALLET,SUCCESS,,2026-08-17 13:30:48.314360,1
TXN103542,CUST3859,33902.63,NETBANKING,SUCCESS,,2026-08-11 21:32:48.314360,3
TXN103543,CUST1476,374.86,UPI,SUCCESS,,2026-07-30 14:52:48.314360,1
TXN103544,CUST6759,11662.11,WALLET,SUCCESS,,2026-08-12 09:09:48.314360,0
TXN103545,CUST3554,37973.1,CARD,SUCCESS,,2026-08-11 18:00:48.314360,0
TXN103546,CUST9249,14621.41,CARD,SUCCESS,,2026-08-02 20:32:48.314360,2
TXN103547,CUST1655,41018.03,CARD,SUCCESS,,2026-08-20 10:45:48.314360,0
TXN103548,CUST5906,22737.75,NETBANKING,SUCCESS,,2026-08-20 13:33:48.314360,0
TXN103549,CUST2967,43725.87,NETBANKING,SUCCESS,,2026-07-30 00:29:48.314360,2
TXN103550,CUST6334,44515.36,UPI,SUCCESS,,2026-08-27 18:00:48.314360,1
TXN103551,CUST8202,36556.89,WALLET,FAILED,LIMIT_EXCEEDED,2026-08-15 00:02:48.314360,3
TXN103552,CUST4236,6587.08,NETBANKING,SUCCESS,,2026-08-17 11:42:48.314360,3
TXN103553,CUST4398,25402.54,WALLET,FAILED,NETWORK_ERROR,2026-08-07 17:45:48.314360,0
TXN103554,CUST8103,47214.65,UPI,SUCCESS,,2026-08-24 20:24:48.314360,3
TXN103555,CUST2782,23663.73,NETBANKING,SUCCESS,,2026-08-18 12:21:48.314360,1
TXN103556,CUST1528,321.61,UPI,SUCCESS,,2026-08-27 03:57:48.314360,3
TXN103557,CUST1897,35274.14,WALLET,FAILED,INSUFFICIENT_FUNDS,2026-08-04 18:34:48.314360,1
TXN103558,CUST8777,49567.32,NETBANKING,SUCCESS,,2026-08-23 04:28:48.314360,3
TXN103559,CUST5162,13849.35,WALLET,FAILED,BANK_DECLINE,2026-08-21 16:38:48.314360,0
TXN103560,CUST9843,47250.37,NETBANKING,SUCCESS,,2026-08-06 10:17:48.314360,3
TXN103561,CUST2790,36658.3,CARD,SUCCESS,,2026-08-26 08:54:48.314360,1
TXN103562,CUST2167,37960.69,UPI,FAILED,LIMIT_EXCEEDED,2026-08-20 14:43:48.314360,3
TXN103563,CUST5993,20863.32,UPI,SUCCESS,,2026-08-09 09:58:48.314360,0
TXN103564,CUST1004,12467.5,WALLET,SUCCESS,,2026-08-13 05:43:48.314360,3
TXN103565,CUST5405,25413.7,UPI,SUCCESS,,2026-08-04 13:56:48.314360,1
TXN103566,CUST9823,44455.01,WALLET,SUCCESS,,2026-08-06 18:45:48.314360,0
TXN103567,CUST1893,9973.63,UPI,SUCCESS,,2026-08-25 22:23:48.314360,3
TXN103568,CUST6233,34722.74,UPI,SUCCESS,,2026-07-30 07:02:48.314360,2
TXN103569,CUST7878,37325.5,CARD,SUCCESS,,2026-08-19 23:27:48.314360,3
TXN103570,CUST8385,38045.38,CARD,SUCCESS,,2026-08-01 12:29:48.314360,3
TXN103571,CUST4012,7213.82,UPI,SUCCESS,,2026-08-17 20:00:48.314360,1
TXN103572,CUST3352,41422.19,NETBANKING,SUCCESS,,2026-08-07 15:07:48.314360,1
TXN103573,CUST5423,28259.89,CARD,SUCCESS,,2026-07-31 07:36:48.314360,2
TXN103574,CUST7897,34701.38,NETBANKING,SUCCESS,,2026-08-14 14:42:48.314360,3
TXN103575,CUST2380,6462.84,CARD,SUCCESS,,2026-08-01 18:05:48.314360,2
TXN103576,CUST9607,26748.94,NETBANKING,SUCCESS,,2026-08-18 19:45:48.314360,0
TXN103577,CUST5786,40363.01,UPI,SUCCESS,,2026-08-27 20:00:48.314360,0
TXN103578,CUST4488,18111.45,NETBANKING,SUCCESS,,2026-08-09 08:15:48.314360,1
TXN103579,CUST8464,7088.19,UPI,SUCCESS,,2026-08-16 12:33:48.314360,0
TXN103580,CUST1397,41072.61,WALLET,SUCCESS,,2026-08-24 05:46:48.314360,1
TXN103581,CUST6225,43922.4,WALLET,SUCCESS,,2026-07-31 02:47:48.314360,2
TXN103582,CUST6309,30682.7,CARD,SUCCESS,,2026-08-08 23:30:48.314360,1
TXN103583,CUST8702,35392.06,WALLET,FAILED,LIMIT_EXCEEDED,2026-08-19 09:10:48.314360,3
TXN103584,CUST3447,748.2,CARD,SUCCESS,,2026-08-25 12:00:48.314360,1
TXN103585,CUST3300,45867.33,CARD,FAILED,BANK_DECLINE,2026-08-17 23:43:48.314360,1
TXN103586,CUST2902,16257.73,CARD,SUCCESS,,2026-08-19 08:55:48.314360,0
TXN103587,CUST5181,5015.66,UPI,SUCCESS,,2026-07-31 18:56:48.314360,0
TXN103588,CUST8125,11881.79,UPI,SUCCESS,,2026-08-16 22:39:48.314360,0
TXN103589,CUST3355,989.06,WALLET,SUCCESS,,2026-08-12 23:14:48.314360,0
TXN103590,CUST2923,24849.37,UPI,SUCCESS,,2026-08-23 21:53:48.314360,1
TXN103591,CUST2730,20032.89,NETBANKING,FAILED,BANK_DECLINE,2026-07-31 03:52:48.314360,3
TXN103592,CUST9997,34830.96,UPI,SUCCESS,,2026-08-21 11:09:48.314360,2
TXN103593,CUST5119,4645.93,WALLET,SUCCESS,,2026-08-20 02:25:48.314360,2
TXN103594,CUST8264,49911.71,WALLET,SUCCESS,,2026-08-21 02:04:48.314360,1
TXN103595,CUST1582,27629.63,UPI,SUCCESS,,2026-08-02 22:44:48.314360,3
TXN103596,CUST1631,8078.57,CARD,SUCCESS,,2026-08-05 15:27:48.314360,2
TXN103597,CUST9798,13315.04,UPI,FAILED,NETWORK_ERROR,2026-08-12 16:54:48.314360,1
TXN103598,CUST3204,39248.53,UPI,SUCCESS,,2026-08-03 16:27:48.314360,2
TXN103599,CUST1405,34746.59,CARD,SUCCESS,,2026-08-27 12:38:48.314360,1
TXN103600,CUST2615,47993.93,WALLET,SUCCESS,,2026-08-11 13:31:48.314360,3
TXN103601,CUST6184,36236.17,WALLET,SUCCESS,,2026-08-13 09:27:48.314360,2
TXN103602,CUST4902,9082.81,WALLET,SUCCESS,,2026-08-28 04:35:48.314360,3
TXN103603,CUST7277,6985.07,UPI,SUCCESS,,2026-08-26 14:44:48.314360,0
TXN103604,CUST3327,26208.91,UPI,FAILED,NETWORK_ERROR,2026-08-12 07:11:48.314360,0
TXN103605,CUST3624,37658.23,CARD,SUCCESS,,2026-08-06 10:44:48.314360,3
TXN103606,CUST5627,47797.25,WALLET,SUCCESS,,2026-08-24 20:03:48.314360,0
TXN103607,CUST8688,31946.87,CARD,SUCCESS,,2026-08-16 23:53:48.314360,2
TXN103608,CUST4026,26256.23,WALLET,SUCCESS,,2026-08-14 00:47:48.314360,2
TXN103609,CUST4633,12787.68,WALLET,SUCCESS,,2026-08-14 15:16:48.314360,2
TXN103610,CUST1257,6159.31,CARD,SUCCESS,,2026-08-12 01:45:48.314360,1
TXN103611,CUST5590,42394.25,NETBANKING,SUCCESS,,2026-07-31 10:13:48.314360,2
TXN103612,CUST8272,18524.07,NETBANKING,SUCCESS,,2026-08-18 05:15:48.314360,1
TXN103613,CUST3519,21055.65,CARD,SUCCESS,,2026-08-06 13:10:48.314360,1
TXN103614,CUST5929,45642.53,WALLET,SUCCESS,,2026-08-09 15:59:48.314360,2
TXN103615,CUST9966,3918.71,NETBANKING,FAILED,NETWORK_ERROR,2026-08-04 06:02:48.314360,1
TXN103616,CUST5958,2360.33,NETBANKING,FAILED,NETWORK_ERROR,2026-08-13 13:32:48.314360,3
TXN103617,CUST7573,38363.72,NETBANKING,SUCCESS,,2026-08-11 01:13:48.314360,1
TXN103618,CUST3805,31427.18,WALLET,SUCCESS,,2026-08-16 14:49:48.314360,3
TXN103619,CUST1813,18769.74,NETBANKING,SUCCESS,,2026-08-06 01:45:48.314360,2
TXN103620,CUST4433,5235.08,NETBANKING,SUCCESS,,2026-08-10 01:25:48.314360,3
TXN103621,CUST5590,14047.34,UPI,SUCCESS,,2026-08-10 20:28:48.314360,2
TXN103622,CUST8148,20816.35,UPI,SUCCESS,,2026-08-14 23:12:48.314360,0
TXN103623,CUST7343,21193.63,NETBANKING,SUCCESS,,2026-08-06 16:43:48.314360,1
TXN103624,CUST2506,20011.22,CARD,SUCCESS,,2026-08-17 14:09:48.314360,3
TXN103625,CUST9810,44238.27,NETBANKING,SUCCESS,,2026-08-04 16:01:48.314360,2
TXN103626,CUST6380,42346.23,WALLET,SUCCESS,,2026-08-16 00:49:48.314360,2
TXN103627,CUST9478,2474.8,WALLET,SUCCESS,,2026-08-20 20:26:48.314360,0
TXN103628,CUST7773,7087.65,WALLET,SUCCESS,,2026-08-09 03:45:48.314360,2
TXN103629,CUST3594,5489.37,NETBANKING,SUCCESS,,2026-08-24 08:20:48.314360,1
TXN103630,CUST9877,3613.66,WALLET,SUCCESS,,2026-08-23 14:05:48.314360,1
TXN103631,CUST6807,32260.93,NETBANKING,SUCCESS,,2026-08-24 07:17:48.314360,0
TXN103632,CUST6190,8181.92,UPI,SUCCESS,,2026-08-24 05:17:48.314360,0
TXN103633,CUST3797,18383.38,UPI,SUCCESS,,2026-08-19 13:54:48.314360,2
TXN103634,CUST3439,30018.07,UPI,SUCCESS,,2026-08-03 05:56:48.314360,1
TXN103635,CUST7416,19526.7,UPI,SUCCESS,,2026-08-24 07:26:48.314360,3
TXN103636,CUST1579,35279.62,UPI,SUCCESS,,2026-08-27 17:13:48.314360,0
TXN103637,CUST3530,22239.18,NETBANKING,FAILED,NETWORK_ERROR,2026-08-09 18:24:48.314360,2
TXN103638,CUST1595,4678.28,CARD,FAILED,LIMIT_EXCEEDED,2026-08-24 12:30:48.314360,1
TXN103639,CUST1541,32996.51,WALLET,SUCCESS,,2026-08-19 12:16:48.314360,1
TXN103640,CUST6479,40663.62,NETBANKING,SUCCESS,,2026-08-01 21:22:48.314360,3
TXN103641,CUST6798,24529.52,UPI,FAILED,BANK_DECLINE,2026-08-15 18:32:48.314360,2
TXN103642,CUST8161,40841.71,NETBANKING,SUCCESS,,2026-08-17 15:05:48.314360,3
TXN103643,CUST1494,18776.95,CARD,SUCCESS,,2026-08-20 11:29:48.314360,3
TXN103644,CUST2720,23855.93,NETBANKING,SUCCESS,,2026-08-02 08:15:48.314360,2
TXN103645,CUST1573,26371.35,CARD,SUCCESS,,2026-07-31 07:18:48.314360,0
TXN103646,CUST2368,9956.9,UPI,SUCCESS,,2026-08-15 08:17:48.314360,2
TXN103647,CUST5271,25903.33,WALLET,SUCCESS,,2026-08-20 02:16:48.314360,3
TXN103648,CUST9636,19058.78,WALLET,SUCCESS,,2026-08-07 14:32:48.314360,3
TXN103649,CUST7215,22643.32,CARD,SUCCESS,,2026-08-02 19:45:48.314360,0
TXN103650,CUST2472,40344.58,NETBANKING,SUCCESS,,2026-08-24 21:43:48.314360,1
TXN103651,CUST5961,36132.99,UPI,SUCCESS,,2026-08-12 07:47:48.314360,0
TXN103652,CUST8838,47529.64,NETBANKING,SUCCESS,,2026-07-30 03:24:48.314360,3
TXN103653,CUST5763,25672.98,CARD,SUCCESS,,2026-08-03 10:22:48.314360,3
TXN103654,CUST1155,16463.43,CARD,SUCCESS,,2026-08-11 00:42:48.314360,1
TXN103655,CUST3648,41140.45,NETBANKING,SUCCESS,,2026-08-10 07:18:48.314360,1
TXN103656,CUST4151,10537.0,UPI,SUCCESS,,2026-08-16 08:13:48.314360,1
TXN103657,CUST3401,40935.89,CARD,FAILED,INSUFFICIENT_FUNDS,2026-08-24 06:10:48.314360,2
TXN103658,CUST7759,48271.11,UPI,SUCCESS,,2026-08-07 19:08:48.314360,3
TXN103659,CUST4015,21862.37,WALLET,FAILED,BANK_DECLINE,2026-08-01 18:49:48.314360,3
TXN103660,CUST3266,26197.06,WALLET,SUCCESS,,2026-08-26 10:52:48.314360,0
TXN103661,CUST1038,27631.33,UPI,SUCCESS,,2026-08-06 02:46:48.314360,3
TXN103662,CUST5082,28441.29,WALLET,SUCCESS,,2026-08-24 15:12:48.314360,0
TXN103663,CUST2304,20213.74,CARD,FAILED,BANK_DECLINE,2026-08-19 10:53:48.314360,0
TXN103664,CUST8306,20748.27,WALLET,FAILED,INSUFFICIENT_FUNDS,2026-08-13 18:32:48.314360,0
TXN103665,CUST6949,6710.06,NETBANKING,SUCCESS,,2026-08-08 10:09:48.314360,1
TXN103666,CUST2484,24890.7,CARD,SUCCESS,,2026-07-31 09:33:48.314360,1
TXN103667,CUST9908,27715.11,WALLET,SUCCESS,,2026-08-06 13:25:48.314360,2
TXN103668,CUST9151,42101.76,NETBANKING,SUCCESS,,2026-08-08 21:23:48.314360,1
TXN103669,CUST1658,45126.24,NETBANKING,SUCCESS,,2026-08-06 20:20:48.314360,3
TXN103670,CUST1524,24168.18,WALLET,FAILED,INSUFFICIENT_FUNDS,2026-08-12 13:12:48.314360,3
TXN103671,CUST7521,27547.57,CARD,SUCCESS,,2026-08-11 00:01:48.314360,3
TXN103672,CUST3560,9645.46,WALLET,SUCCESS,,2026-08-19 11:04:48.314360,2
TXN103673,CUST2164,8923.33,NETBANKING,SUCCESS,,2026-08-10 00:54:48.314360,3
TXN103674,CUST1243,27786.01,NETBANKING,SUCCESS,,2026-08-18 08:56:48.314360,1
TXN103675,CUST5919,20455.86,UPI,FAILED,NETWORK_ERROR,2026-08-17 10:37:48.314360,3
TXN103676,CUST6488,7677.47,WALLET,SUCCESS,,2026-08-26 22:01:48.314360,2
TXN103677,CUST7189,37017.23,CARD,SUCCESS,,2026-08-04 21:31:48.314360,3
TXN103678,CUST2088,32466.43,NETBANKING,SUCCESS,,2026-08-08 19:50:48.314360,2
TXN103679,CUST7611,42842.46,NETBANKING,SUCCESS,,2026-08-18 19:20:48.314360,3
TXN103680,CUST3853,11520.77,WALLET,SUCCESS,,2026-08-08 14:00:48.314360,3
TXN103681,CUST1676,42995.79,NETBANKING,SUCCESS,,2026-08-13 17:10:48.314360,2
TXN103682,CUST1940,28612.63,CARD,SUCCESS,,2026-07-31 11:53:48.314360,2
TXN103683,CUST1834,31893.2,WALLET,SUCCESS,,2026-08-24 10:05:48.314360,0
TXN103684,CUST3934,35176.19,NETBANKING,SUCCESS,,2026-08-10 01:02:48.314360,2
TXN103685,CUST5828,25444.42,UPI,SUCCESS,,2026-08-25 07:19:48.314360,1
TXN103686,CUST9983,11133.03,NETBANKING,SUCCESS,,2026-08-28 10:38:48.314360,3
TXN103687,CUST9738,11369.88,UPI,SUCCESS,,2026-08-06 20:24:48.314360,0
TXN103688,CUST7071,35313.71,WALLET,SUCCESS,,2026-08-14 16:12:48.314360,1
TXN103689,CUST5577,44618.63,WALLET,SUCCESS,,2026-08-20 15:00:48.314360,1
TXN103690,CUST8388,9898.67,NETBANKING,SUCCESS,,2026-08-19 03:11:48.314360,0
TXN103691,CUST7816,21075.99,UPI,SUCCESS,,2026-08-20 07:17:48.314360,3
TXN103692,CUST9190,6562.84,CARD,SUCCESS,,2026-08-24 01:59:48.314360,3
TXN103693,CUST2336,36205.63,CARD,SUCCESS,,2026-08-14 16:53:48.314360,3
TXN103694,CUST4813,38816.95,UPI,FAILED,TIMEOUT,2026-08-13 13:52:48.314360,0
TXN103695,CUST5616,11268.48,WALLET,SUCCESS,,2026-08-01 23:41:48.314360,1
TXN103696,CUST8292,44307.46,WALLET,SUCCESS,,2026-08-15 13:33:48.314360,3
TXN103697,CUST1656,20104.39,UPI,SUCCESS,,2026-08-23 11:32:48.314360,1
TXN103698,CUST7745,16589.54,CARD,FAILED,BANK_DECLINE,2026-08-20 17:20:48.314360,3
TXN103699,CUST1081,6995.5,NETBANKING,SUCCESS,,2026-08-12 10:51:48.314360,3
TXN103700,CUST5006,14532.03,NETBANKING,FAILED,LIMIT_EXCEEDED,2026-08-08 03:58:48.314360,1
TXN103701,CUST9663,8507.77,CARD,SUCCESS,,2026-08-25 06:49:48.314360,3
TXN103702,CUST6548,14330.81,WALLET,SUCCESS,,2026-08-22 16:11:48.314360,1
TXN103703,CUST7106,6802.28,NETBANKING,SUCCESS,,2026-08-02 14:03:48.314360,1
TXN103704,CUST6029,3622.21,UPI,SUCCESS,,2026-08-04 12:15:48.314360,1
TXN103705,CUST9920,3402.66,NETBANKING,SUCCESS,,2026-08-16 23:10:48.314360,0
TXN103706,CUST4870,33430.91,UPI,SUCCESS,,2026-08-21 16:35:48.314360,0
TXN103707,CUST4412,29098.95,UPI,SUCCESS,,2026-08-03 08:51:48.314360,2
TXN103708,CUST5436,29797.41,WALLET,SUCCESS,,2026-07-30 03:44:48.314360,2
TXN103709,CUST6400,37051.23,NETBANKING,SUCCESS,,2026-08-08 23:07:48.314360,0
TXN103710,CUST2006,28439.94,CARD,SUCCESS,,2026-08-18 14:12:48.314360,0
TXN103711,CUST1813,14441.45,UPI,SUCCESS,,2026-08-06 05:36:48.314360,1
TXN103712,CUST5940,45132.21,WALLET,SUCCESS,,2026-07-30 00:12:48.314360,3
TXN103713,CUST8884,1501.75,NETBANKING,SUCCESS,,2026-08-23 14:49:48.314360,0
TXN103714,CUST5801,7407.02,WALLET,SUCCESS,,2026-08-13 18:43:48.314360,1
TXN103715,CUST5405,40151.33,NETBANKING,SUCCESS,,2026-08-02 02:56:48.314360,1
TXN103716,CUST5747,44766.93,WALLET,SUCCESS,,2026-08-21 04:38:48.314360,3
TXN103717,CUST9616,21526.97,WALLET,SUCCESS,,2026-07-30 17:14:48.314360,3
TXN103718,CUST6940,5440.09,UPI,FAILED,BANK_DECLINE,2026-08-14 02:23:48.314360,3
TXN103719,CUST6043,4514.66,CARD,SUCCESS,,2026-08-07 14:12:48.314360,1
TXN103720,CUST7194,43935.18,NETBANKING,SUCCESS,,2026-08-16 10:30:48.314360,1
TXN103721,CUST7865,9958.14,UPI,SUCCESS,,2026-08-06 12:09:48.314360,1
TXN103722,CUST7540,8368.98,NETBANKING,SUCCESS,,2026-08-14 10:11:48.314360,3
TXN103723,CUST5688,48107.05,NETBANKING,SUCCESS,,2026-08-10 06:02:48.314360,1
TXN103724,CUST7267,28943.33,UPI,SUCCESS,,2026-08-21 19:13:48.314360,3
TXN103725,CUST1117,23043.26,UPI,FAILED,TIMEOUT,2026-08-25 11:28:48.314360,0
TXN103726,CUST3438,9680.46,WALLET,SUCCESS,,2026-08-23 17:15:48.314360,1
TXN103727,CUST2077,44957.6,WALLET,SUCCESS,,2026-08-26 14:58:48.314360,1
TXN103728,CUST4615,31449.41,NETBANKING,SUCCESS,,2026-08-12 03:25:48.314360,0
TXN103729,CUST7979,28954.44,WALLET,SUCCESS,,2026-08-07 03:23:48.314360,0
TXN103730,CUST4039,42519.62,UPI,FAILED,BANK_DECLINE,2026-08-07 14:14:48.314360,1
TXN103731,CUST1282,35535.68,WALLET,SUCCESS,,2026-08-26 22:27:48.314360,0
TXN103732,CUST5801,3637.02,NETBANKING,SUCCESS,,2026-08-01 23:50:48.314360,3
TXN103733,CUST7147,566.68,CARD,SUCCESS,,2026-08-28 09:18:48.314360,1
TXN103734,CUST8319,28276.2,NETBANKING,SUCCESS,,2026-08-03 10:17:48.314360,0
TXN103735,CUST5474,17380.7,UPI,SUCCESS,,2026-08-21 12:27:48.314360,3
TXN103736,CUST7762,32489.92,UPI,SUCCESS,,2026-08-07 06:49:48.314360,2
TXN103737,CUST5455,18796.02,CARD,SUCCESS,,2026-08-13 21:56:48.314360,3
TXN103738,CUST7439,11016.72,UPI,SUCCESS,,2026-08-17 20:01:48.314360,3
TXN103739,CUST7648,46772.48,WALLET,SUCCESS,,2026-08-11 06:27:48.314360,3
TXN103740,CUST7996,44943.11,CARD,SUCCESS,,2026-08-10 02:41:48.314360,3
TXN103741,CUST5631,40548.97,CARD,SUCCESS,,2026-08-25 09:08:48.314360,2
TXN103742,CUST9317,11730.34,UPI,SUCCESS,,2026-08-02 18:58:48.314360,3
TXN103743,CUST1379,5640.43,NETBANKING,SUCCESS,,2026-08-08 12:47:48.314360,2
TXN103744,CUST2215,44892.06,UPI,SUCCESS,,2026-08-26 04:27:48.314360,1
TXN103745,CUST2957,23646.9,UPI,SUCCESS,,2026-08-01 01:32:48.314360,1
TXN103746,CUST4554,45235.14,WALLET,SUCCESS,,2026-08-03 08:49:48.314360,0
TXN103747,CUST9917,27604.1,CARD,SUCCESS,,2026-08-22 15:59:48.314360,3
TXN103748,CUST1981,28323.12,NETBANKING,SUCCESS,,2026-08-05 01:31:48.314360,2
TXN103749,CUST7710,24552.72,CARD,SUCCESS,,2026-08-17 06:23:48.314360,0
TXN103750,CUST7179,49596.12,WALLET,SUCCESS,,2026-08-21 18:44:48.314360,1
TXN103751,CUST4293,928.37,WALLET,SUCCESS,,2026-08-20 10:53:48.314360,0
TXN103752,CUST5551,3899.1,CARD,SUCCESS,,2026-08-10 22:58:48.314360,3
TXN103753,CUST3845,15471.86,CARD,SUCCESS,,2026-08-01 15:35:48.314360,0
TXN103754,CUST2082,7022.31,CARD,SUCCESS,,2026-08-17 23:28:48.314360,0
TXN103755,CUST5646,33553.2,NETBANKING,SUCCESS,,2026-07-30 09:19:48.314360,1
TXN103756,CUST8293,47699.58,CARD,SUCCESS,,2026-08-25 18:40:48.314360,0
TXN103757,CUST6456,44256.35,NETBANKING,SUCCESS,,2026-08-03 01:35:48.314360,1
TXN103758,CUST7018,39512.19,NETBANKING,FAILED,BANK_DECLINE,2026-08-05 04:43:48.314360,0
TXN103759,CUST1332,7146.42,NETBANKING,SUCCESS,,2026-08-26 05:22:48.314360,2
TXN103760,CUST2271,33501.03,NETBANKING,SUCCESS,,2026-08-18 12:16:48.314360,3
TXN103761,CUST3744,33114.91,NETBANKING,SUCCESS,,2026-08-19 02:36:48.314360,1
TXN103762,CUST9782,23206.85,CARD,SUCCESS,,2026-08-06 07:56:48.314360,2
TXN103763,CUST8141,38867.22,CARD,SUCCESS,,2026-08-25 18:52:48.314360,3
TXN103764,CUST7851,31283.66,WALLET,SUCCESS,,2026-08-14 19:05:48.314360,0
TXN103765,CUST5922,38867.47,CARD,SUCCESS,,2026-08-02 15:02:48.314360,3
TXN103766,CUST2717,42490.75,UPI,SUCCESS,,2026-08-25 00:04:48.314360,1
TXN103767,CUST1957,41642.43,UPI,SUCCESS,,2026-08-19 10:14:48.314360,3
TXN103768,CUST3002,31085.86,WALLET,SUCCESS,,2026-08-25 19:55:48.314360,1
TXN103769,CUST6457,23792.75,WALLET,SUCCESS,,2026-08-20 14:38:48.314360,3
TXN103770,CUST3818,26130.37,WALLET,SUCCESS,,2026-08-27 17:43:48.314360,0
TXN103771,CUST6094,22228.57,CARD,FAILED,TIMEOUT,2026-08-25 01:06:48.314360,0
TXN103772,CUST6405,39583.94,UPI,SUCCESS,,2026-08-28 09:16:48.314360,0
TXN103773,CUST8781,22793.71,WALLET,SUCCESS,,2026-08-07 13:11:48.314360,1
TXN103774,CUST5827,626.59,NETBANKING,SUCCESS,,2026-08-14 10:14:48.314360,0
TXN103775,CUST2252,5925.07,UPI,SUCCESS,,2026-08-22 15:03:48.314360,3
TXN103776,CUST5931,48076.37,NETBANKING,SUCCESS,,2026-08-21 13:50:48.314360,2
TXN103777,CUST3193,19257.72,CARD,SUCCESS,,2026-08-25 21:13:48.314360,3
TXN103778,CUST1337,49144.39,WALLET,SUCCESS,,2026-08-05 14:51:48.314360,0
TXN103779,CUST4841,36024.72,CARD,SUCCESS,,2026-08-10 10:35:48.314360,0
TXN103780,CUST4411,49423.77,WALLET,SUCCESS,,2026-08-28 06:17:48.314360,1
TXN103781,CUST2282,25754.67,NETBANKING,SUCCESS,,2026-08-09 15:24:48.314360,0
TXN103782,CUST8265,46218.77,NETBANKING,SUCCESS,,2026-08-06 17:52:48.314360,0
TXN103783,CUST6582,43839.3,NETBANKING,SUCCESS,,2026-08-16 12:25:48.314360,3
TXN103784,CUST2481,25573.07,UPI,SUCCESS,,2026-07-30 12:24:48.314360,3
TXN103785,CUST6790,38000.38,UPI,SUCCESS,,2026-08-12 21:57:48.314360,3
TXN103786,CUST5883,43429.59,WALLET,SUCCESS,,2026-08-18 22:07:48.314360,3
TXN103787,CUST7149,47840.47,CARD,SUCCESS,,2026-08-23 13:07:48.314360,2
TXN103788,CUST8230,33776.23,NETBANKING,SUCCESS,,2026-08-17 07:18:48.314360,3
TXN103789,CUST7662,19423.63,CARD,SUCCESS,,2026-08-07 05:56:48.314360,3
TXN103790,CUST3786,26576.34,WALLET,SUCCESS,,2026-08-12 14:21:48.314360,3
TXN103791,CUST1339,21862.8,UPI,FAILED,BANK_DECLINE,2026-08-20 01:37:48.314360,3
TXN103792,CUST8044,2762.49,NETBANKING,SUCCESS,,2026-07-31 08:42:48.314360,2
TXN103793,CUST1762,34175.86,WALLET,SUCCESS,,2026-08-28 20:22:48.314360,3
TXN103794,CUST6190,44570.83,CARD,SUCCESS,,2026-08-24 04:23:48.314360,1
TXN103795,CUST5941,30729.84,CARD,SUCCESS,,2026-08-24 15:24:48.314360,3
TXN103796,CUST7037,11413.33,CARD,SUCCESS,,2026-08-27 12:30:48.314360,2
TXN103797,CUST2660,42352.14,CARD,SUCCESS,,2026-08-12 15:07:48.314360,3
TXN103798,CUST2100,29781.18,CARD,SUCCESS,,2026-08-10 14:50:48.314360,0
TXN103799,CUST7927,35678.86,WALLET,FAILED,TIMEOUT,2026-08-11 23:54:48.314360,2
TXN103800,CUST7904,39562.32,UPI,SUCCESS,,2026-08-05 23:36:48.314360,2
TXN103801,CUST2110,15815.68,CARD,SUCCESS,,2026-08-03 11:06:48.314360,3
TXN103802,CUST4531,14270.33,UPI,SUCCESS,,2026-08-14 04:15:48.314360,1
TXN103803,CUST6561,47857.18,NETBANKING,SUCCESS,,2026-08-17 10:35:48.314360,3
TXN103804,CUST8734,10658.15,CARD,SUCCESS,,2026-08-18 21:41:48.314360,0
TXN103805,CUST7013,44915.72,NETBANKING,SUCCESS,,2026-08-06 08:15:48.314360,0
TXN103806,CUST1342,49713.09,NETBANKING,SUCCESS,,2026-08-10 08:50:48.314360,1
TXN103807,CUST5675,44901.94,NETBANKING,SUCCESS,,2026-08-26 01:48:48.314360,3
TXN103808,CUST8335,30084.36,WALLET,SUCCESS,,2026-08-05 14:17:48.314360,2
TXN103809,CUST5856,41226.18,CARD,SUCCESS,,2026-08-02 16:10:48.314360,1
TXN103810,CUST5311,8320.21,CARD,SUCCESS,,2026-08-18 21:08:48.314360,2
TXN103811,CUST2742,26473.34,WALLET,SUCCESS,,2026-08-03 07:00:48.314360,1
TXN103812,CUST7187,4991.95,UPI,SUCCESS,,2026-07-30 11:54:48.314360,0
TXN103813,CUST5366,10724.05,WALLET,FAILED,NETWORK_ERROR,2026-08-19 07:33:48.314360,1
TXN103814,CUST7802,34550.02,UPI,SUCCESS,,2026-08-27 17:52:48.314360,0
TXN103815,CUST7445,23594.43,CARD,SUCCESS,,2026-08-28 13:26:48.314360,2
TXN103816,CUST1354,28737.95,UPI,FAILED,NETWORK_ERROR,2026-08-15 09:43:48.314360,2
TXN103817,CUST6467,10061.91,UPI,SUCCESS,,2026-08-27 12:53:48.314360,2
TXN103818,CUST7540,20697.06,UPI,SUCCESS,,2026-08-28 09:21:48.314360,1
TXN103819,CUST9560,7280.41,UPI,SUCCESS,,2026-08-25 00:58:48.314360,1
TXN103820,CUST5670,21385.42,WALLET,SUCCESS,,2026-08-19 06:48:48.314360,3
TXN103821,CUST4183,6854.69,CARD,SUCCESS,,2026-08-01 01:27:48.314360,3
TXN103822,CUST4437,43325.88,NETBANKING,SUCCESS,,2026-07-30 16:31:48.314360,3
TXN103823,CUST1666,18317.14,NETBANKING,FAILED,TIMEOUT,2026-08-23 23:58:48.314360,2
TXN103824,CUST4722,18773.37,WALLET,SUCCESS,,2026-08-13 12:13:48.314360,1
TXN103825,CUST8184,13990.41,CARD,SUCCESS,,2026-08-12 14:36:48.314360,0
TXN103826,CUST7589,13454.14,WALLET,FAILED,LIMIT_EXCEEDED,2026-08-25 17:53:48.314360,0
TXN103827,CUST5261,21986.13,CARD,FAILED,INSUFFICIENT_FUNDS,2026-08-12 19:39:48.314360,1
TXN103828,CUST9751,8041.07,UPI,SUCCESS,,2026-08-26 15:14:48.314360,2
TXN103829,CUST6002,18827.99,CARD,SUCCESS,,2026-08-02 06:16:48.314360,2
TXN103830,CUST1779,15571.45,WALLET,SUCCESS,,2026-08-15 16:05:48.314360,1
TXN103831,CUST3323,12732.32,CARD,SUCCESS,,2026-08-16 20:27:48.314360,0
TXN103832,CUST4451,42574.38,CARD,SUCCESS,,2026-08-22 14:17:48.314360,1
TXN103833,CUST6528,49862.94,CARD,SUCCESS,,2026-08-01 05:52:48.314360,3
TXN103834,CUST9098,39574.75,CARD,SUCCESS,,2026-08-13 01:23:48.314360,2
TXN103835,CUST6233,4231.95,UPI,SUCCESS,,2026-08-17 15:05:48.314360,2
TXN103836,CUST5396,19953.83,NETBANKING,SUCCESS,,2026-08-17 19:04:48.314360,0
TXN103837,CUST5200,31393.75,NETBANKING,SUCCESS,,2026-08-04 16:11:48.314360,0
TXN103838,CUST5466,32377.44,UPI,SUCCESS,,2026-08-28 05:14:48.314360,0
TXN103839,CUST1588,10728.96,UPI,FAILED,NETWORK_ERROR,2026-08-05 04:07:48.314360,2
TXN103840,CUST2980,17173.93,WALLET,SUCCESS,,2026-08-11 23:26:48.314360,2
TXN103841,CUST3574,3022.77,NETBANKING,SUCCESS,,2026-08-15 02:47:48.314360,0
TXN103842,CUST8249,47135.95,UPI,SUCCESS,,2026-07-30 20:33:48.314360,2
TXN103843,CUST1144,2020.46,WALLET,SUCCESS,,2026-08-13 14:35:48.314360,2
TXN103844,CUST5038,4840.64,CARD,SUCCESS,,2026-08-19 16:03:48.314360,2
TXN103845,CUST3113,36933.83,CARD,FAILED,LIMIT_EXCEEDED,2026-08-28 03:28:48.314360,1
TXN103846,CUST4276,43558.69,NETBANKING,SUCCESS,,2026-08-18 22:19:48.314360,2
TXN103847,CUST5060,9035.4,WALLET,SUCCESS,,2026-08-16 04:07:48.314360,3
TXN103848,CUST4413,1825.24,NETBANKING,SUCCESS,,2026-08-03 00:21:48.314360,0
TXN103849,CUST9524,5071.73,WALLET,FAILED,BANK_DECLINE,2026-08-24 02:28:48.314360,0
TXN103850,CUST9786,42238.1,CARD,FAILED,INSUFFICIENT_FUNDS,2026-08-03 01:07:48.314360,0
TXN103851,CUST2156,43545.68,NETBANKING,FAILED,INSUFFICIENT_FUNDS,2026-08-19 21:55:48.314360,3
TXN103852,CUST4713,23346.28,NETBANKING,SUCCESS,,2026-08-10 18:36:48.314360,1
TXN103853,CUST5234,39837.39,CARD,FAILED,LIMIT_EXCEEDED,2026-08-01 15:57:48.314360,1
TXN103854,CUST3624,31677.82,UPI,SUCCESS,,2026-08-28 12:43:48.314360,2
TXN103855,CUST8892,45648.81,WALLET,SUCCESS,,2026-08-13 13:47:48.314360,2
TXN103856,CUST8077,43452.84,WALLET,SUCCESS,,2026-08-13 09:00:48.314360,2
TXN103857,CUST1802,21002.48,UPI,SUCCESS,,2026-08-23 07:26:48.314360,2
TXN103858,CUST1066,33737.06,NETBANKING,SUCCESS,,2026-08-02 08:03:48.314360,3
TXN103859,CUST1737,25585.91,WALLET,SUCCESS,,2026-08-15 08:29:48.314360,1
TXN103860,CUST7871,29374.27,NETBANKING,SUCCESS,,2026-08-08 20:18:48.314360,3
TXN103861,CUST1599,24320.06,UPI,SUCCESS,,2026-08-25 04:28:48.314360,2
TXN103862,CUST8371,2583.58,UPI,SUCCESS,,2026-08-09 04:41:48.314360,2
TXN103863,CUST7859,30920.86,UPI,SUCCESS,,2026-08-12 19:37:48.314360,1
TXN103864,CUST6030,38355.05,NETBANKING,SUCCESS,,2026-08-19 20:38:48.314360,2
TXN103865,CUST7945,23245.76,UPI,SUCCESS,,2026-08-24 02:31:48.314360,2
TXN103866,CUST9991,40699.37,UPI,SUCCESS,,2026-08-19 00:13:48.314360,1
TXN103867,CUST7913,11166.3,NETBANKING,SUCCESS,,2026-08-13 09:48:48.314360,1
TXN103868,CUST9213,26901.77,UPI,SUCCESS,,2026-08-12 07:37:48.314360,2
TXN103869,CUST8250,22702.68,WALLET,FAILED,BANK_DECLINE,2026-08-17 13:27:48.314360,3
TXN103870,CUST6066,11927.17,UPI,SUCCESS,,2026-07-31 01:32:48.314360,3
TXN103871,CUST9417,2236.37,NETBANKING,SUCCESS,,2026-08-01 12:34:48.314360,1
TXN103872,CUST4224,40686.98,CARD,SUCCESS,,2026-08-08 03:38:48.314360,3
TXN103873,CUST4117,10024.56,UPI,SUCCESS,,2026-08-12 08:35:48.314360,0
TXN103874,CUST1817,43330.29,NETBANKING,SUCCESS,,2026-08-24 12:11:48.314360,0
TXN103875,CUST8710,23912.28,CARD,FAILED,TIMEOUT,2026-07-31 04:18:48.314360,1
TXN103876,CUST7653,26870.25,NETBANKING,FAILED,TIMEOUT,2026-08-16 13:38:48.314360,2
TXN103877,CUST6900,39223.0,CARD,SUCCESS,,2026-08-23 05:48:48.314360,3
TXN103878,CUST2483,25662.12,WALLET,SUCCESS,,2026-08-04 14:40:48.314360,2
TXN103879,CUST9631,41553.57,WALLET,SUCCESS,,2026-08-28 14:04:48.314360,3
TXN103880,CUST1657,10245.64,WALLET,SUCCESS,,2026-07-30 00:17:48.314360,0
TXN103881,CUST4871,30604.96,NETBANKING,FAILED,TIMEOUT,2026-07-30 22:29:48.314360,1
TXN103882,CUST9002,6106.5,UPI,FAILED,LIMIT_EXCEEDED,2026-08-19 00:08:48.314360,2
TXN103883,CUST3454,25756.26,CARD,SUCCESS,,2026-08-04 20:12:48.314360,2
TXN103884,CUST8711,18508.81,CARD,SUCCESS,,2026-08-17 04:59:48.314360,3
TXN103885,CUST1040,19295.27,WALLET,SUCCESS,,2026-08-13 01:18:48.314360,1
TXN103886,CUST5928,14612.54,NETBANKING,SUCCESS,,2026-07-30 09:05:48.314360,3
TXN103887,CUST4330,1099.74,WALLET,SUCCESS,,2026-08-12 03:13:48.314360,3
TXN103888,CUST2371,36313.66,NETBANKING,SUCCESS,,2026-08-24 03:04:48.314360,2
TXN103889,CUST3530,45056.07,CARD,FAILED,INSUFFICIENT_FUNDS,2026-08-03 17:45:48.314360,3
TXN103890,CUST8439,7488.03,CARD,SUCCESS,,2026-08-28 09:10:48.314360,2
TXN103891,CUST8096,7048.98,WALLET,SUCCESS,,2026-08-18 04:57:48.314360,2
TXN103892,CUST4554,42315.2,CARD,SUCCESS,,2026-08-05 23:11:48.314360,0
TXN103893,CUST1636,5238.71,WALLET,SUCCESS,,2026-08-01 11:57:48.314360,0
TXN103894,CUST1127,6263.16,NETBANKING,SUCCESS,,2026-08-15 02:19:48.314360,2
TXN103895,CUST3201,13256.82,WALLET,SUCCESS,,2026-08-18 03:34:48.314360,0
TXN103896,CUST9119,42931.14,CARD,SUCCESS,,2026-08-09 08:44:48.314360,0
TXN103897,CUST1916,956.78,NETBANKING,SUCCESS,,2026-08-04 07:04:48.314360,1
TXN103898,CUST2288,19916.37,WALLET,SUCCESS,,2026-08-09 03:59:48.314360,0
TXN103899,CUST1339,36691.33,NETBANKING,FAILED,NETWORK_ERROR,2026-08-23 19:03:48.314360,1
TXN103900,CUST8909,45815.55,CARD,SUCCESS,,2026-08-06 05:52:48.314360,1
TXN103901,CUST6638,12360.26,CARD,SUCCESS,,2026-07-30 12:03:48.314360,3
TXN103902,CUST2692,4322.2,UPI,SUCCESS,,2026-08-01 11:02:48.314360,1
TXN103903,CUST5506,7613.35,UPI,SUCCESS,,2026-08-21 02:46:48.314360,3
TXN103904,CUST7938,15010.1,CARD,SUCCESS,,2026-07-31 16:39:48.314360,2
TXN103905,CUST3311,4835.79,NETBANKING,FAILED,INSUFFICIENT_FUNDS,2026-08-24 00:22:48.314360,0
TXN103906,CUST9195,45446.26,NETBANKING,SUCCESS,,2026-08-28 12:24:48.314360,2
TXN103907,CUST1470,47962.12,UPI,SUCCESS,,2026-08-05 14:07:48.314360,0
TXN103908,CUST1378,35598.22,CARD,SUCCESS,,2026-08-16 12:33:48.314360,0
TXN103909,CUST4917,43975.88,WALLET,SUCCESS,,2026-08-13 00:48:48.314360,0
TXN103910,CUST1907,45025.38,UPI,FAILED,TIMEOUT,2026-08-06 06:46:48.314360,3
TXN103911,CUST6709,41436.32,WALLET,SUCCESS,,2026-08-21 05:47:48.314360,3
TXN103912,CUST3365,42158.04,UPI,FAILED,LIMIT_EXCEEDED,2026-08-05 14:27:48.314360,2
TXN103913,CUST5617,12143.24,NETBANKING,SUCCESS,,2026-08-19 05:23:48.314360,1
TXN103914,CUST4467,44253.05,CARD,SUCCESS,,2026-08-07 11:46:48.314360,1
TXN103915,CUST8711,33063.26,NETBANKING,SUCCESS,,2026-08-05 16:01:48.314360,0
TXN103916,CUST3589,44398.67,NETBANKING,FAILED,TIMEOUT,2026-08-25 18:26:48.314360,0
TXN103917,CUST8353,13225.9,WALLET,SUCCESS,,2026-08-18 09:03:48.314360,3
TXN103918,CUST9922,15799.03,CARD,SUCCESS,,2026-08-05 22:35:48.314360,0
TXN103919,CUST8704,47173.51,WALLET,SUCCESS,,2026-08-23 17:40:48.314360,1
TXN103920,CUST5537,20007.5,CARD,SUCCESS,,2026-08-01 18:46:48.314360,2
TXN103921,CUST6084,30204.98,WALLET,SUCCESS,,2026-08-02 03:44:48.314360,3
TXN103922,CUST3943,41019.62,WALLET,SUCCESS,,2026-08-07 06:34:48.314360,3
TXN103923,CUST4959,14744.51,WALLET,FAILED,TIMEOUT,2026-08-06 05:52:48.314360,0
TXN103924,CUST7547,24714.19,CARD,SUCCESS,,2026-08-20 05:43:48.314360,3
TXN103925,CUST5052,40178.6,CARD,SUCCESS,,2026-08-24 18:13:48.314360,0
TXN103926,CUST7635,3608.84,WALLET,FAILED,BANK_DECLINE,2026-08-07 09:52:48.314360,1
TXN103927,CUST5663,33425.24,WALLET,FAILED,NETWORK_ERROR,2026-08-05 03:07:48.314360,1
TXN103928,CUST1282,49664.94,CARD,SUCCESS,,2026-08-21 13:51:48.314360,0
TXN103929,CUST4207,41104.47,WALLET,SUCCESS,,2026-08-26 14:37:48.314360,0
TXN103930,CUST2915,47005.37,CARD,SUCCESS,,2026-08-10 22:58:48.314360,2
TXN103931,CUST1288,3534.96,UPI,SUCCESS,,2026-07-31 21:08:48.314360,2
TXN103932,CUST1553,23494.39,NETBANKING,SUCCESS,,2026-08-15 07:59:48.314360,3
TXN103933,CUST8944,32799.36,UPI,SUCCESS,,2026-08-13 17:12:48.314360,1
TXN103934,CUST3096,47941.93,CARD,SUCCESS,,2026-08-20 04:19:48.314360,1
TXN103935,CUST9144,37414.28,UPI,SUCCESS,,2026-08-11 07:23:48.314360,1
TXN103936,CUST6014,18191.6,CARD,SUCCESS,,2026-08-18 04:26:48.314360,1
TXN103937,CUST9173,48428.19,UPI,SUCCESS,,2026-08-17 18:11:48.314360,0
TXN103938,CUST3185,49686.73,CARD,SUCCESS,,2026-08-04 21:45:48.314360,1
TXN103939,CUST5965,21647.51,NETBANKING,SUCCESS,,2026-08-19 11:19:48.314360,2
TXN103940,CUST4690,28537.41,CARD,SUCCESS,,2026-08-05 03:45:48.314360,0
TXN103941,CUST5619,3906.64,UPI,SUCCESS,,2026-08-07 00:02:48.314360,3
TXN103942,CUST9882,36995.85,WALLET,SUCCESS,,2026-08-02 20:31:48.314360,1
TXN103943,CUST7369,23486.48,UPI,FAILED,NETWORK_ERROR,2026-08-02 07:20:48.314360,2
TXN103944,CUST7325,14643.98,UPI,FAILED,INSUFFICIENT_FUNDS,2026-08-04 20:01:48.314360,0
TXN103945,CUST5905,8984.41,CARD,SUCCESS,,2026-08-09 22:53:48.314360,2
TXN103946,CUST5916,23454.96,UPI,FAILED,INSUFFICIENT_FUNDS,2026-08-12 23:43:48.314360,3
TXN103947,CUST4823,11059.21,WALLET,SUCCESS,,2026-08-14 15:23:48.314360,1
TXN103948,CUST8273,20279.08,UPI,SUCCESS,,2026-08-22 19:57:48.314360,1
TXN103949,CUST4105,16905.63,WALLET,SUCCESS,,2026-08-14 17:42:48.314360,2
TXN103950,CUST1397,39885.37,NETBANKING,SUCCESS,,2026-08-20 21:13:48.314360,3
TXN103951,CUST8260,13393.57,CARD,SUCCESS,,2026-08-26 22:17:48.314360,3
TXN103952,CUST3186,5686.34,CARD,SUCCESS,,2026-08-09 20:10:48.314360,2
TXN103953,CUST5353,17996.69,UPI,FAILED,TIMEOUT,2026-08-17 16:11:48.314360,0
TXN103954,CUST2932,4934.64,NETBANKING,FAILED,BANK_DECLINE,2026-08-26 23:31:48.314360,0
TXN103955,CUST7513,31690.57,CARD,SUCCESS,,2026-08-24 02:10:48.314360,0
TXN103956,CUST9946,20958.79,WALLET,SUCCESS,,2026-08-12 17:12:48.314360,1
TXN103957,CUST7120,41186.28,WALLET,FAILED,BANK_DECLINE,2026-08-11 12:14:48.314360,2
TXN103958,CUST2840,2724.1,CARD,FAILED,TIMEOUT,2026-08-03 13:29:48.314360,1
TXN103959,CUST9199,39316.64,WALLET,SUCCESS,,2026-08-25 23:33:48.314360,2
TXN103960,CUST7069,32317.27,WALLET,SUCCESS,,2026-08-23 19:11:48.314360,3
TXN103961,CUST3620,38960.54,WALLET,SUCCESS,,2026-08-25 05:03:48.314360,2
TXN103962,CUST1116,8255.0,WALLET,SUCCESS,,2026-08-05 09:13:48.314360,1
TXN103963,CUST8024,13878.27,WALLET,SUCCESS,,2026-08-23 09:08:48.314360,3
TXN103964,CUST6031,20387.42,NETBANKING,SUCCESS,,2026-08-26 14:51:48.314360,3
TXN103965,CUST2179,27318.8,UPI,SUCCESS,,2026-08-27 16:00:48.314360,1
TXN103966,CUST6094,16480.19,UPI,FAILED,INSUFFICIENT_FUNDS,2026-08-07 18:14:48.314360,0
TXN103967,CUST3878,32428.17,CARD,SUCCESS,,2026-08-02 16:03:48.314360,3
TXN103968,CUST8685,44729.58,NETBANKING,SUCCESS,,2026-08-28 16:51:48.314360,3
TXN103969,CUST5344,3189.95,NETBANKING,SUCCESS,,2026-08-14 20:52:48.314360,0
TXN103970,CUST7982,21873.68,WALLET,SUCCESS,,2026-08-19 02:17:48.314360,1
TXN103971,CUST9228,27870.87,CARD,SUCCESS,,2026-08-07 14:45:48.314360,1
TXN103972,CUST9158,48864.98,NETBANKING,SUCCESS,,2026-08-05 15:31:48.314360,0
TXN103973,CUST1119,15035.32,CARD,SUCCESS,,2026-08-17 18:15:48.314360,0
TXN103974,CUST1313,39977.66,NETBANKING,SUCCESS,,2026-08-23 03:38:48.314360,2
TXN103975,CUST7353,11158.84,UPI,FAILED,TIMEOUT,2026-08-10 18:18:48.314360,2
TXN103976,CUST5290,14441.71,CARD,SUCCESS,,2026-07-31 19:13:48.314360,3
TXN103977,CUST9916,25888.0,NETBANKING,FAILED,BANK_DECLINE,2026-07-31 03:22:48.314360,0
TXN103978,CUST8457,3903.38,WALLET,SUCCESS,,2026-08-26 01:41:48.314360,0
TXN103979,CUST2604,22653.41,CARD,SUCCESS,,2026-08-02 14:03:48.314360,2
TXN103980,CUST4364,42296.39,WALLET,FAILED,INSUFFICIENT_FUNDS,2026-08-25 02:34:48.314360,3
TXN103981,CUST2061,1423.92,NETBANKING,SUCCESS,,2026-08-03 22:59:48.314360,2
TXN103982,CUST8192,31092.5,WALLET,SUCCESS,,2026-08-20 13:04:48.314360,0
TXN103983,CUST8256,16668.99,NETBANKING,SUCCESS,,2026-08-11 09:54:48.314360,2
TXN103984,CUST8592,19096.28,NETBANKING,SUCCESS,,2026-08-09 02:56:48.314360,1
TXN103985,CUST1066,47681.51,UPI,SUCCESS,,2026-08-12 00:22:48.314360,2
TXN103986,CUST6401,4967.05,UPI,SUCCESS,,2026-08-15 03:58:48.314360,2
TXN103987,CUST5307,44934.02,NETBANKING,SUCCESS,,2026-07-31 00:58:48.314360,2
TXN103988,CUST4727,37890.89,WALLET,SUCCESS,,2026-08-18 14:53:48.314360,0
TXN103989,CUST9278,38697.73,CARD,FAILED,BANK_DECLINE,2026-08-01 23:07:48.314360,1
TXN103990,CUST9330,32893.71,WALLET,SUCCESS,,2026-08-20 14:43:48.314360,0
TXN103991,CUST9123,10380.46,WALLET,FAILED,NETWORK_ERROR,2026-08-23 03:20:48.314360,2
TXN103992,CUST5533,15114.97,UPI,FAILED,TIMEOUT,2026-08-12 07:17:48.314360,3
TXN103993,CUST2381,7018.62,NETBANKING,SUCCESS,,2026-08-25 13:42:48.314360,3
TXN103994,CUST2330,32481.96,CARD,SUCCESS,,2026-08-25 20:48:48.314360,1
TXN103995,CUST2947,31773.53,CARD,SUCCESS,,2026-08-19 03:39:48.314360,1
TXN103996,CUST7563,29883.44,NETBANKING,SUCCESS,,2026-08-19 07:42:48.314360,3
TXN103997,CUST3330,45152.59,CARD,SUCCESS,,2026-08-15 20:10:48.314360,3
TXN103998,CUST2337,35478.94,NETBANKING,SUCCESS,,2026-08-01 17:53:48.314360,3
TXN103999,CUST9825,30610.83,NETBANKING,SUCCESS,,2026-08-19 09:36:48.314360,0
TXN104000,CUST5064,34925.74,WALLET,SUCCESS,,2026-07-30 05:08:48.314360,1
TXN104001,CUST9919,24265.03,CARD,SUCCESS,,2026-08-12 07:19:48.314360,3
TXN104002,CUST1858,39786.21,NETBANKING,SUCCESS,,2026-08-25 23:06:48.314360,2
TXN104003,CUST7527,42145.37,WALLET,SUCCESS,,2026-08-12 04:12:48.314360,3
TXN104004,CUST1105,6145.79,NETBANKING,SUCCESS,,2026-08-11 06:52:48.314360,3
TXN104005,CUST6260,32304.47,WALLET,SUCCESS,,2026-08-24 04:35:48.314360,1
TXN104006,CUST8391,38824.39,WALLET,SUCCESS,,2026-08-26 13:58:48.314360,1
TXN104007,CUST8263,45841.75,NETBANKING,SUCCESS,,2026-08-19 08:59:48.314360,0
TXN104008,CUST9601,39296.44,UPI,FAILED,TIMEOUT,2026-08-12 07:42:48.314360,1
TXN104009,CUST7465,15747.01,NETBANKING,SUCCESS,,2026-08-20 12:51:48.314360,0
TXN104010,CUST1877,47432.41,NETBANKING,SUCCESS,,2026-08-05 18:41:48.314360,3
TXN104011,CUST6490,19059.34,WALLET,SUCCESS,,2026-08-05 01:06:48.314360,0
TXN104012,CUST9126,32769.59,UPI,SUCCESS,,2026-08-19 07:12:48.314360,1
TXN104013,CUST1833,23928.28,CARD,SUCCESS,,2026-07-31 11:24:48.314360,1
TXN104014,CUST6418,38819.38,WALLET,SUCCESS,,2026-08-16 13:02:48.314360,0
TXN104015,CUST9983,13151.69,NETBANKING,SUCCESS,,2026-08-05 16:12:48.314360,2
TXN104016,CUST4818,18680.9,CARD,SUCCESS,,2026-08-22 12:02:48.314360,3
TXN104017,CUST9613,40293.43,CARD,SUCCESS,,2026-08-09 03:43:48.314360,3
TXN104018,CUST9818,223.55,UPI,SUCCESS,,2026-08-02 08:54:48.314360,1
TXN104019,CUST8798,43809.1,WALLET,SUCCESS,,2026-08-25 23:33:48.314360,2
TXN104020,CUST6361,23304.48,NETBANKING,SUCCESS,,2026-08-26 13:18:48.314360,3
TXN104021,CUST2589,3834.19,WALLET,SUCCESS,,2026-08-14 03:25:48.314360,3
TXN104022,CUST8655,34283.9,UPI,SUCCESS,,2026-08-26 20:03:48.314360,0
TXN104023,CUST6473,39971.95,UPI,SUCCESS,,2026-08-07 11:48:48.314360,1
TXN104024,CUST7610,38920.15,UPI,SUCCESS,,2026-08-19 10:20:48.314360,1
TXN104025,CUST1973,42611.23,NETBANKING,SUCCESS,,2026-08-10 08:26:48.314360,1
TXN104026,CUST6014,44731.06,UPI,SUCCESS,,2026-08-20 16:55:48.314360,1
TXN104027,CUST8266,43409.81,UPI,SUCCESS,,2026-08-10 21:23:48.314360,2
TXN104028,CUST4439,31716.71,WALLET,SUCCESS,,2026-08-11 08:05:48.314360,1
TXN104029,CUST1385,18578.8,NETBANKING,SUCCESS,,2026-08-11 02:22:48.314360,1
TXN104030,CUST6099,15893.93,WALLET,SUCCESS,,2026-08-07 21:01:48.314360,0
TXN104031,CUST5893,36276.02,NETBANKING,SUCCESS,,2026-08-18 08:47:48.314360,3
TXN104032,CUST3545,33253.23,NETBANKING,SUCCESS,,2026-08-24 23:18:48.314360,2
TXN104033,CUST7368,26404.41,NETBANKING,SUCCESS,,2026-08-20 04:40:48.314360,1
TXN104034,CUST4544,6444.01,WALLET,SUCCESS,,2026-08-09 23:09:48.314360,0
TXN104035,CUST9838,15083.08,CARD,SUCCESS,,2026-08-08 00:51:48.314360,1
TXN104036,CUST1947,16219.95,CARD,SUCCESS,,2026-08-02 03:58:48.314360,0
TXN104037,CUST3004,14900.65,UPI,SUCCESS,,2026-08-08 02:51:48.314360,3
TXN104038,CUST7371,4462.27,UPI,SUCCESS,,2026-08-08 05:06:48.314360,3
TXN104039,CUST9435,6562.71,WALLET,SUCCESS,,2026-08-14 16:47:48.314360,3
TXN104040,CUST3492,36610.62,CARD,SUCCESS,,2026-08-22 18:16:48.314360,0
TXN104041,CUST4645,4490.74,NETBANKING,SUCCESS,,2026-08-11 12:04:48.314360,1
TXN104042,CUST7775,49749.75,UPI,SUCCESS,,2026-08-19 15:44:48.314360,3
TXN104043,CUST3234,17841.55,WALLET,SUCCESS,,2026-08-15 07:51:48.314360,1
TXN104044,CUST1151,20431.87,NETBANKING,SUCCESS,,2026-08-04 04:54:48.314360,2
TXN104045,CUST9680,24200.6,UPI,SUCCESS,,2026-07-30 23:03:48.314360,1
TXN104046,CUST9174,27114.39,UPI,SUCCESS,,2026-08-12 13:43:48.314360,0
TXN104047,CUST3160,26528.05,NETBANKING,SUCCESS,,2026-08-10 07:10:48.314360,3
TXN104048,CUST5911,20188.48,UPI,SUCCESS,,2026-08-24 00:09:48.314360,1
TXN104049,CUST9695,8080.85,CARD,FAILED,LIMIT_EXCEEDED,2026-08-19 09:44:48.314360,0
TXN104050,CUST7992,10092.6,UPI,SUCCESS,,2026-08-05 11:05:48.314360,1
TXN104051,CUST1431,8116.34,CARD,SUCCESS,,2026-08-16 00:15:48.314360,3
TXN104052,CUST6945,38721.79,CARD,SUCCESS,,2026-08-03 21:27:48.314360,3
TXN104053,CUST7293,32723.01,CARD,SUCCESS,,2026-08-18 15:36:48.314360,3
TXN104054,CUST5118,10523.65,NETBANKING,FAILED,LIMIT_EXCEEDED,2026-08-01 16:01:48.314360,3
TXN104055,CUST7410,22541.38,NETBANKING,SUCCESS,,2026-08-02 17:51:48.314360,0
TXN104056,CUST3483,30016.81,UPI,SUCCESS,,2026-08-12 16:51:48.314360,3
TXN104057,CUST4099,4615.53,UPI,FAILED,INSUFFICIENT_FUNDS,2026-08-14 23:22:48.314360,1
TXN104058,CUST4816,23501.53,NETBANKING,SUCCESS,,2026-08-03 07:24:48.314360,1
TXN104059,CUST3947,4666.06,UPI,FAILED,INSUFFICIENT_FUNDS,2026-08-18 20:15:48.314360,3
TXN104060,CUST6940,7844.99,UPI,SUCCESS,,2026-08-04 12:49:48.314360,0
TXN104061,CUST7340,15883.35,CARD,SUCCESS,,2026-08-12 11:14:48.314360,0
TXN104062,CUST4896,12051.99,UPI,SUCCESS,,2026-08-05 09:02:48.314360,3
TXN104063,CUST3080,43406.41,NETBANKING,SUCCESS,,2026-08-15 18:05:48.314360,2
TXN104064,CUST8659,46026.34,WALLET,SUCCESS,,2026-08-12 03:40:48.314360,0
TXN104065,CUST8506,40288.95,WALLET,FAILED,LIMIT_EXCEEDED,2026-08-27 17:53:48.314360,2
TXN104066,CUST6974,42511.43,NETBANKING,FAILED,BANK_DECLINE,2026-08-21 14:14:48.314360,2
TXN104067,CUST1371,43570.88,WALLET,SUCCESS,,2026-08-28 14:09:48.314360,1
TXN104068,CUST4826,6171.66,WALLET,SUCCESS,,2026-08-17 07:04:48.314360,2
TXN104069,CUST4475,8505.38,CARD,SUCCESS,,2026-08-20 15:23:48.314360,3
TXN104070,CUST7640,35897.75,WALLET,FAILED,LIMIT_EXCEEDED,2026-08-19 13:39:48.314360,3
TXN104071,CUST1057,12835.86,WALLET,SUCCESS,,2026-08-02 06:11:48.314360,0
TXN104072,CUST3405,28298.67,NETBANKING,SUCCESS,,2026-08-23 22:20:48.314360,0
TXN104073,CUST4538,5417.55,CARD,FAILED,NETWORK_ERROR,2026-08-12 22:35:48.314360,3
TXN104074,CUST4038,38149.82,UPI,SUCCESS,,2026-08-27 22:41:48.314360,0
TXN104075,CUST2478,1562.51,CARD,SUCCESS,,2026-08-13 10:27:48.314360,1
TXN104076,CUST9520,28354.62,WALLET,FAILED,TIMEOUT,2026-08-02 15:54:48.314360,2
TXN104077,CUST8580,21773.08,CARD,SUCCESS,,2026-08-15 10:36:48.314360,3
TXN104078,CUST5628,33997.76,WALLET,SUCCESS,,2026-08-13 15:34:48.314360,1
TXN104079,CUST5967,755.17,WALLET,SUCCESS,,2026-08-10 14:47:48.314360,0
TXN104080,CUST6716,26352.77,UPI,SUCCESS,,2026-08-25 16:05:48.314360,1
TXN104081,CUST3791,19994.79,CARD,SUCCESS,,2026-08-01 15:27:48.314360,2
TXN104082,CUST7761,48651.44,CARD,SUCCESS,,2026-08-23 13:06:48.314360,1
TXN104083,CUST5419,26539.85,NETBANKING,SUCCESS,,2026-08-07 23:17:48.314360,2
TXN104084,CUST1263,45619.59,WALLET,SUCCESS,,2026-08-14 21:50:48.314360,3
TXN104085,CUST3626,26920.1,CARD,FAILED,INSUFFICIENT_FUNDS,2026-08-14 12:52:48.314360,0
TXN104086,CUST8785,22245.04,WALLET,SUCCESS,,2026-08-06 21:59:48.314360,0
TXN104087,CUST9424,7874.67,NETBANKING,SUCCESS,,2026-08-12 07:21:48.314360,3
TXN104088,CUST6786,19377.82,UPI,SUCCESS,,2026-08-13 05:58:48.314360,2
TXN104089,CUST5002,41360.34,CARD,FAILED,NETWORK_ERROR,2026-08-28 13:59:48.314360,2
TXN104090,CUST5535,39063.77,UPI,SUCCESS,,2026-08-07 05:26:48.314360,0
TXN104091,CUST6212,19817.04,WALLET,SUCCESS,,2026-08-26 16:26:48.314360,0
TXN104092,CUST4217,22456.54,CARD,SUCCESS,,2026-08-27 16:13:48.314360,0
TXN104093,CUST4022,32560.72,CARD,SUCCESS,,2026-08-10 07:32:48.314360,0
TXN104094,CUST9706,9386.15,WALLET,SUCCESS,,2026-08-18 15:59:48.314360,0
TXN104095,CUST8500,11240.12,UPI,FAILED,LIMIT_EXCEEDED,2026-08-27 19:35:48.314360,0
TXN104096,CUST2853,19720.78,NETBANKING,SUCCESS,,2026-08-03 17:17:48.314360,1
TXN104097,CUST2785,31333.68,NETBANKING,SUCCESS,,2026-08-04 06:57:48.314360,0
TXN104098,CUST4424,7642.91,CARD,SUCCESS,,2026-08-08 18:59:48.314360,2
TXN104099,CUST4343,17195.67,UPI,SUCCESS,,2026-08-11 16:27:48.314360,2
TXN104100,CUST7320,31908.48,UPI,SUCCESS,,2026-08-07 16:52:48.314360,0
TXN104101,CUST5109,35144.16,NETBANKING,SUCCESS,,2026-08-25 00:22:48.314360,0
TXN104102,CUST2850,33551.56,UPI,FAILED,BANK_DECLINE,2026-08-28 03:01:48.314360,0
TXN104103,CUST8347,45273.72,UPI,SUCCESS,,2026-08-06 20:45:48.314360,1
TXN104104,CUST7186,37089.16,UPI,SUCCESS,,2026-08-02 12:53:48.314360,0
TXN104105,CUST7154,8772.64,UPI,SUCCESS,,2026-08-27 07:43:48.314360,3
TXN104106,CUST6884,149.46,WALLET,SUCCESS,,2026-08-17 02:45:48.314360,3
TXN104107,CUST9339,17629.73,WALLET,SUCCESS,,2026-08-26 09:49:48.314360,0
TXN104108,CUST6209,48629.67,WALLET,SUCCESS,,2026-08-22 13:09:48.314360,0
TXN104109,CUST2555,6697.0,CARD,SUCCESS,,2026-08-14 21:58:48.314360,0
TXN104110,CUST9239,48383.71,NETBANKING,SUCCESS,,2026-08-18 01:27:48.314360,2
TXN104111,CUST9789,10801.82,WALLET,FAILED,INSUFFICIENT_FUNDS,2026-07-30 22:41:48.314360,2
TXN104112,CUST8959,32707.21,CARD,FAILED,BANK_DECLINE,2026-08-11 16:36:48.314360,2
TXN104113,CUST6089,43606.01,WALLET,FAILED,LIMIT_EXCEEDED,2026-08-04 20:55:48.314360,2
TXN104114,CUST1582,1555.44,CARD,SUCCESS,,2026-08-15 15:00:48.314360,3
TXN104115,CUST1463,37756.08,WALLET,SUCCESS,,2026-08-11 00:47:48.314360,2
TXN104116,CUST1904,42025.92,WALLET,SUCCESS,,2026-08-13 11:31:48.314360,0
TXN104117,CUST2521,34672.13,CARD,SUCCESS,,2026-08-11 08:18:48.314360,2
TXN104118,CUST4570,43479.75,WALLET,FAILED,TIMEOUT,2026-08-17 18:15:48.314360,0
TXN104119,CUST9246,8671.76,UPI,SUCCESS,,2026-08-11 03:57:48.314360,3
TXN104120,CUST9472,8514.54,CARD,SUCCESS,,2026-08-13 22:19:48.314360,3
TXN104121,CUST5833,49636.39,NETBANKING,SUCCESS,,2026-08-09 12:36:48.314360,3
TXN104122,CUST8198,40264.62,WALLET,SUCCESS,,2026-08-20 02:11:48.314360,1
TXN104123,CUST8035,24643.97,CARD,SUCCESS,,2026-08-12 14:10:48.314360,2
TXN104124,CUST5910,38532.11,UPI,SUCCESS,,2026-08-04 02:17:48.314360,2
TXN104125,CUST9756,4719.2,UPI,SUCCESS,,2026-08-17 03:20:48.314360,3
TXN104126,CUST2955,6165.7,WALLET,SUCCESS,,2026-08-01 13:14:48.314360,2
TXN104127,CUST9117,14934.91,NETBANKING,FAILED,NETWORK_ERROR,2026-08-17 16:36:48.314360,0
TXN104128,CUST7465,590.67,UPI,SUCCESS,,2026-08-10 03:16:48.314360,3
TXN104129,CUST3349,47256.33,NETBANKING,SUCCESS,,2026-08-13 23:32:48.314360,0
TXN104130,CUST7665,30886.33,UPI,SUCCESS,,2026-08-17 20:14:48.314360,3
TXN104131,CUST4521,34257.23,WALLET,SUCCESS,,2026-08-14 15:12:48.314360,2
TXN104132,CUST8956,24144.13,WALLET,SUCCESS,,2026-08-08 02:12:48.314360,2
TXN104133,CUST4310,964.63,NETBANKING,SUCCESS,,2026-08-15 20:57:48.314360,0
TXN104134,CUST8499,9458.54,UPI,SUCCESS,,2026-08-04 03:25:48.314360,2
TXN104135,CUST2953,8858.11,WALLET,FAILED,INSUFFICIENT_FUNDS,2026-08-26 07:26:48.314360,1
TXN104136,CUST5366,7168.87,UPI,SUCCESS,,2026-07-30 06:56:48.314360,0
TXN104137,CUST3944,46272.32,CARD,SUCCESS,,2026-08-09 12:28:48.314360,0
TXN104138,CUST3292,6066.01,WALLET,SUCCESS,,2026-08-09 03:40:48.314360,2
TXN104139,CUST8830,42822.87,UPI,SUCCESS,,2026-08-26 13:17:48.314360,0
TXN104140,CUST1184,49649.57,CARD,SUCCESS,,2026-08-07 02:55:48.314360,2
TXN104141,CUST4313,22842.14,CARD,SUCCESS,,2026-08-16 16:51:48.314360,3
TXN104142,CUST5937,27066.85,CARD,SUCCESS,,2026-08-19 07:02:48.314360,2
TXN104143,CUST7457,15373.09,WALLET,FAILED,TIMEOUT,2026-08-19 14:41:48.314360,2
TXN104144,CUST7633,12445.07,NETBANKING,FAILED,BANK_DECLINE,2026-08-02 04:40:48.314360,2
TXN104145,CUST2951,19138.08,NETBANKING,SUCCESS,,2026-08-17 06:27:48.314360,3
TXN104146,CUST3605,18437.13,CARD,SUCCESS,,2026-08-07 08:28:48.314360,1
TXN104147,CUST8081,37710.06,UPI,FAILED,BANK_DECLINE,2026-08-23 07:35:48.314360,0
TXN104148,CUST7386,23005.94,UPI,SUCCESS,,2026-08-25 01:35:48.314360,0
TXN104149,CUST5390,32321.51,CARD,SUCCESS,,2026-08-14 01:21:48.314360,0
TXN104150,CUST8673,13409.38,WALLET,SUCCESS,,2026-08-22 16:03:48.314360,3
TXN104151,CUST5087,467.51,NETBANKING,SUCCESS,,2026-08-17 11:53:48.314360,0
TXN104152,CUST3666,7999.51,CARD,SUCCESS,,2026-08-05 20:06:48.314360,3
TXN104153,CUST9069,49639.36,UPI,SUCCESS,,2026-08-27 15:45:48.314360,0
TXN104154,CUST1493,15722.63,NETBANKING,SUCCESS,,2026-08-08 06:40:48.314360,2
TXN104155,CUST6225,13446.27,WALLET,FAILED,TIMEOUT,2026-08-18 06:45:48.314360,0
TXN104156,CUST4042,13195.84,UPI,FAILED,INSUFFICIENT_FUNDS,2026-08-20 18:24:48.314360,1
TXN104157,CUST1095,1571.12,WALLET,SUCCESS,,2026-08-22 12:14:48.314360,1
TXN104158,CUST4283,39551.67,WALLET,SUCCESS,,2026-08-07 03:57:48.314360,2
TXN104159,CUST8193,10682.51,UPI,SUCCESS,,2026-08-03 16:30:48.314360,2
TXN104160,CUST4294,18532.36,CARD,SUCCESS,,2026-08-07 19:31:48.314360,3
TXN104161,CUST8041,1369.71,WALLET,SUCCESS,,2026-08-02 10:05:48.314360,2
TXN104162,CUST7667,13035.68,UPI,FAILED,TIMEOUT,2026-08-02 09:19:48.314360,0
TXN104163,CUST8784,37129.5,UPI,FAILED,NETWORK_ERROR,2026-08-16 11:47:48.314360,2
TXN104164,CUST3428,46668.01,WALLET,SUCCESS,,2026-08-02 05:03:48.314360,3
TXN104165,CUST5430,5756.97,NETBANKING,SUCCESS,,2026-08-07 09:39:48.314360,3
TXN104166,CUST2441,30410.72,CARD,SUCCESS,,2026-08-16 21:37:48.314360,0
TXN104167,CUST1596,20645.79,CARD,SUCCESS,,2026-08-27 12:24:48.314360,1
TXN104168,CUST7394,2240.58,UPI,SUCCESS,,2026-08-26 20:52:48.314360,3
TXN104169,CUST7033,49872.57,WALLET,SUCCESS,,2026-08-27 10:49:48.314360,0
TXN104170,CUST2131,42196.02,WALLET,SUCCESS,,2026-08-01 13:07:48.314360,3
TXN104171,CUST5530,39920.14,NETBANKING,SUCCESS,,2026-08-02 15:58:48.314360,3
TXN104172,CUST3195,26820.32,CARD,SUCCESS,,2026-08-24 00:58:48.314360,3
TXN104173,CUST9906,8706.51,NETBANKING,FAILED,TIMEOUT,2026-08-21 02:26:48.314360,2
TXN104174,CUST1394,42281.22,WALLET,SUCCESS,,2026-08-18 04:11:48.314360,0
TXN104175,CUST8977,38517.49,WALLET,FAILED,LIMIT_EXCEEDED,2026-08-04 22:20:48.314360,1
TXN104176,CUST6819,9312.18,UPI,SUCCESS,,2026-08-24 15:10:48.314360,0
TXN104177,CUST3742,18215.37,NETBANKING,SUCCESS,,2026-08-07 01:51:48.314360,3
TXN104178,CUST2677,2699.69,UPI,FAILED,TIMEOUT,2026-08-08 06:11:48.314360,0
TXN104179,CUST9903,39459.04,CARD,SUCCESS,,2026-08-22 04:54:48.314360,1
TXN104180,CUST5103,2103.19,CARD,SUCCESS,,2026-08-13 18:49:48.314360,3
TXN104181,CUST9628,47679.55,CARD,SUCCESS,,2026-08-23 07:28:48.314360,3
TXN104182,CUST3254,11249.27,WALLET,FAILED,LIMIT_EXCEEDED,2026-08-13 06:17:48.314360,2
TXN104183,CUST5133,39755.25,UPI,SUCCESS,,2026-08-01 01:38:48.314360,1
TXN104184,CUST3498,33384.43,CARD,SUCCESS,,2026-08-11 13:52:48.314360,1
TXN104185,CUST6019,24842.07,WALLET,SUCCESS,,2026-08-08 06:04:48.314360,3
TXN104186,CUST2247,34868.88,WALLET,SUCCESS,,2026-08-21 19:12:48.314360,3
TXN104187,CUST7842,8831.14,NETBANKING,SUCCESS,,2026-08-07 03:54:48.314360,2
TXN104188,CUST4158,38805.99,CARD,SUCCESS,,2026-08-19 22:05:48.314360,2
TXN104189,CUST1344,10856.88,NETBANKING,SUCCESS,,2026-08-08 11:26:48.314360,3
TXN104190,CUST5128,15918.58,UPI,SUCCESS,,2026-08-13 01:19:48.314360,2
TXN104191,CUST4350,9920.25,UPI,SUCCESS,,2026-08-12 07:18:48.314360,0
TXN104192,CUST1469,40617.21,UPI,FAILED,NETWORK_ERROR,2026-08-24 08:58:48.314360,1
TXN104193,CUST9030,34727.0,CARD,SUCCESS,,2026-08-09 19:27:48.314360,2
TXN104194,CUST9545,32148.9,NETBANKING,SUCCESS,,2026-08-07 00:45:48.314360,1
TXN104195,CUST8033,29272.75,CARD,SUCCESS,,2026-08-18 06:10:48.314360,3
TXN104196,CUST5396,48326.2,UPI,SUCCESS,,2026-07-30 19:14:48.314360,1
TXN104197,CUST9795,11612.87,UPI,SUCCESS,,2026-08-20 03:14:48.314360,0
TXN104198,CUST3369,42454.35,UPI,SUCCESS,,2026-08-02 03:15:48.314360,0
TXN104199,CUST3465,8049.19,UPI,SUCCESS,,2026-08-10 20:10:48.314360,1
TXN104200,CUST5627,23073.25,CARD,SUCCESS,,2026-08-09 03:26:48.314360,1
TXN104201,CUST2849,10874.71,UPI,FAILED,LIMIT_EXCEEDED,2026-08-14 23:20:48.314360,0
TXN104202,CUST8019,24267.3,NETBANKING,SUCCESS,,2026-08-23 06:15:48.314360,0
TXN104203,CUST4772,25715.04,NETBANKING,SUCCESS,,2026-08-19 10:26:48.314360,1
TXN104204,CUST1001,2461.15,UPI,SUCCESS,,2026-08-18 10:29:48.314360,3
TXN104205,CUST1157,40157.83,CARD,SUCCESS,,2026-08-18 06:53:48.314360,3
TXN104206,CUST1100,47803.0,UPI,SUCCESS,,2026-08-07 01:39:48.314360,0
TXN104207,CUST1380,18781.41,NETBANKING,SUCCESS,,2026-08-22 20:08:48.314360,2
TXN104208,CUST2889,21854.91,CARD,SUCCESS,,2026-08-15 14:52:48.314360,1
TXN104209,CUST4584,35648.01,CARD,SUCCESS,,2026-08-16 06:55:48.314360,1
TXN104210,CUST2810,9011.52,CARD,SUCCESS,,2026-08-23 01:57:48.314360,3
TXN104211,CUST7662,19550.94,NETBANKING,SUCCESS,,2026-08-08 04:47:48.314360,0
TXN104212,CUST4386,13441.97,UPI,SUCCESS,,2026-07-30 06:56:48.314360,1
TXN104213,CUST9065,48769.06,CARD,SUCCESS,,2026-08-13 14:20:48.314360,3
TXN104214,CUST3105,26852.48,NETBANKING,FAILED,NETWORK_ERROR,2026-08-01 06:32:48.314360,3
TXN104215,CUST4779,773.12,CARD,SUCCESS,,2026-08-09 09:59:48.314360,1
TXN104216,CUST8489,41449.09,NETBANKING,SUCCESS,,2026-08-11 17:07:48.314360,3
TXN104217,CUST8472,15557.77,UPI,SUCCESS,,2026-08-11 01:14:48.314360,2
TXN104218,CUST8424,3754.41,CARD,SUCCESS,,2026-08-28 06:31:48.314360,3
TXN104219,CUST4237,18307.54,NETBANKING,SUCCESS,,2026-08-10 04:22:48.314360,0
TXN104220,CUST9165,43434.71,WALLET,SUCCESS,,2026-08-04 03:45:48.314360,1
TXN104221,CUST1822,45195.69,WALLET,SUCCESS,,2026-08-10 03:47:48.314360,2
TXN104222,CUST9209,8782.71,NETBANKING,SUCCESS,,2026-08-07 05:18:48.314360,2
TXN104223,CUST9921,27999.86,WALLET,FAILED,TIMEOUT,2026-08-21 21:10:48.314360,2
TXN104224,CUST7368,1904.86,UPI,SUCCESS,,2026-08-03 13:32:48.314360,1
TXN104225,CUST1003,27073.22,WALLET,SUCCESS,,2026-08-10 05:52:48.314360,2
TXN104226,CUST2603,40401.36,WALLET,SUCCESS,,2026-08-23 21:57:48.314360,1
TXN104227,CUST6875,6016.72,CARD,FAILED,NETWORK_ERROR,2026-08-17 03:46:48.314360,1
TXN104228,CUST5138,47988.44,WALLET,SUCCESS,,2026-08-26 00:59:48.314360,3
TXN104229,CUST9489,4170.23,NETBANKING,SUCCESS,,2026-08-19 15:12:48.314360,2
TXN104230,CUST9279,6479.77,UPI,FAILED,LIMIT_EXCEEDED,2026-08-01 19:50:48.314360,3
TXN104231,CUST2682,9312.11,NETBANKING,SUCCESS,,2026-08-15 16:52:48.314360,3
TXN104232,CUST9397,15395.6,WALLET,SUCCESS,,2026-08-15 14:51:48.314360,0
TXN104233,CUST6314,31241.57,UPI,SUCCESS,,2026-08-10 19:36:48.314360,1
TXN104234,CUST9629,35513.97,CARD,SUCCESS,,2026-08-22 08:58:48.314360,0
TXN104235,CUST6707,18841.82,UPI,SUCCESS,,2026-07-30 10:41:48.314360,0
TXN104236,CUST2844,43526.62,WALLET,FAILED,INSUFFICIENT_FUNDS,2026-08-06 16:08:48.314360,3
TXN104237,CUST4789,21942.2,UPI,SUCCESS,,2026-08-25 21:32:48.314360,0
TXN104238,CUST9377,29454.84,NETBANKING,SUCCESS,,2026-08-07 07:01:48.314360,0
TXN104239,CUST3873,30777.43,UPI,SUCCESS,,2026-08-27 02:01:48.314360,0
TXN104240,CUST9201,46925.51,NETBANKING,SUCCESS,,2026-08-07 23:19:48.314360,0
TXN104241,CUST6353,47310.45,WALLET,SUCCESS,,2026-08-17 08:59:48.314360,2
TXN104242,CUST6121,15719.54,CARD,SUCCESS,,2026-08-04 13:54:48.314360,3
TXN104243,CUST7190,36526.38,WALLET,SUCCESS,,2026-08-03 11:09:48.314360,0
TXN104244,CUST5538,36113.66,WALLET,SUCCESS,,2026-08-17 21:49:48.314360,3
TXN104245,CUST7287,4984.49,CARD,SUCCESS,,2026-08-25 12:47:48.314360,2
TXN104246,CUST1801,35865.02,WALLET,FAILED,NETWORK_ERROR,2026-07-31 10:38:48.314360,1
TXN104247,CUST8510,26722.53,UPI,SUCCESS,,2026-08-04 09:15:48.314360,2
TXN104248,CUST7412,23608.55,NETBANKING,SUCCESS,,2026-08-20 07:52:48.314360,1
TXN104249,CUST8413,17197.48,WALLET,SUCCESS,,2026-08-26 14:57:48.314360,3
TXN104250,CUST4410,21738.5,UPI,FAILED,NETWORK_ERROR,2026-08-06 08:41:48.314360,2
TXN104251,CUST9128,16649.27,UPI,SUCCESS,,2026-08-05 07:45:48.314360,3
TXN104252,CUST1170,22850.48,CARD,FAILED,LIMIT_EXCEEDED,2026-08-28 09:31:48.314360,2
TXN104253,CUST1046,17296.29,CARD,SUCCESS,,2026-08-09 20:30:48.314360,1
TXN104254,CUST8735,49740.32,WALLET,FAILED,INSUFFICIENT_FUNDS,2026-08-06 19:12:48.314360,3
TXN104255,CUST4460,28460.33,UPI,SUCCESS,,2026-08-10 19:11:48.314360,0
TXN104256,CUST6228,9925.41,NETBANKING,SUCCESS,,2026-08-02 21:43:48.314360,1
TXN104257,CUST9688,36117.36,WALLET,SUCCESS,,2026-08-22 22:40:48.314360,3
TXN104258,CUST1082,21006.1,UPI,SUCCESS,,2026-08-17 23:03:48.314360,2
TXN104259,CUST2368,6368.58,UPI,SUCCESS,,2026-08-08 02:40:48.314360,3
TXN104260,CUST4844,21675.1,WALLET,SUCCESS,,2026-08-28 01:59:48.314360,3
TXN104261,CUST3243,1957.61,UPI,SUCCESS,,2026-07-30 16:13:48.314360,0
TXN104262,CUST5214,21048.58,CARD,SUCCESS,,2026-08-12 18:40:48.314360,0
TXN104263,CUST4725,13086.95,UPI,SUCCESS,,2026-08-22 04:20:48.314360,1
TXN104264,CUST5611,1309.1,NETBANKING,SUCCESS,,2026-08-11 09:41:48.314360,1
TXN104265,CUST1670,22561.27,NETBANKING,SUCCESS,,2026-08-27 03:10:48.314360,1
TXN104266,CUST4203,8979.81,WALLET,SUCCESS,,2026-08-27 04:40:48.314360,2
TXN104267,CUST2625,28670.29,NETBANKING,SUCCESS,,2026-08-24 02:20:48.314360,3
TXN104268,CUST4266,46568.28,UPI,SUCCESS,,2026-07-30 09:26:48.314360,0
TXN104269,CUST4949,9705.76,UPI,SUCCESS,,2026-08-24 01:45:48.314360,2
TXN104270,CUST6230,41116.0,WALLET,SUCCESS,,2026-08-03 17:56:48.314360,0
TXN104271,CUST6423,22824.23,WALLET,SUCCESS,,2026-08-18 14:06:48.314360,0
TXN104272,CUST5018,45788.4,WALLET,SUCCESS,,2026-07-31 21:31:48.314360,1
TXN104273,CUST1803,19507.35,UPI,SUCCESS,,2026-07-30 02:12:48.314360,0
TXN104274,CUST7889,1908.18,CARD,SUCCESS,,2026-08-22 13:52:48.314360,1
TXN104275,CUST8802,22515.42,UPI,SUCCESS,,2026-08-05 12:52:48.314360,2
TXN104276,CUST6199,13148.17,CARD,SUCCESS,,2026-08-22 23:44:48.314360,1
TXN104277,CUST4960,3284.39,NETBANKING,SUCCESS,,2026-08-12 21:49:48.314360,0
TXN104278,CUST9655,35677.57,NETBANKING,SUCCESS,,2026-08-07 13:20:48.314360,1
TXN104279,CUST5857,407.9,CARD,SUCCESS,,2026-08-16 12:33:48.314360,3
TXN104280,CUST9574,14550.99,WALLET,SUCCESS,,2026-08-01 11:32:48.314360,3
TXN104281,CUST7311,3374.15,NETBANKING,SUCCESS,,2026-08-18 12:10:48.314360,3
TXN104282,CUST3585,36615.05,NETBANKING,SUCCESS,,2026-08-17 00:32:48.314360,2
TXN104283,CUST2908,37407.79,UPI,SUCCESS,,2026-08-16 10:22:48.314360,2
TXN104284,CUST3339,511.76,WALLET,FAILED,NETWORK_ERROR,2026-08-26 09:00:48.314360,1
TXN104285,CUST7272,46530.36,UPI,SUCCESS,,2026-08-23 08:06:48.314360,2
TXN104286,CUST3239,20046.71,CARD,FAILED,LIMIT_EXCEEDED,2026-08-20 08:04:48.314360,0
TXN104287,CUST7095,31646.83,NETBANKING,SUCCESS,,2026-08-01 01:39:48.314360,1
TXN104288,CUST5339,12053.36,UPI,SUCCESS,,2026-08-04 03:58:48.314360,2
TXN104289,CUST7350,6699.08,NETBANKING,SUCCESS,,2026-08-12 12:24:48.314360,3
TXN104290,CUST2485,38250.36,CARD,SUCCESS,,2026-08-22 09:15:48.314360,0
TXN104291,CUST9279,19333.77,WALLET,SUCCESS,,2026-08-16 19:17:48.314360,1
TXN104292,CUST7438,10676.47,CARD,SUCCESS,,2026-08-28 04:14:48.314360,1
TXN104293,CUST8982,27484.38,UPI,SUCCESS,,2026-08-23 11:30:48.314360,0
TXN104294,CUST4376,1061.5,CARD,SUCCESS,,2026-08-27 17:01:48.314360,3
TXN104295,CUST2688,49968.25,WALLET,FAILED,TIMEOUT,2026-08-15 03:09:48.314360,3
TXN104296,CUST3041,42445.11,NETBANKING,FAILED,NETWORK_ERROR,2026-08-25 09:00:48.314360,1
TXN104297,CUST6832,11896.33,NETBANKING,SUCCESS,,2026-08-20 12:32:48.314360,1
TXN104298,CUST6863,33106.2,UPI,FAILED,BANK_DECLINE,2026-08-01 18:19:48.314360,3
TXN104299,CUST5222,42384.85,NETBANKING,SUCCESS,,2026-08-07 21:06:48.314360,0
TXN104300,CUST8871,49156.97,CARD,SUCCESS,,2026-08-21 14:49:48.314360,1
TXN104301,CUST9642,22552.11,UPI,SUCCESS,,2026-08-07 08:08:48.314360,0
TXN104302,CUST5959,19563.51,NETBANKING,SUCCESS,,2026-07-31 02:58:48.314360,3
TXN104303,CUST1640,43595.25,CARD,SUCCESS,,2026-08-04 21:40:48.314360,0
TXN104304,CUST7865,10444.71,WALLET,FAILED,BANK_DECLINE,2026-08-09 00:52:48.314360,2
TXN104305,CUST9199,24838.88,CARD,SUCCESS,,2026-08-10 08:19:48.314360,1
TXN104306,CUST6336,16025.6,UPI,SUCCESS,,2026-08-17 14:03:48.314360,1
TXN104307,CUST9733,35959.42,UPI,SUCCESS,,2026-08-24 07:44:48.314360,2
TXN104308,CUST4250,13825.38,NETBANKING,FAILED,TIMEOUT,2026-07-31 21:59:48.314360,0
TXN104309,CUST3236,15813.88,NETBANKING,SUCCESS,,2026-08-23 13:11:48.314360,1
TXN104310,CUST4707,47633.29,UPI,SUCCESS,,2026-08-26 04:43:48.314360,2
TXN104311,CUST4977,36912.2,NETBANKING,FAILED,NETWORK_ERROR,2026-08-24 09:17:48.314360,1
TXN104312,CUST3090,35736.92,NETBANKING,SUCCESS,,2026-08-10 23:59:48.314360,0
TXN104313,CUST8301,26328.45,UPI,FAILED,INSUFFICIENT_FUNDS,2026-08-23 12:02:48.314360,3
TXN104314,CUST3149,6097.29,NETBANKING,SUCCESS,,2026-08-06 18:42:48.314360,3
TXN104315,CUST4109,4218.01,WALLET,SUCCESS,,2026-07-31 04:24:48.314360,2
TXN104316,CUST7344,14831.82,CARD,SUCCESS,,2026-08-06 14:42:48.314360,0
TXN104317,CUST9005,45255.85,CARD,SUCCESS,,2026-08-12 07:52:48.314360,0
TXN104318,CUST7778,47897.35,UPI,FAILED,NETWORK_ERROR,2026-08-02 10:05:48.314360,1
TXN104319,CUST3029,22383.61,NETBANKING,SUCCESS,,2026-08-04 19:31:48.314360,3
TXN104320,CUST4147,30131.05,UPI,SUCCESS,,2026-08-23 13:10:48.314360,1
TXN104321,CUST7802,5051.14,CARD,SUCCESS,,2026-07-30 11:59:48.314360,0
TXN104322,CUST9369,23808.84,UPI,SUCCESS,,2026-08-02 08:03:48.314360,0
TXN104323,CUST6981,36904.06,UPI,SUCCESS,,2026-08-28 01:13:48.314360,1
TXN104324,CUST2240,34062.39,NETBANKING,FAILED,LIMIT_EXCEEDED,2026-07-30 16:15:48.314360,1
TXN104325,CUST1832,7484.08,WALLET,SUCCESS,,2026-08-19 09:27:48.314360,2
TXN104326,CUST5091,26910.22,CARD,SUCCESS,,2026-08-27 10:54:48.314360,0
TXN104327,CUST3881,19561.02,WALLET,SUCCESS,,2026-08-15 09:56:48.314360,2
TXN104328,CUST1403,1754.77,WALLET,SUCCESS,,2026-08-28 02:33:48.314360,1
TXN104329,CUST1825,8314.99,CARD,SUCCESS,,2026-08-16 11:49:48.314360,3
TXN104330,CUST4769,32219.75,CARD,SUCCESS,,2026-08-07 12:02:48.314360,2
TXN104331,CUST5201,6060.12,UPI,SUCCESS,,2026-08-20 00:00:48.314360,0
TXN104332,CUST9583,38024.75,NETBANKING,SUCCESS,,2026-08-05 02:35:48.314360,2
TXN104333,CUST3954,5968.0,NETBANKING,SUCCESS,,2026-08-16 03:10:48.314360,1
TXN104334,CUST1765,30506.74,CARD,FAILED,BANK_DECLINE,2026-08-09 13:06:48.314360,1
TXN104335,CUST5776,25691.62,NETBANKING,SUCCESS,,2026-08-28 05:06:48.314360,0
TXN104336,CUST6976,7350.54,WALLET,SUCCESS,,2026-08-23 06:06:48.314360,2
TXN104337,CUST9643,17591.73,CARD,SUCCESS,,2026-08-07 23:13:48.314360,3
TXN104338,CUST1159,21742.46,NETBANKING,SUCCESS,,2026-08-11 18:42:48.314360,2
TXN104339,CUST6453,31398.78,CARD,SUCCESS,,2026-08-09 04:59:48.314360,1
TXN104340,CUST1375,17530.7,WALLET,SUCCESS,,2026-08-26 06:14:48.314360,1
TXN104341,CUST9888,48051.13,CARD,SUCCESS,,2026-08-14 19:00:48.314360,2
TXN104342,CUST7850,7677.27,UPI,FAILED,TIMEOUT,2026-08-27 15:15:48.314360,2
TXN104343,CUST2653,38272.82,NETBANKING,SUCCESS,,2026-07-30 02:36:48.314360,1
TXN104344,CUST2074,16153.17,UPI,SUCCESS,,2026-08-20 23:25:48.314360,3
TXN104345,CUST5123,19774.59,WALLET,SUCCESS,,2026-08-24 07:34:48.314360,2
TXN104346,CUST9550,25938.9,CARD,FAILED,BANK_DECLINE,2026-08-26 08:35:48.314360,1
TXN104347,CUST8045,48943.93,WALLET,SUCCESS,,2026-08-08 14:10:48.314360,0
TXN104348,CUST9380,48270.2,CARD,SUCCESS,,2026-08-17 12:56:48.314360,1
TXN104349,CUST8377,15775.0,WALLET,SUCCESS,,2026-08-07 18:07:48.314360,0
TXN104350,CUST8257,23889.28,UPI,SUCCESS,,2026-08-22 04:41:48.314360,1
TXN104351,CUST2153,6371.21,WALLET,SUCCESS,,2026-08-14 18:33:48.314360,2
TXN104352,CUST3409,26800.8,UPI,SUCCESS,,2026-08-05 16:41:48.314360,2
TXN104353,CUST1386,36980.64,NETBANKING,SUCCESS,,2026-07-31 00:00:48.314360,0
TXN104354,CUST2699,48361.87,UPI,SUCCESS,,2026-08-20 18:35:48.314360,3
TXN104355,CUST3761,7700.0,UPI,SUCCESS,,2026-08-16 22:10:48.314360,1
TXN104356,CUST3312,47385.95,WALLET,SUCCESS,,2026-07-31 13:56:48.314360,0
TXN104357,CUST3179,3136.75,UPI,SUCCESS,,2026-08-08 04:12:48.314360,0
TXN104358,CUST4249,9662.79,WALLET,SUCCESS,,2026-08-23 09:26:48.314360,3
TXN104359,CUST1806,15331.89,CARD,SUCCESS,,2026-08-21 14:48:48.314360,2
TXN104360,CUST9386,13571.92,WALLET,SUCCESS,,2026-07-30 06:33:48.314360,2
TXN104361,CUST7445,14581.59,NETBANKING,SUCCESS,,2026-08-03 16:58:48.314360,2
TXN104362,CUST4845,19630.74,UPI,FAILED,NETWORK_ERROR,2026-08-02 08:22:48.314360,2
TXN104363,CUST6035,30825.65,UPI,SUCCESS,,2026-08-26 04:48:48.314360,3
TXN104364,CUST3550,34443.6,NETBANKING,SUCCESS,,2026-07-30 13:52:48.314360,2
TXN104365,CUST6424,11813.89,UPI,SUCCESS,,2026-08-17 16:29:48.314360,2
TXN104366,CUST5032,17251.33,WALLET,SUCCESS,,2026-08-28 03:45:48.314360,1
TXN104367,CUST4790,24515.67,WALLET,SUCCESS,,2026-08-26 13:56:48.314360,3
TXN104368,CUST6177,17654.88,UPI,SUCCESS,,2026-08-28 16:19:48.314360,0
TXN104369,CUST5887,819.35,WALLET,SUCCESS,,2026-08-06 18:14:48.314360,3
TXN104370,CUST3330,22594.8,NETBANKING,FAILED,LIMIT_EXCEEDED,2026-08-20 12:57:48.314360,3
TXN104371,CUST5869,41279.39,UPI,SUCCESS,,2026-08-09 14:12:48.314360,1
TXN104372,CUST1818,9334.81,NETBANKING,SUCCESS,,2026-08-22 22:52:48.314360,0
TXN104373,CUST1834,17417.31,WALLET,SUCCESS,,2026-08-22 01:53:48.314360,2
TXN104374,CUST7627,6717.36,CARD,SUCCESS,,2026-08-03 10:50:48.314360,2
TXN104375,CUST1382,25595.83,UPI,SUCCESS,,2026-08-28 02:58:48.314360,3
TXN104376,CUST9289,37841.8,UPI,SUCCESS,,2026-07-30 09:44:48.314360,3
TXN104377,CUST9421,12895.4,UPI,SUCCESS,,2026-08-17 10:47:48.314360,1
TXN104378,CUST7028,1089.72,NETBANKING,FAILED,LIMIT_EXCEEDED,2026-08-11 07:08:48.314360,3
TXN104379,CUST9311,36101.4,UPI,SUCCESS,,2026-08-22 03:29:48.314360,2
TXN104380,CUST8844,12266.49,WALLET,SUCCESS,,2026-08-12 23:34:48.314360,2
TXN104381,CUST5933,18429.23,NETBANKING,SUCCESS,,2026-08-12 15:25:48.314360,1
TXN104382,CUST5819,43697.88,WALLET,SUCCESS,,2026-08-03 03:43:48.314360,0
TXN104383,CUST9916,42492.14,CARD,FAILED,TIMEOUT,2026-08-23 13:56:48.314360,1
TXN104384,CUST9582,10327.78,CARD,SUCCESS,,2026-08-08 03:56:48.314360,3
TXN104385,CUST5783,47052.36,UPI,SUCCESS,,2026-08-11 14:59:48.314360,3
TXN104386,CUST6495,14710.98,WALLET,SUCCESS,,2026-08-21 17:50:48.314360,2
TXN104387,CUST3990,6108.85,NETBANKING,SUCCESS,,2026-08-15 23:39:48.314360,0
TXN104388,CUST5633,20342.39,CARD,SUCCESS,,2026-08-08 22:30:48.314360,2
TXN104389,CUST1615,27299.36,NETBANKING,SUCCESS,,2026-08-04 19:01:48.314360,0
TXN104390,CUST7150,42539.88,NETBANKING,SUCCESS,,2026-08-01 20:34:48.314360,2
TXN104391,CUST3658,32500.83,CARD,SUCCESS,,2026-08-26 00:00:48.314360,3
TXN104392,CUST3590,48444.84,UPI,SUCCESS,,2026-08-17 04:21:48.314360,3
TXN104393,CUST7599,20911.93,UPI,SUCCESS,,2026-08-07 06:40:48.314360,0
TXN104394,CUST1787,40294.79,WALLET,SUCCESS,,2026-08-07 18:10:48.314360,1
TXN104395,CUST9167,552.29,WALLET,SUCCESS,,2026-08-08 10:19:48.314360,3
TXN104396,CUST4063,24505.93,CARD,SUCCESS,,2026-08-03 01:17:48.314360,0
TXN104397,CUST7985,15203.14,UPI,SUCCESS,,2026-08-16 11:05:48.314360,1
TXN104398,CUST6787,48514.73,WALLET,SUCCESS,,2026-08-05 18:09:48.314360,3
TXN104399,CUST3859,32505.03,UPI,SUCCESS,,2026-08-23 20:05:48.314360,3
TXN104400,CUST6750,9653.33,NETBANKING,FAILED,TIMEOUT,2026-08-21 03:21:48.314360,1
TXN104401,CUST5155,36075.2,UPI,SUCCESS,,2026-08-20 00:07:48.314360,0
TXN104402,CUST4971,24077.17,CARD,SUCCESS,,2026-07-31 21:54:48.314360,2
TXN104403,CUST2647,7218.83,NETBANKING,SUCCESS,,2026-08-20 01:47:48.314360,2
TXN104404,CUST3484,46038.11,CARD,SUCCESS,,2026-08-16 11:17:48.314360,3
TXN104405,CUST1639,27169.23,WALLET,FAILED,LIMIT_EXCEEDED,2026-08-06 07:22:48.314360,1
TXN104406,CUST6849,503.27,UPI,SUCCESS,,2026-08-15 15:52:48.314360,2
TXN104407,CUST3164,17345.6,WALLET,SUCCESS,,2026-08-08 15:40:48.314360,3
TXN104408,CUST5358,34016.09,UPI,SUCCESS,,2026-08-03 02:52:48.314360,1
TXN104409,CUST3485,29318.92,CARD,SUCCESS,,2026-08-04 13:22:48.314360,1
TXN104410,CUST8521,18368.37,NETBANKING,SUCCESS,,2026-08-08 10:41:48.314360,2
TXN104411,CUST7334,13039.16,NETBANKING,FAILED,INSUFFICIENT_FUNDS,2026-08-12 15:00:48.314360,0
TXN104412,CUST7995,10419.43,UPI,FAILED,INSUFFICIENT_FUNDS,2026-08-10 02:42:48.314360,1
TXN104413,CUST9379,16094.02,WALLET,SUCCESS,,2026-08-12 18:29:48.314360,1
TXN104414,CUST2934,35736.2,WALLET,SUCCESS,,2026-08-02 23:55:48.314360,0
TXN104415,CUST4762,45012.04,UPI,SUCCESS,,2026-08-15 14:44:48.314360,2
TXN104416,CUST8711,34710.61,WALLET,FAILED,BANK_DECLINE,2026-08-13 05:17:48.314360,0
TXN104417,CUST8972,18013.42,NETBANKING,SUCCESS,,2026-08-13 11:26:48.314360,2
TXN104418,CUST3521,9543.95,UPI,FAILED,BANK_DECLINE,2026-08-17 09:06:48.314360,2
TXN104419,CUST3959,656.84,WALLET,SUCCESS,,2026-07-31 05:03:48.314360,0
TXN104420,CUST2027,9598.19,UPI,SUCCESS,,2026-08-15 23:59:48.314360,0
TXN104421,CUST7231,21571.3,CARD,SUCCESS,,2026-07-31 07:26:48.314360,2
TXN104422,CUST5891,5072.45,NETBANKING,SUCCESS,,2026-08-18 06:51:48.314360,1
TXN104423,CUST4389,41629.08,NETBANKING,SUCCESS,,2026-08-15 22:29:48.314360,1
TXN104424,CUST7768,36574.5,WALLET,SUCCESS,,2026-08-25 12:01:48.314360,1
TXN104425,CUST4824,28922.83,WALLET,SUCCESS,,2026-08-02 21:05:48.314360,1
TXN104426,CUST1527,18965.62,WALLET,SUCCESS,,2026-08-20 11:51:48.314360,3
TXN104427,CUST2412,11373.46,UPI,SUCCESS,,2026-08-20 18:02:48.314360,1
TXN104428,CUST3998,5092.38,UPI,FAILED,LIMIT_EXCEEDED,2026-08-18 02:06:48.314360,1
TXN104429,CUST8138,44239.55,UPI,FAILED,BANK_DECLINE,2026-08-12 02:56:48.314360,3
TXN104430,CUST4928,46267.38,NETBANKING,FAILED,INSUFFICIENT_FUNDS,2026-07-31 02:21:48.314360,0
TXN104431,CUST4913,25494.46,NETBANKING,SUCCESS,,2026-08-22 23:09:48.314360,0
TXN104432,CUST1969,6999.09,UPI,FAILED,LIMIT_EXCEEDED,2026-08-20 10:21:48.314360,1
TXN104433,CUST4109,31420.09,WALLET,SUCCESS,,2026-08-05 06:27:48.314360,1
TXN104434,CUST7590,4489.19,NETBANKING,FAILED,LIMIT_EXCEEDED,2026-07-30 05:45:48.314360,2
TXN104435,CUST3607,33617.29,NETBANKING,SUCCESS,,2026-08-16 10:01:48.314360,0
TXN104436,CUST6936,38660.45,NETBANKING,FAILED,BANK_DECLINE,2026-08-21 18:58:48.314360,0
TXN104437,CUST8096,23791.79,WALLET,SUCCESS,,2026-07-31 21:28:48.314360,3
TXN104438,CUST1729,20223.26,WALLET,FAILED,INSUFFICIENT_FUNDS,2026-07-31 00:41:48.314360,0
TXN104439,CUST2694,14500.92,UPI,SUCCESS,,2026-08-05 17:00:48.314360,3
TXN104440,CUST5230,8394.38,CARD,SUCCESS,,2026-08-18 13:08:48.314360,3
TXN104441,CUST1704,41120.51,CARD,FAILED,INSUFFICIENT_FUNDS,2026-08-12 12:34:48.314360,2
TXN104442,CUST6971,46730.9,NETBANKING,SUCCESS,,2026-08-12 12:00:48.314360,0
TXN104443,CUST8473,42970.62,WALLET,SUCCESS,,2026-08-11 00:53:48.314360,1
TXN104444,CUST2328,47930.23,UPI,SUCCESS,,2026-08-27 17:52:48.314360,0
TXN104445,CUST1409,44482.37,WALLET,SUCCESS,,2026-08-06 13:41:48.314360,2
TXN104446,CUST4233,35729.32,WALLET,FAILED,LIMIT_EXCEEDED,2026-08-20 20:53:48.314360,2
TXN104447,CUST8767,7702.93,CARD,SUCCESS,,2026-08-06 08:52:48.314360,3
TXN104448,CUST8524,36521.16,WALLET,SUCCESS,,2026-07-31 12:26:48.314360,1
TXN104449,CUST2130,24385.21,UPI,SUCCESS,,2026-08-10 17:05:48.314360,1
TXN104450,CUST9783,41377.81,WALLET,FAILED,TIMEOUT,2026-08-07 20:23:48.314360,2
TXN104451,CUST7894,47179.68,CARD,FAILED,LIMIT_EXCEEDED,2026-08-01 22:19:48.314360,0
TXN104452,CUST9309,3096.47,WALLET,SUCCESS,,2026-08-21 04:34:48.314360,2
TXN104453,CUST8021,32608.34,WALLET,SUCCESS,,2026-08-12 11:59:48.314360,2
TXN104454,CUST1386,49182.06,NETBANKING,FAILED,NETWORK_ERROR,2026-08-05 18:25:48.314360,2
TXN104455,CUST9810,34802.43,UPI,SUCCESS,,2026-08-18 23:02:48.314360,3
TXN104456,CUST8930,21130.63,WALLET,SUCCESS,,2026-08-13 02:00:48.314360,1
TXN104457,CUST2486,13490.7,NETBANKING,SUCCESS,,2026-08-26 16:33:48.314360,1
TXN104458,CUST2988,40789.26,WALLET,SUCCESS,,2026-07-30 17:21:48.314360,3
TXN104459,CUST5723,36357.44,CARD,SUCCESS,,2026-08-19 18:10:48.314360,0
TXN104460,CUST1626,36828.3,UPI,SUCCESS,,2026-07-31 04:33:48.314360,0
TXN104461,CUST5639,24729.76,NETBANKING,SUCCESS,,2026-08-07 21:20:48.314360,3
TXN104462,CUST8903,10306.48,CARD,SUCCESS,,2026-08-15 18:46:48.314360,1
TXN104463,CUST6386,17278.74,WALLET,SUCCESS,,2026-08-13 06:59:48.314360,3
TXN104464,CUST5166,10635.96,WALLET,SUCCESS,,2026-08-09 09:29:48.314360,2
TXN104465,CUST7181,17946.5,WALLET,SUCCESS,,2026-08-07 13:52:48.314360,1
TXN104466,CUST2483,33266.46,NETBANKING,SUCCESS,,2026-08-14 18:57:48.314360,2
TXN104467,CUST3058,49905.49,CARD,SUCCESS,,2026-08-15 12:48:48.314360,0
TXN104468,CUST7404,43147.49,UPI,SUCCESS,,2026-08-24 00:11:48.314360,2
TXN104469,CUST3488,45024.44,NETBANKING,SUCCESS,,2026-08-05 10:42:48.314360,2
TXN104470,CUST5343,10927.66,CARD,SUCCESS,,2026-08-27 11:55:48.314360,3
TXN104471,CUST7807,8831.21,NETBANKING,SUCCESS,,2026-08-17 08:53:48.314360,3
TXN104472,CUST7228,25858.71,WALLET,FAILED,INSUFFICIENT_FUNDS,2026-08-07 11:15:48.314360,2
TXN104473,CUST1123,38778.31,UPI,SUCCESS,,2026-08-02 01:29:48.314360,0
TXN104474,CUST8897,25982.52,NETBANKING,SUCCESS,,2026-08-02 10:13:48.314360,2
TXN104475,CUST2380,1570.65,CARD,SUCCESS,,2026-08-17 08:54:48.314360,3
TXN104476,CUST6719,29344.03,CARD,SUCCESS,,2026-08-28 14:01:48.314360,2
TXN104477,CUST8535,30941.03,WALLET,SUCCESS,,2026-08-21 07:07:48.314360,2
TXN104478,CUST5106,10885.42,UPI,SUCCESS,,2026-08-06 23:04:48.314360,1
TXN104479,CUST3416,3040.73,NETBANKING,SUCCESS,,2026-07-30 06:07:48.314360,0
TXN104480,CUST2773,1575.53,NETBANKING,SUCCESS,,2026-08-14 02:32:48.314360,2
TXN104481,CUST1733,10120.27,UPI,FAILED,BANK_DECLINE,2026-08-25 04:21:48.314360,1
TXN104482,CUST4967,25900.48,UPI,SUCCESS,,2026-08-03 06:29:48.314360,3
TXN104483,CUST7149,26573.55,CARD,SUCCESS,,2026-08-14 23:39:48.314360,0
TXN104484,CUST6488,9068.88,WALLET,SUCCESS,,2026-08-18 08:18:48.314360,3
TXN104485,CUST8546,17485.53,CARD,SUCCESS,,2026-08-17 14:30:48.314360,1
TXN104486,CUST9923,19764.86,CARD,SUCCESS,,2026-08-14 03:33:48.314360,2
TXN104487,CUST7627,10888.0,CARD,FAILED,BANK_DECLINE,2026-08-14 06:22:48.314360,3
TXN104488,CUST9495,43553.72,UPI,SUCCESS,,2026-08-28 04:49:48.314360,3
TXN104489,CUST8449,13919.88,UPI,SUCCESS,,2026-08-25 20:32:48.314360,1
TXN104490,CUST1045,16229.22,UPI,SUCCESS,,2026-08-04 18:18:48.314360,3
TXN104491,CUST8290,34666.91,UPI,SUCCESS,,2026-08-13 04:09:48.314360,3
TXN104492,CUST6888,46125.88,WALLET,SUCCESS,,2026-08-13 05:17:48.314360,2
TXN104493,CUST9354,43573.65,WALLET,SUCCESS,,2026-07-30 00:23:48.314360,3
TXN104494,CUST8197,15802.94,UPI,SUCCESS,,2026-08-14 18:49:48.314360,1
TXN104495,CUST8858,24790.02,NETBANKING,SUCCESS,,2026-08-02 11:08:48.314360,0
TXN104496,CUST3642,12983.61,CARD,SUCCESS,,2026-08-26 22:31:48.314360,2
TXN104497,CUST9443,35169.59,UPI,SUCCESS,,2026-08-27 07:33:48.314360,0
TXN104498,CUST8401,34290.36,UPI,SUCCESS,,2026-08-09 02:56:48.314360,0
TXN104499,CUST6468,34044.76,UPI,SUCCESS,,2026-08-27 08:53:48.314360,0
TXN104500,CUST2623,16977.21,CARD,SUCCESS,,2026-08-05 12:20:48.314360,1
TXN104501,CUST7373,15463.52,NETBANKING,SUCCESS,,2026-08-19 19:52:48.314360,2
TXN104502,CUST3511,14810.86,NETBANKING,SUCCESS,,2026-08-19 11:38:48.314360,2
TXN104503,CUST9089,10710.19,CARD,FAILED,TIMEOUT,2026-08-14 19:48:48.314360,2
TXN104504,CUST7003,46847.84,CARD,SUCCESS,,2026-08-08 22:36:48.314360,2
TXN104505,CUST1985,13038.94,WALLET,SUCCESS,,2026-08-14 18:54:48.314360,1
TXN104506,CUST5896,10291.26,WALLET,SUCCESS,,2026-08-12 20:01:48.314360,0
TXN104507,CUST7023,38042.64,UPI,FAILED,INSUFFICIENT_FUNDS,2026-07-30 23:24:48.314360,0
TXN104508,CUST4854,34017.04,UPI,SUCCESS,,2026-07-30 06:04:48.314360,1
TXN104509,CUST3621,3027.99,UPI,SUCCESS,,2026-07-30 08:38:48.314360,2
TXN104510,CUST9509,24922.05,CARD,SUCCESS,,2026-08-23 01:15:48.314360,2
TXN104511,CUST4110,4848.92,WALLET,SUCCESS,,2026-08-19 09:50:48.314360,0
TXN104512,CUST7773,46865.8,CARD,SUCCESS,,2026-08-15 12:21:48.314360,3
TXN104513,CUST7657,30503.65,UPI,SUCCESS,,2026-08-19 19:12:48.314360,0
TXN104514,CUST3582,13854.48,CARD,SUCCESS,,2026-08-02 16:55:48.314360,1
TXN104515,CUST4418,17188.04,UPI,FAILED,INSUFFICIENT_FUNDS,2026-07-30 11:29:48.314360,1
TXN104516,CUST3606,22472.98,NETBANKING,SUCCESS,,2026-08-28 15:43:48.314360,2
TXN104517,CUST1871,17856.33,WALLET,SUCCESS,,2026-08-14 15:50:48.314360,2
TXN104518,CUST6782,28725.46,UPI,FAILED,INSUFFICIENT_FUNDS,2026-08-26 05:05:48.314360,1
TXN104519,CUST9684,7058.2,NETBANKING,SUCCESS,,2026-08-05 08:04:48.314360,2
TXN104520,CUST9906,41097.89,UPI,SUCCESS,,2026-08-22 15:44:48.314360,3
TXN104521,CUST2887,9307.06,NETBANKING,SUCCESS,,2026-08-22 17:39:48.314360,1
TXN104522,CUST3494,45172.01,CARD,SUCCESS,,2026-08-14 07:03:48.314360,2
TXN104523,CUST7419,28771.27,CARD,SUCCESS,,2026-08-13 16:45:48.314360,2
TXN104524,CUST3970,39938.39,WALLET,SUCCESS,,2026-08-06 12:50:48.314360,2
TXN104525,CUST8893,34808.82,CARD,SUCCESS,,2026-07-31 00:41:48.314360,2
TXN104526,CUST4168,16398.56,NETBANKING,SUCCESS,,2026-08-26 11:03:48.314360,1
TXN104527,CUST7678,1640.83,WALLET,FAILED,LIMIT_EXCEEDED,2026-08-18 23:37:48.314360,2
TXN104528,CUST8602,42773.25,NETBANKING,SUCCESS,,2026-08-19 08:50:48.314360,1
TXN104529,CUST3920,9824.0,CARD,SUCCESS,,2026-08-10 14:48:48.314360,1
TXN104530,CUST6186,9215.9,CARD,SUCCESS,,2026-08-09 00:12:48.314360,0
TXN104531,CUST1278,15369.11,NETBANKING,SUCCESS,,2026-08-19 15:09:48.314360,0
TXN104532,CUST3399,40151.97,UPI,SUCCESS,,2026-08-24 11:07:48.314360,0
TXN104533,CUST7687,21251.28,WALLET,SUCCESS,,2026-08-15 05:35:48.314360,1
TXN104534,CUST5684,13685.57,UPI,SUCCESS,,2026-08-04 13:45:48.314360,2
TXN104535,CUST4637,34730.2,CARD,SUCCESS,,2026-08-10 10:27:48.314360,3
TXN104536,CUST8292,30934.29,CARD,FAILED,INSUFFICIENT_FUNDS,2026-08-10 02:12:48.314360,3
TXN104537,CUST5288,492.1,WALLET,SUCCESS,,2026-08-15 10:43:48.314360,3
TXN104538,CUST5722,46637.52,NETBANKING,SUCCESS,,2026-08-16 01:37:48.314360,2
TXN104539,CUST7537,21093.07,UPI,SUCCESS,,2026-08-25 06:24:48.314360,1
TXN104540,CUST5750,33079.85,WALLET,SUCCESS,,2026-08-07 18:42:48.314360,3
TXN104541,CUST1786,3650.65,NETBANKING,SUCCESS,,2026-08-11 17:40:48.314360,0
TXN104542,CUST8379,34155.17,NETBANKING,SUCCESS,,2026-08-23 19:13:48.314360,2
TXN104543,CUST5919,41882.47,WALLET,SUCCESS,,2026-08-20 03:58:48.314360,1
TXN104544,CUST1601,43257.56,WALLET,SUCCESS,,2026-08-03 03:47:48.314360,2
TXN104545,CUST3658,22633.05,UPI,FAILED,TIMEOUT,2026-08-27 13:29:48.314360,3
TXN104546,CUST3674,30153.62,WALLET,SUCCESS,,2026-08-12 17:13:48.314360,1
TXN104547,CUST2858,28587.4,CARD,SUCCESS,,2026-08-28 13:30:48.314360,0
TXN104548,CUST3038,23059.64,CARD,SUCCESS,,2026-08-08 05:41:48.314360,3
TXN104549,CUST3890,41915.03,CARD,SUCCESS,,2026-08-08 23:32:48.314360,1
TXN104550,CUST3349,36556.44,WALLET,SUCCESS,,2026-08-14 10:09:48.314360,3
TXN104551,CUST6904,12397.12,WALLET,SUCCESS,,2026-08-07 01:39:48.314360,3
TXN104552,CUST2129,13881.42,WALLET,SUCCESS,,2026-08-04 08:25:48.314360,1
TXN104553,CUST4526,30690.94,NETBANKING,SUCCESS,,2026-07-31 01:32:48.314360,1
TXN104554,CUST3871,13873.01,CARD,SUCCESS,,2026-08-21 15:52:48.314360,1
TXN104555,CUST4599,43004.05,CARD,FAILED,LIMIT_EXCEEDED,2026-08-21 03:10:48.314360,2
TXN104556,CUST6073,46753.16,WALLET,FAILED,NETWORK_ERROR,2026-08-06 04:41:48.314360,1
TXN104557,CUST8822,11787.54,WALLET,SUCCESS,,2026-08-20 19:42:48.314360,0
TXN104558,CUST9881,17864.65,NETBANKING,SUCCESS,,2026-08-20 10:04:48.314360,3
TXN104559,CUST1059,26554.74,WALLET,SUCCESS,,2026-08-15 13:54:48.314360,1
TXN104560,CUST3196,42208.6,UPI,SUCCESS,,2026-08-28 13:19:48.314360,2
TXN104561,CUST9118,29445.02,NETBANKING,SUCCESS,,2026-08-26 23:22:48.314360,3
TXN104562,CUST1532,23842.45,UPI,SUCCESS,,2026-08-04 06:24:48.314360,3
TXN104563,CUST7043,10078.71,NETBANKING,SUCCESS,,2026-08-12 12:50:48.314360,2
TXN104564,CUST1760,4574.36,UPI,FAILED,TIMEOUT,2026-08-16 14:51:48.314360,1
TXN104565,CUST9737,35166.68,NETBANKING,SUCCESS,,2026-08-27 19:27:48.314360,0
TXN104566,CUST7313,3146.98,WALLET,SUCCESS,,2026-08-06 08:41:48.314360,0
TXN104567,CUST7937,12664.46,NETBANKING,SUCCESS,,2026-08-17 10:26:48.314360,2
TXN104568,CUST1738,37810.85,WALLET,SUCCESS,,2026-08-07 20:47:48.314360,0
TXN104569,CUST3700,28545.22,NETBANKING,SUCCESS,,2026-08-23 11:53:48.314360,1
TXN104570,CUST6130,11586.97,UPI,SUCCESS,,2026-08-24 19:29:48.314360,1
TXN104571,CUST2700,41928.51,UPI,SUCCESS,,2026-08-17 20:33:48.314360,3
TXN104572,CUST8605,25150.84,NETBANKING,SUCCESS,,2026-08-12 21:32:48.314360,1
TXN104573,CUST1252,36861.86,NETBANKING,SUCCESS,,2026-08-11 12:59:48.314360,2
TXN104574,CUST5650,5871.05,CARD,SUCCESS,,2026-07-31 18:37:48.314360,2
TXN104575,CUST8561,22450.51,CARD,SUCCESS,,2026-08-20 23:31:48.314360,2
TXN104576,CUST6696,21657.9,UPI,SUCCESS,,2026-08-02 22:42:48.314360,0
TXN104577,CUST7054,33522.3,UPI,SUCCESS,,2026-07-31 09:44:48.314360,1
TXN104578,CUST5250,14937.21,WALLET,SUCCESS,,2026-08-28 07:17:48.314360,2
TXN104579,CUST4948,48692.06,CARD,FAILED,TIMEOUT,2026-08-24 07:13:48.314360,0
TXN104580,CUST6431,44129.31,NETBANKING,SUCCESS,,2026-08-16 13:55:48.314360,2
TXN104581,CUST3907,48655.2,WALLET,SUCCESS,,2026-08-24 06:22:48.314360,3
TXN104582,CUST1444,28282.45,WALLET,SUCCESS,,2026-08-27 05:00:48.314360,0
TXN104583,CUST5887,23745.2,WALLET,SUCCESS,,2026-08-17 01:34:48.314360,1
TXN104584,CUST3812,26582.68,NETBANKING,SUCCESS,,2026-08-20 05:30:48.314360,3
TXN104585,CUST2996,8011.46,CARD,SUCCESS,,2026-08-22 15:41:48.314360,1
TXN104586,CUST9912,10481.51,CARD,FAILED,NETWORK_ERROR,2026-08-14 16:49:48.314360,3
TXN104587,CUST2745,23279.61,WALLET,SUCCESS,,2026-08-09 15:11:48.314360,0
TXN104588,CUST2530,25723.84,WALLET,SUCCESS,,2026-08-15 05:44:48.314360,0
TXN104589,CUST2084,29606.44,CARD,SUCCESS,,2026-08-09 13:02:48.314360,1
TXN104590,CUST6650,12760.75,NETBANKING,SUCCESS,,2026-08-28 20:02:48.314360,2
TXN104591,CUST1072,31446.66,CARD,SUCCESS,,2026-08-28 18:37:48.314360,2
TXN104592,CUST6914,39948.57,WALLET,SUCCESS,,2026-08-12 10:55:48.314360,0
TXN104593,CUST8420,28859.64,UPI,FAILED,INSUFFICIENT_FUNDS,2026-08-24 23:52:48.314360,2
TXN104594,CUST5026,611.9,WALLET,SUCCESS,,2026-08-23 21:39:48.314360,0
TXN104595,CUST3175,10869.81,UPI,FAILED,TIMEOUT,2026-08-11 23:09:48.314360,1
TXN104596,CUST6801,17939.34,CARD,SUCCESS,,2026-08-03 18:47:48.314360,3
TXN104597,CUST4567,44242.23,NETBANKING,SUCCESS,,2026-08-14 05:51:48.314360,0
TXN104598,CUST7124,10154.02,WALLET,SUCCESS,,2026-08-05 15:29:48.314360,3
TXN104599,CUST2350,25491.58,NETBANKING,SUCCESS,,2026-08-10 05:05:48.314360,1
TXN104600,CUST6930,9192.88,NETBANKING,SUCCESS,,2026-08-24 09:00:48.314360,2
TXN104601,CUST3734,41240.39,NETBANKING,FAILED,NETWORK_ERROR,2026-08-07 23:39:48.314360,0
TXN104602,CUST3036,15279.53,WALLET,SUCCESS,,2026-08-27 11:16:48.314360,1
TXN104603,CUST3771,24508.06,UPI,SUCCESS,,2026-08-10 00:37:48.314360,1
TXN104604,CUST5879,14517.36,UPI,SUCCESS,,2026-08-05 22:15:48.314360,1
TXN104605,CUST2087,47754.38,NETBANKING,SUCCESS,,2026-08-11 09:28:48.314360,0
TXN104606,CUST3735,29772.92,UPI,SUCCESS,,2026-08-27 16:47:48.314360,0
TXN104607,CUST9589,37323.55,NETBANKING,SUCCESS,,2026-08-27 12:56:48.314360,3
TXN104608,CUST8648,30512.53,WALLET,SUCCESS,,2026-08-01 16:47:48.314360,0
TXN104609,CUST2268,24698.42,NETBANKING,SUCCESS,,2026-08-24 17:48:48.314360,1
TXN104610,CUST7096,20600.09,UPI,SUCCESS,,2026-08-02 16:37:48.314360,3
TXN104611,CUST4662,23013.72,CARD,SUCCESS,,2026-08-22 15:20:48.314360,0
TXN104612,CUST5797,16728.77,NETBANKING,SUCCESS,,2026-08-27 00:45:48.314360,1
TXN104613,CUST5446,36688.43,CARD,SUCCESS,,2026-07-31 07:28:48.314360,1
TXN104614,CUST4540,26213.71,UPI,FAILED,LIMIT_EXCEEDED,2026-08-28 17:19:48.314360,1
TXN104615,CUST3597,14426.18,NETBANKING,SUCCESS,,2026-08-09 13:34:48.314360,1
TXN104616,CUST1339,22841.22,NETBANKING,FAILED,TIMEOUT,2026-08-17 15:33:48.314360,2
TXN104617,CUST5912,41669.45,WALLET,FAILED,TIMEOUT,2026-08-09 15:50:48.314360,0
TXN104618,CUST2041,23164.47,UPI,SUCCESS,,2026-08-18 02:56:48.314360,3
TXN104619,CUST4978,34254.73,WALLET,SUCCESS,,2026-07-31 08:07:48.314360,2
TXN104620,CUST2461,32184.64,UPI,SUCCESS,,2026-08-11 02:33:48.314360,0
TXN104621,CUST1297,8105.23,CARD,SUCCESS,,2026-08-25 02:19:48.314360,3
TXN104622,CUST1756,16297.33,NETBANKING,SUCCESS,,2026-08-12 00:02:48.314360,2
TXN104623,CUST2680,5272.95,WALLET,FAILED,LIMIT_EXCEEDED,2026-08-24 23:02:48.314360,0
TXN104624,CUST4399,13700.56,NETBANKING,SUCCESS,,2026-08-22 07:12:48.314360,3
TXN104625,CUST6490,3044.66,UPI,SUCCESS,,2026-08-13 22:06:48.314360,1
TXN104626,CUST2837,38901.97,NETBANKING,SUCCESS,,2026-08-01 22:29:48.314360,1
TXN104627,CUST3201,23405.56,UPI,SUCCESS,,2026-08-05 12:40:48.314360,2
TXN104628,CUST5670,32147.83,WALLET,SUCCESS,,2026-08-06 07:52:48.314360,3
TXN104629,CUST6525,10344.62,UPI,FAILED,LIMIT_EXCEEDED,2026-08-15 18:40:48.314360,2
TXN104630,CUST3621,39889.57,WALLET,SUCCESS,,2026-08-06 23:56:48.314360,0
TXN104631,CUST2024,10684.22,NETBANKING,SUCCESS,,2026-08-01 16:08:48.314360,1
TXN104632,CUST8033,34373.68,UPI,FAILED,BANK_DECLINE,2026-08-28 03:51:48.314360,0
TXN104633,CUST8660,1298.36,WALLET,SUCCESS,,2026-08-05 02:59:48.314360,1
TXN104634,CUST2690,38304.9,CARD,FAILED,INSUFFICIENT_FUNDS,2026-08-26 01:32:48.314360,1
TXN104635,CUST1172,31605.98,CARD,SUCCESS,,2026-07-31 05:46:48.314360,2
TXN104636,CUST8660,32507.12,WALLET,SUCCESS,,2026-08-19 12:27:48.314360,2
TXN104637,CUST2838,49283.22,UPI,SUCCESS,,2026-08-23 11:31:48.314360,0
TXN104638,CUST6097,36255.82,CARD,SUCCESS,,2026-08-09 17:23:48.314360,0
TXN104639,CUST3303,17961.17,WALLET,SUCCESS,,2026-08-26 05:15:48.314360,0
TXN104640,CUST2400,40048.72,NETBANKING,SUCCESS,,2026-08-02 00:08:48.314360,2
TXN104641,CUST7199,34591.56,NETBANKING,SUCCESS,,2026-08-25 08:07:48.314360,0
TXN104642,CUST7225,44956.44,UPI,SUCCESS,,2026-08-06 22:14:48.314360,1
TXN104643,CUST3601,33868.0,WALLET,SUCCESS,,2026-08-06 12:16:48.314360,2
TXN104644,CUST6266,25216.77,CARD,SUCCESS,,2026-08-03 18:59:48.314360,1
TXN104645,CUST5110,37200.25,CARD,SUCCESS,,2026-08-13 01:19:48.314360,2
TXN104646,CUST1199,31942.87,NETBANKING,SUCCESS,,2026-08-10 04:37:48.314360,0
TXN104647,CUST7980,11881.43,NETBANKING,SUCCESS,,2026-08-15 10:52:48.314360,2
TXN104648,CUST7952,46704.51,UPI,FAILED,LIMIT_EXCEEDED,2026-08-27 11:58:48.314360,0
TXN104649,CUST1786,10722.23,UPI,SUCCESS,,2026-07-31 02:22:48.314360,3
TXN104650,CUST5350,38988.91,WALLET,SUCCESS,,2026-08-16 17:12:48.314360,1
TXN104651,CUST6755,37899.78,NETBANKING,SUCCESS,,2026-08-19 22:44:48.314360,2
TXN104652,CUST4241,255.53,WALLET,SUCCESS,,2026-08-21 00:36:48.314360,0
TXN104653,CUST4215,31607.8,CARD,SUCCESS,,2026-08-27 01:04:48.314360,3
TXN104654,CUST7151,15175.18,NETBANKING,FAILED,INSUFFICIENT_FUNDS,2026-07-29 22:15:48.314360,1
TXN104655,CUST9792,17378.59,NETBANKING,SUCCESS,,2026-08-09 03:04:48.314360,1
TXN104656,CUST4372,32537.18,CARD,SUCCESS,,2026-08-20 21:10:48.314360,3
TXN104657,CUST4911,40178.59,WALLET,SUCCESS,,2026-08-15 01:46:48.314360,2
TXN104658,CUST9086,27440.51,UPI,SUCCESS,,2026-08-10 14:11:48.314360,0
TXN104659,CUST9919,40277.04,UPI,SUCCESS,,2026-08-18 15:32:48.314360,2
TXN104660,CUST7683,18632.41,WALLET,SUCCESS,,2026-08-06 01:05:48.314360,1
TXN104661,CUST7153,6039.78,NETBANKING,SUCCESS,,2026-08-20 02:12:48.314360,3
TXN104662,CUST2890,35107.79,WALLET,SUCCESS,,2026-08-09 14:25:48.314360,2
TXN104663,CUST6923,23063.07,CARD,SUCCESS,,2026-08-26 01:49:48.314360,3
TXN104664,CUST2402,22646.17,NETBANKING,SUCCESS,,2026-08-26 12:02:48.314360,2
TXN104665,CUST9571,9049.91,WALLET,SUCCESS,,2026-08-09 16:43:48.314360,1
TXN104666,CUST9510,44271.41,NETBANKING,SUCCESS,,2026-08-11 10:09:48.314360,2
TXN104667,CUST9912,48057.69,CARD,SUCCESS,,2026-07-30 13:09:48.314360,2
TXN104668,CUST9599,24143.17,CARD,SUCCESS,,2026-08-22 22:16:48.314360,2
TXN104669,CUST7334,43056.63,NETBANKING,SUCCESS,,2026-08-08 23:21:48.314360,2
TXN104670,CUST6159,10460.46,UPI,SUCCESS,,2026-08-15 13:10:48.314360,2
TXN104671,CUST2771,44828.88,NETBANKING,SUCCESS,,2026-08-09 08:57:48.314360,3
TXN104672,CUST8450,49533.08,NETBANKING,FAILED,BANK_DECLINE,2026-08-20 03:02:48.314360,3
TXN104673,CUST7114,15219.04,WALLET,SUCCESS,,2026-08-14 04:30:48.314360,1
TXN104674,CUST1355,22395.72,CARD,SUCCESS,,2026-08-21 08:18:48.314360,3
TXN104675,CUST6034,14731.58,NETBANKING,SUCCESS,,2026-08-17 12:07:48.314360,0
TXN104676,CUST8488,46526.21,UPI,SUCCESS,,2026-08-06 06:04:48.314360,1
TXN104677,CUST5757,1378.44,UPI,FAILED,INSUFFICIENT_FUNDS,2026-08-28 08:31:48.314360,1
TXN104678,CUST4846,39514.58,UPI,SUCCESS,,2026-08-10 19:07:48.314360,2
TXN104679,CUST3943,18783.91,CARD,SUCCESS,,2026-08-16 15:33:48.314360,2
TXN104680,CUST6779,9980.33,UPI,SUCCESS,,2026-08-18 02:10:48.314360,1
TXN104681,CUST3538,12617.25,WALLET,SUCCESS,,2026-08-16 21:47:48.314360,2
TXN104682,CUST9559,36688.66,CARD,SUCCESS,,2026-08-14 09:00:48.314360,0
TXN104683,CUST4695,24187.29,CARD,SUCCESS,,2026-08-26 21:17:48.314360,1
TXN104684,CUST1811,15819.72,UPI,SUCCESS,,2026-08-02 23:59:48.314360,3
TXN104685,CUST2398,27121.11,WALLET,SUCCESS,,2026-08-21 05:40:48.314360,3
TXN104686,CUST3856,1532.43,CARD,SUCCESS,,2026-08-23 06:34:48.314360,2
TXN104687,CUST1843,12750.22,CARD,SUCCESS,,2026-08-21 23:38:48.314360,1
TXN104688,CUST6412,5399.97,UPI,SUCCESS,,2026-08-07 02:08:48.314360,1
TXN104689,CUST5016,22516.24,UPI,FAILED,TIMEOUT,2026-08-16 17:03:48.314360,3
TXN104690,CUST2677,17597.3,WALLET,SUCCESS,,2026-08-28 16:35:48.314360,3
TXN104691,CUST9613,5449.92,WALLET,SUCCESS,,2026-08-09 03:53:48.314360,2
TXN104692,CUST8955,3099.73,WALLET,FAILED,TIMEOUT,2026-08-14 08:54:48.314360,0
TXN104693,CUST1277,35466.84,NETBANKING,SUCCESS,,2026-08-14 09:25:48.314360,0
TXN104694,CUST1184,23258.51,NETBANKING,FAILED,LIMIT_EXCEEDED,2026-08-20 00:13:48.314360,2
TXN104695,CUST4779,33055.91,UPI,SUCCESS,,2026-08-16 21:22:48.314360,0
TXN104696,CUST7762,41752.22,WALLET,FAILED,BANK_DECLINE,2026-08-25 12:19:48.314360,3
TXN104697,CUST8349,8352.23,WALLET,FAILED,BANK_DECLINE,2026-08-28 12:17:48.314360,2
TXN104698,CUST1137,38600.69,UPI,SUCCESS,,2026-07-31 06:03:48.314360,0
TXN104699,CUST9865,31114.58,WALLET,SUCCESS,,2026-08-13 06:58:48.314360,1
TXN104700,CUST2967,4249.01,UPI,FAILED,INSUFFICIENT_FUNDS,2026-08-14 02:35:48.314360,3
TXN104701,CUST9203,46875.04,UPI,SUCCESS,,2026-07-30 10:45:48.314360,1
TXN104702,CUST3897,7915.48,UPI,SUCCESS,,2026-08-08 01:55:48.314360,3
TXN104703,CUST5457,38141.18,WALLET,SUCCESS,,2026-08-22 02:36:48.314360,1
TXN104704,CUST4954,13064.38,CARD,SUCCESS,,2026-08-25 16:33:48.314360,3
TXN104705,CUST6587,17922.69,CARD,SUCCESS,,2026-08-08 06:08:48.314360,0
TXN104706,CUST9003,34422.07,UPI,SUCCESS,,2026-08-06 22:32:48.314360,3
TXN104707,CUST3152,47563.76,UPI,SUCCESS,,2026-08-07 07:06:48.314360,2
TXN104708,CUST9835,21871.0,NETBANKING,SUCCESS,,2026-08-13 16:36:48.314360,3
TXN104709,CUST4696,47973.69,CARD,SUCCESS,,2026-07-30 14:02:48.314360,2
TXN104710,CUST6059,10232.82,UPI,FAILED,NETWORK_ERROR,2026-08-07 09:09:48.314360,3
TXN104711,CUST2166,49161.81,CARD,SUCCESS,,2026-08-19 07:39:48.314360,2
TXN104712,CUST2744,1734.0,CARD,SUCCESS,,2026-08-14 01:41:48.314360,0
TXN104713,CUST5682,8580.69,UPI,SUCCESS,,2026-08-19 13:05:48.314360,2
TXN104714,CUST3048,1614.18,CARD,SUCCESS,,2026-08-08 12:05:48.314360,1
TXN104715,CUST8695,39428.56,NETBANKING,SUCCESS,,2026-08-10 12:18:48.314360,2
TXN104716,CUST2405,47413.09,UPI,SUCCESS,,2026-08-25 19:34:48.314360,3
TXN104717,CUST3177,42754.39,NETBANKING,SUCCESS,,2026-08-26 18:56:48.314360,3
TXN104718,CUST6131,7310.74,UPI,SUCCESS,,2026-08-16 19:02:48.314360,0
TXN104719,CUST4670,39892.16,NETBANKING,FAILED,NETWORK_ERROR,2026-08-08 23:49:48.314360,1
TXN104720,CUST2367,43848.71,NETBANKING,SUCCESS,,2026-08-08 12:07:48.314360,2
TXN104721,CUST7021,16440.51,CARD,SUCCESS,,2026-08-20 01:19:48.314360,1
TXN104722,CUST6963,27853.53,WALLET,SUCCESS,,2026-08-11 22:08:48.314360,0
TXN104723,CUST1345,7281.33,NETBANKING,SUCCESS,,2026-08-18 06:24:48.314360,3
TXN104724,CUST9535,578.31,CARD,SUCCESS,,2026-08-26 19:00:48.314360,1
TXN104725,CUST7883,44903.32,CARD,SUCCESS,,2026-08-28 02:16:48.314360,3
TXN104726,CUST2200,44651.86,CARD,FAILED,BANK_DECLINE,2026-08-05 02:36:48.314360,3
TXN104727,CUST5138,30467.09,CARD,FAILED,BANK_DECLINE,2026-08-02 22:59:48.314360,3
TXN104728,CUST7232,9986.96,CARD,FAILED,TIMEOUT,2026-08-18 21:07:48.314360,3
TXN104729,CUST8432,37076.61,WALLET,SUCCESS,,2026-08-07 18:49:48.314360,1
TXN104730,CUST6458,25508.68,UPI,SUCCESS,,2026-08-17 10:41:48.314360,1
TXN104731,CUST1362,42776.75,UPI,SUCCESS,,2026-08-21 02:23:48.314360,2
TXN104732,CUST2121,36201.46,UPI,SUCCESS,,2026-08-18 02:20:48.314360,2
TXN104733,CUST8027,13621.83,WALLET,SUCCESS,,2026-08-22 06:38:48.314360,3
TXN104734,CUST9205,45701.25,WALLET,FAILED,BANK_DECLINE,2026-08-14 20:57:48.314360,3
TXN104735,CUST6277,48300.77,CARD,SUCCESS,,2026-07-30 15:06:48.314360,1
TXN104736,CUST5834,44516.18,NETBANKING,SUCCESS,,2026-08-25 00:30:48.314360,3
TXN104737,CUST3813,41768.82,CARD,SUCCESS,,2026-08-21 06:56:48.314360,3
TXN104738,CUST1963,13798.84,WALLET,FAILED,NETWORK_ERROR,2026-08-04 09:06:48.314360,1
TXN104739,CUST8150,300.68,WALLET,FAILED,INSUFFICIENT_FUNDS,2026-08-16 03:04:48.314360,1
TXN104740,CUST9555,35172.45,CARD,SUCCESS,,2026-08-01 18:29:48.314360,2
TXN104741,CUST2203,8793.73,UPI,FAILED,NETWORK_ERROR,2026-08-26 21:31:48.314360,1
TXN104742,CUST7807,14219.5,WALLET,SUCCESS,,2026-08-20 07:03:48.314360,3
TXN104743,CUST9318,22703.6,UPI,SUCCESS,,2026-08-05 23:47:48.314360,1
TXN104744,CUST1190,27135.34,UPI,SUCCESS,,2026-08-22 12:39:48.314360,0
TXN104745,CUST7112,29403.27,UPI,FAILED,BANK_DECLINE,2026-08-06 01:43:48.314360,2
TXN104746,CUST1704,42495.03,CARD,SUCCESS,,2026-08-23 13:55:48.314360,0
TXN104747,CUST3507,35443.78,NETBANKING,SUCCESS,,2026-08-07 20:35:48.314360,2
TXN104748,CUST9050,40713.9,CARD,SUCCESS,,2026-08-08 03:02:48.314360,0
TXN104749,CUST6754,45844.71,UPI,SUCCESS,,2026-08-01 22:04:48.314360,0
TXN104750,CUST2577,14623.73,CARD,SUCCESS,,2026-08-12 06:10:48.314360,2
TXN104751,CUST9750,17472.28,WALLET,SUCCESS,,2026-08-07 10:30:48.314360,3
TXN104752,CUST6049,39362.92,WALLET,SUCCESS,,2026-08-26 02:25:48.314360,0
TXN104753,CUST5586,19724.59,CARD,FAILED,BANK_DECLINE,2026-08-12 14:17:48.314360,3
TXN104754,CUST3024,34913.71,UPI,SUCCESS,,2026-08-26 03:48:48.314360,1
TXN104755,CUST3106,21795.15,NETBANKING,SUCCESS,,2026-08-08 05:59:48.314360,0
TXN104756,CUST3670,38377.72,NETBANKING,SUCCESS,,2026-08-21 23:20:48.314360,2
TXN104757,CUST3702,8926.24,NETBANKING,SUCCESS,,2026-08-26 15:35:48.314360,2
TXN104758,CUST9069,40912.62,WALLET,SUCCESS,,2026-08-02 09:18:48.314360,0
TXN104759,CUST5504,18198.79,NETBANKING,SUCCESS,,2026-08-28 17:51:48.314360,1
TXN104760,CUST8292,16151.44,WALLET,SUCCESS,,2026-08-15 12:26:48.314360,0
TXN104761,CUST2919,34475.97,WALLET,SUCCESS,,2026-08-09 17:10:48.314360,2
TXN104762,CUST4053,23252.04,CARD,SUCCESS,,2026-08-20 14:44:48.314360,1
TXN104763,CUST8032,40674.81,CARD,SUCCESS,,2026-08-22 07:06:48.314360,1
TXN104764,CUST9146,604.15,NETBANKING,FAILED,TIMEOUT,2026-08-21 21:36:48.314360,0
TXN104765,CUST4467,10539.97,NETBANKING,SUCCESS,,2026-07-30 18:05:48.314360,2
TXN104766,CUST9718,24382.75,CARD,SUCCESS,,2026-08-02 02:38:48.314360,3
TXN104767,CUST6233,5675.63,CARD,SUCCESS,,2026-08-01 19:42:48.314360,2
TXN104768,CUST2969,44362.32,WALLET,SUCCESS,,2026-08-07 04:21:48.314360,0
TXN104769,CUST5575,39707.37,CARD,SUCCESS,,2026-08-02 21:22:48.314360,2
TXN104770,CUST4764,1212.71,NETBANKING,SUCCESS,,2026-08-23 11:06:48.314360,0
TXN104771,CUST8630,28649.79,UPI,SUCCESS,,2026-08-01 01:58:48.314360,3
TXN104772,CUST5059,11286.45,NETBANKING,SUCCESS,,2026-08-11 21:51:48.314360,3
TXN104773,CUST4181,22549.11,UPI,SUCCESS,,2026-08-27 07:46:48.314360,3
TXN104774,CUST7131,27385.97,UPI,SUCCESS,,2026-08-13 13:08:48.314360,2
TXN104775,CUST6087,21909.74,UPI,SUCCESS,,2026-08-17 15:22:48.314360,2
TXN104776,CUST4346,46902.25,WALLET,FAILED,INSUFFICIENT_FUNDS,2026-08-21 23:39:48.314360,2
TXN104777,CUST7863,12680.2,UPI,SUCCESS,,2026-08-27 05:25:48.314360,1
TXN104778,CUST5843,6338.96,WALLET,SUCCESS,,2026-08-06 15:24:48.314360,0
TXN104779,CUST2975,38313.55,WALLET,FAILED,NETWORK_ERROR,2026-08-18 07:37:48.314360,0
TXN104780,CUST2220,49079.11,NETBANKING,SUCCESS,,2026-08-07 00:36:48.314360,3
TXN104781,CUST1027,19936.28,WALLET,SUCCESS,,2026-08-15 23:35:48.314360,0
TXN104782,CUST2191,27265.66,CARD,SUCCESS,,2026-08-15 07:03:48.314360,0
TXN104783,CUST7027,28588.18,WALLET,FAILED,LIMIT_EXCEEDED,2026-08-28 09:26:48.314360,3
TXN104784,CUST6968,46863.17,UPI,SUCCESS,,2026-08-18 19:10:48.314360,3
TXN104785,CUST5363,18863.62,NETBANKING,SUCCESS,,2026-08-22 07:43:48.314360,0
TXN104786,CUST1850,16332.77,NETBANKING,SUCCESS,,2026-08-19 02:30:48.314360,2
TXN104787,CUST8615,15473.41,UPI,SUCCESS,,2026-08-22 23:55:48.314360,3
TXN104788,CUST5153,29128.48,UPI,SUCCESS,,2026-08-08 03:59:48.314360,2
TXN104789,CUST1453,4092.12,UPI,SUCCESS,,2026-08-03 03:06:48.314360,0
TXN104790,CUST6766,3246.83,UPI,SUCCESS,,2026-08-09 15:12:48.314360,2
TXN104791,CUST6830,46767.95,NETBANKING,SUCCESS,,2026-08-28 09:37:48.314360,1
TXN104792,CUST1609,10033.83,CARD,SUCCESS,,2026-08-21 04:59:48.314360,2
TXN104793,CUST6977,28328.25,WALLET,SUCCESS,,2026-08-24 12:30:48.314360,1
TXN104794,CUST3627,28296.6,UPI,SUCCESS,,2026-08-02 23:51:48.314360,1
TXN104795,CUST6554,44499.86,WALLET,SUCCESS,,2026-08-04 02:07:48.314360,0
TXN104796,CUST9529,36591.29,CARD,SUCCESS,,2026-07-30 18:09:48.314360,1
TXN104797,CUST6174,49050.9,CARD,SUCCESS,,2026-08-22 04:23:48.314360,1
TXN104798,CUST7747,3911.37,UPI,SUCCESS,,2026-08-05 09:26:48.314360,1
TXN104799,CUST5149,19013.93,WALLET,SUCCESS,,2026-08-03 07:43:48.314360,2
TXN104800,CUST4452,5839.57,CARD,SUCCESS,,2026-08-28 14:55:48.314360,3
TXN104801,CUST2820,858.91,CARD,SUCCESS,,2026-07-31 14:16:48.314360,0
TXN104802,CUST3648,16509.9,NETBANKING,SUCCESS,,2026-08-14 05:18:48.314360,2
TXN104803,CUST3555,4343.06,CARD,SUCCESS,,2026-08-12 05:10:48.314360,2
TXN104804,CUST3017,15591.14,UPI,SUCCESS,,2026-08-22 07:15:48.314360,3
TXN104805,CUST7941,6484.48,CARD,SUCCESS,,2026-08-07 03:27:48.314360,3
TXN104806,CUST3158,36458.43,WALLET,SUCCESS,,2026-08-18 21:09:48.314360,0
TXN104807,CUST1630,41790.04,UPI,FAILED,INSUFFICIENT_FUNDS,2026-08-10 09:53:48.314360,2
TXN104808,CUST3384,26066.48,NETBANKING,SUCCESS,,2026-07-31 08:42:48.314360,2
TXN104809,CUST6616,6121.64,CARD,SUCCESS,,2026-08-16 11:29:48.314360,2
TXN104810,CUST2584,30524.03,WALLET,SUCCESS,,2026-08-08 20:10:48.314360,2
TXN104811,CUST6966,14419.15,CARD,SUCCESS,,2026-08-18 23:54:48.314360,1
TXN104812,CUST8844,14362.49,NETBANKING,SUCCESS,,2026-08-15 00:38:48.314360,3
TXN104813,CUST1552,15879.18,UPI,SUCCESS,,2026-08-16 23:25:48.314360,3
TXN104814,CUST3691,254.89,WALLET,SUCCESS,,2026-08-23 06:56:48.314360,0
TXN104815,CUST2614,9830.78,NETBANKING,SUCCESS,,2026-08-09 14:44:48.314360,2
TXN104816,CUST9287,29577.38,CARD,SUCCESS,,2026-08-26 08:38:48.314360,0
TXN104817,CUST9369,4389.01,NETBANKING,SUCCESS,,2026-08-17 03:24:48.314360,1
TXN104818,CUST7746,32413.21,CARD,SUCCESS,,2026-08-17 07:03:48.314360,0
TXN104819,CUST4585,20893.11,WALLET,SUCCESS,,2026-08-01 02:11:48.314360,2
TXN104820,CUST9594,2392.01,NETBANKING,SUCCESS,,2026-08-12 20:11:48.314360,0
TXN104821,CUST2140,36877.48,UPI,SUCCESS,,2026-07-31 16:41:48.314360,1
TXN104822,CUST8090,22004.79,CARD,SUCCESS,,2026-08-09 10:33:48.314360,0
TXN104823,CUST7119,23370.2,CARD,FAILED,TIMEOUT,2026-08-18 09:12:48.314360,1
TXN104824,CUST9610,44700.7,NETBANKING,SUCCESS,,2026-08-09 07:48:48.314360,3
TXN104825,CUST5449,19812.04,NETBANKING,SUCCESS,,2026-08-08 13:38:48.314360,0
TXN104826,CUST1229,24688.14,NETBANKING,SUCCESS,,2026-08-04 00:44:48.314360,1
TXN104827,CUST9294,5466.78,UPI,SUCCESS,,2026-07-31 20:02:48.314360,1
TXN104828,CUST5407,15240.74,WALLET,SUCCESS,,2026-08-16 12:15:48.314360,2
TXN104829,CUST8508,38099.34,NETBANKING,SUCCESS,,2026-08-09 16:33:48.314360,2
TXN104830,CUST1641,2998.64,NETBANKING,SUCCESS,,2026-08-02 10:55:48.314360,0
TXN104831,CUST8324,10862.7,NETBANKING,SUCCESS,,2026-08-22 00:28:48.314360,3
TXN104832,CUST5965,27996.4,NETBANKING,SUCCESS,,2026-08-19 23:17:48.314360,0
TXN104833,CUST7490,42645.37,UPI,SUCCESS,,2026-08-15 17:09:48.314360,3
TXN104834,CUST2410,39142.8,NETBANKING,SUCCESS,,2026-07-30 15:12:48.314360,1
TXN104835,CUST7736,17989.53,NETBANKING,SUCCESS,,2026-08-12 12:21:48.314360,2
TXN104836,CUST3126,37906.81,UPI,SUCCESS,,2026-08-12 09:13:48.314360,0
TXN104837,CUST4161,34166.37,UPI,SUCCESS,,2026-07-31 02:54:48.314360,2
TXN104838,CUST5687,24147.28,UPI,SUCCESS,,2026-08-12 17:36:48.314360,1
TXN104839,CUST5152,44017.09,WALLET,FAILED,NETWORK_ERROR,2026-07-30 06:43:48.314360,0
TXN104840,CUST2231,25675.49,NETBANKING,FAILED,BANK_DECLINE,2026-08-01 07:07:48.314360,0
TXN104841,CUST6317,42293.59,CARD,SUCCESS,,2026-08-15 13:48:48.314360,2
TXN104842,CUST5711,12374.78,UPI,FAILED,BANK_DECLINE,2026-08-19 01:07:48.314360,1
TXN104843,CUST2833,35962.44,NETBANKING,SUCCESS,,2026-08-02 07:18:48.314360,0
TXN104844,CUST8869,38560.17,CARD,SUCCESS,,2026-08-13 20:45:48.314360,2
TXN104845,CUST8067,37156.45,NETBANKING,SUCCESS,,2026-08-03 06:55:48.314360,0
TXN104846,CUST8864,2092.05,UPI,SUCCESS,,2026-08-28 04:43:48.314360,2
TXN104847,CUST2705,40681.46,NETBANKING,SUCCESS,,2026-08-25 15:10:48.314360,0
TXN104848,CUST6399,40893.32,CARD,SUCCESS,,2026-08-24 06:18:48.314360,3
TXN104849,CUST3581,13831.71,CARD,SUCCESS,,2026-08-10 17:37:48.314360,1
TXN104850,CUST3237,11917.56,NETBANKING,FAILED,BANK_DECLINE,2026-08-12 20:34:48.314360,3
TXN104851,CUST5224,2817.58,NETBANKING,SUCCESS,,2026-08-19 14:09:48.314360,0
TXN104852,CUST1473,9596.29,WALLET,FAILED,INSUFFICIENT_FUNDS,2026-08-27 07:23:48.314360,3
TXN104853,CUST1765,6161.63,NETBANKING,SUCCESS,,2026-08-23 11:36:48.314360,2
TXN104854,CUST3539,38300.54,WALLET,SUCCESS,,2026-08-22 05:19:48.314360,0
TXN104855,CUST2507,48207.94,CARD,SUCCESS,,2026-08-21 06:55:48.314360,2
TXN104856,CUST5681,10117.93,NETBANKING,SUCCESS,,2026-08-11 22:10:48.314360,2
TXN104857,CUST7137,9660.16,UPI,SUCCESS,,2026-08-17 16:52:48.314360,2
TXN104858,CUST5958,47411.74,UPI,SUCCESS,,2026-08-28 11:42:48.314360,0
TXN104859,CUST8856,32651.1,UPI,FAILED,NETWORK_ERROR,2026-08-22 17:10:48.314360,2
TXN104860,CUST2387,41227.38,CARD,FAILED,INSUFFICIENT_FUNDS,2026-08-06 00:13:48.314360,0
TXN104861,CUST4565,15630.84,UPI,SUCCESS,,2026-08-27 22:57:48.314360,3
TXN104862,CUST7100,6225.93,CARD,SUCCESS,,2026-08-26 11:14:48.314360,1
TXN104863,CUST6614,20898.73,CARD,SUCCESS,,2026-08-15 10:37:48.314360,3
TXN104864,CUST9631,10539.55,NETBANKING,SUCCESS,,2026-08-21 18:04:48.314360,3
TXN104865,CUST2333,1667.46,WALLET,SUCCESS,,2026-08-13 19:24:48.314360,3
TXN104866,CUST3125,23064.19,NETBANKING,SUCCESS,,2026-08-25 10:43:48.314360,3
TXN104867,CUST6683,6925.95,CARD,SUCCESS,,2026-08-10 11:05:48.314360,2
TXN104868,CUST9299,3225.13,NETBANKING,SUCCESS,,2026-08-20 07:44:48.314360,0
TXN104869,CUST3126,19809.31,UPI,SUCCESS,,2026-08-13 23:08:48.314360,0
TXN104870,CUST7970,38976.32,CARD,SUCCESS,,2026-08-27 23:21:48.314360,3
TXN104871,CUST8533,26469.55,NETBANKING,SUCCESS,,2026-08-25 12:33:48.314360,1
TXN104872,CUST5190,24538.61,UPI,SUCCESS,,2026-08-12 16:01:48.314360,0
TXN104873,CUST9904,39873.47,WALLET,SUCCESS,,2026-08-17 09:06:48.314360,3
TXN104874,CUST4378,32932.31,UPI,SUCCESS,,2026-08-14 13:30:48.314360,0
TXN104875,CUST3225,34420.23,NETBANKING,SUCCESS,,2026-08-16 20:34:48.314360,1
TXN104876,CUST3759,43351.95,WALLET,SUCCESS,,2026-08-21 22:08:48.314360,0
TXN104877,CUST1330,4475.74,WALLET,FAILED,TIMEOUT,2026-08-14 13:18:48.314360,1
TXN104878,CUST3296,658.38,NETBANKING,SUCCESS,,2026-08-22 10:38:48.314360,2
TXN104879,CUST9602,17590.41,NETBANKING,SUCCESS,,2026-08-24 15:31:48.314360,0
TXN104880,CUST1959,39000.32,WALLET,FAILED,INSUFFICIENT_FUNDS,2026-08-10 13:54:48.314360,3
TXN104881,CUST1531,9492.96,UPI,SUCCESS,,2026-08-19 01:54:48.314360,2
TXN104882,CUST5170,30466.54,WALLET,FAILED,NETWORK_ERROR,2026-08-09 05:13:48.314360,1
TXN104883,CUST5097,15172.48,NETBANKING,SUCCESS,,2026-08-01 19:35:48.314360,2
TXN104884,CUST2715,30266.1,CARD,SUCCESS,,2026-08-09 18:16:48.314360,3
TXN104885,CUST8312,14672.15,CARD,SUCCESS,,2026-08-19 23:23:48.314360,2
TXN104886,CUST9539,27839.62,WALLET,SUCCESS,,2026-07-30 19:23:48.314360,1
TXN104887,CUST1851,14596.41,UPI,SUCCESS,,2026-08-08 04:12:48.314360,0
TXN104888,CUST3749,34339.36,WALLET,SUCCESS,,2026-08-11 16:09:48.314360,1
TXN104889,CUST4291,27775.48,CARD,SUCCESS,,2026-07-31 00:22:48.314360,3
TXN104890,CUST3480,9207.26,WALLET,SUCCESS,,2026-08-22 17:01:48.314360,0
TXN104891,CUST4881,24946.0,UPI,SUCCESS,,2026-08-15 09:45:48.314360,0
TXN104892,CUST3727,38625.28,CARD,SUCCESS,,2026-07-30 23:06:48.314360,3
TXN104893,CUST2809,49205.47,UPI,FAILED,INSUFFICIENT_FUNDS,2026-08-14 04:08:48.314360,2
TXN104894,CUST6519,3843.63,UPI,FAILED,TIMEOUT,2026-08-10 21:48:48.314360,1
TXN104895,CUST4423,28929.4,WALLET,FAILED,TIMEOUT,2026-08-09 17:47:48.314360,3
TXN104896,CUST5095,1392.74,CARD,SUCCESS,,2026-08-25 08:50:48.314360,3
TXN104897,CUST1112,28560.71,WALLET,FAILED,NETWORK_ERROR,2026-08-14 08:12:48.314360,0
TXN104898,CUST9270,42204.1,UPI,SUCCESS,,2026-08-20 09:21:48.314360,1
TXN104899,CUST5092,21898.35,WALLET,SUCCESS,,2026-08-23 04:30:48.314360,1
TXN104900,CUST5860,40547.47,WALLET,SUCCESS,,2026-08-19 23:39:48.314360,1
TXN104901,CUST5103,43128.02,UPI,SUCCESS,,2026-08-15 14:55:48.314360,2
TXN104902,CUST6256,26863.92,UPI,SUCCESS,,2026-08-14 07:17:48.314360,0
TXN104903,CUST7507,28009.0,NETBANKING,FAILED,LIMIT_EXCEEDED,2026-08-05 23:48:48.314360,3
TXN104904,CUST4566,46492.19,CARD,SUCCESS,,2026-08-20 11:58:48.314360,2
TXN104905,CUST4631,46809.66,CARD,SUCCESS,,2026-08-10 11:41:48.314360,2
TXN104906,CUST2120,2468.43,CARD,SUCCESS,,2026-08-18 08:48:48.314360,1
TXN104907,CUST4363,8184.47,NETBANKING,SUCCESS,,2026-08-18 06:48:48.314360,2
TXN104908,CUST7629,11836.81,CARD,SUCCESS,,2026-08-19 00:16:48.314360,0
TXN104909,CUST6887,35331.55,NETBANKING,SUCCESS,,2026-08-16 21:56:48.314360,1
TXN104910,CUST6891,30270.82,UPI,SUCCESS,,2026-08-06 15:15:48.314360,3
TXN104911,CUST6473,40758.08,CARD,FAILED,INSUFFICIENT_FUNDS,2026-07-31 11:39:48.314360,0
TXN104912,CUST7330,21055.82,NETBANKING,SUCCESS,,2026-08-12 21:06:48.314360,0
TXN104913,CUST6630,5320.98,WALLET,SUCCESS,,2026-08-11 21:05:48.314360,2
TXN104914,CUST4752,47224.04,UPI,SUCCESS,,2026-08-09 10:05:48.314360,0
TXN104915,CUST6609,4080.53,WALLET,FAILED,BANK_DECLINE,2026-08-22 09:01:48.314360,3
TXN104916,CUST9920,18374.79,CARD,SUCCESS,,2026-08-01 02:30:48.314360,1
TXN104917,CUST7135,24233.93,CARD,SUCCESS,,2026-08-13 22:37:48.314360,3
TXN104918,CUST8341,460.37,WALLET,FAILED,NETWORK_ERROR,2026-08-15 03:00:48.314360,3
TXN104919,CUST9965,43666.01,CARD,SUCCESS,,2026-08-02 05:38:48.314360,0
TXN104920,CUST7795,27045.05,CARD,SUCCESS,,2026-08-21 15:13:48.314360,2
TXN104921,CUST1685,44153.36,NETBANKING,SUCCESS,,2026-08-20 00:51:48.314360,1
TXN104922,CUST1069,15124.45,WALLET,SUCCESS,,2026-08-25 21:25:48.314360,3
TXN104923,CUST8971,31866.12,CARD,SUCCESS,,2026-08-07 14:09:48.314360,2
TXN104924,CUST1360,26084.21,UPI,SUCCESS,,2026-08-06 13:45:48.314360,0
TXN104925,CUST8784,33659.6,UPI,SUCCESS,,2026-08-20 21:37:48.314360,3
TXN104926,CUST5929,29256.05,UPI,SUCCESS,,2026-08-06 18:15:48.314360,0
TXN104927,CUST9823,18478.76,WALLET,SUCCESS,,2026-08-16 07:12:48.314360,3
TXN104928,CUST1804,48374.42,UPI,FAILED,INSUFFICIENT_FUNDS,2026-08-08 00:43:48.314360,2
TXN104929,CUST8465,41673.94,UPI,SUCCESS,,2026-08-09 00:00:48.314360,0
TXN104930,CUST9928,3094.84,UPI,SUCCESS,,2026-08-27 08:50:48.314360,2
TXN104931,CUST6624,17024.63,WALLET,SUCCESS,,2026-08-12 00:29:48.314360,0
TXN104932,CUST9775,18076.67,NETBANKING,SUCCESS,,2026-08-13 10:34:48.314360,0
TXN104933,CUST5077,44907.64,CARD,FAILED,NETWORK_ERROR,2026-08-27 00:07:48.314360,1
TXN104934,CUST5518,29129.73,CARD,SUCCESS,,2026-08-08 18:23:48.314360,1
TXN104935,CUST8466,18745.1,WALLET,SUCCESS,,2026-07-30 19:35:48.314360,3
TXN104936,CUST3511,37903.89,UPI,SUCCESS,,2026-07-31 14:17:48.314360,0
TXN104937,CUST9055,29436.27,CARD,FAILED,NETWORK_ERROR,2026-08-14 13:09:48.314360,2
TXN104938,CUST6496,25537.56,CARD,FAILED,BANK_DECLINE,2026-08-03 10:38:48.314360,2
TXN104939,CUST6596,10803.74,CARD,SUCCESS,,2026-08-13 14:55:48.314360,2
TXN104940,CUST8175,20130.07,UPI,SUCCESS,,2026-08-22 05:22:48.314360,3
TXN104941,CUST5376,9684.89,WALLET,FAILED,NETWORK_ERROR,2026-08-04 21:32:48.314360,2
TXN104942,CUST9714,3758.11,CARD,SUCCESS,,2026-08-17 11:30:48.314360,2
TXN104943,CUST9956,47863.21,NETBANKING,SUCCESS,,2026-08-25 18:06:48.314360,3
TXN104944,CUST2724,27521.54,NETBANKING,SUCCESS,,2026-08-22 17:09:48.314360,2
TXN104945,CUST9865,20440.18,WALLET,SUCCESS,,2026-07-29 22:22:48.314360,2
TXN104946,CUST4396,48109.57,UPI,SUCCESS,,2026-07-30 06:59:48.314360,3
TXN104947,CUST3094,41581.25,NETBANKING,FAILED,NETWORK_ERROR,2026-07-30 23:54:48.314360,3
TXN104948,CUST3886,20805.51,WALLET,SUCCESS,,2026-08-25 15:47:48.314360,3
TXN104949,CUST2066,8117.02,WALLET,FAILED,NETWORK_ERROR,2026-08-17 18:43:48.314360,3
TXN104950,CUST9794,15226.76,WALLET,SUCCESS,,2026-08-23 01:22:48.314360,3
TXN104951,CUST5928,18897.89,UPI,SUCCESS,,2026-08-09 15:43:48.314360,1
TXN104952,CUST2692,16292.59,NETBANKING,SUCCESS,,2026-08-19 16:40:48.314360,2
TXN104953,CUST1561,13590.26,WALLET,FAILED,BANK_DECLINE,2026-08-08 15:50:48.314360,3
TXN104954,CUST3031,33885.0,CARD,SUCCESS,,2026-08-25 03:05:48.314360,2
TXN104955,CUST4756,39870.12,UPI,SUCCESS,,2026-08-05 21:59:48.314360,3
TXN104956,CUST2141,5121.29,UPI,SUCCESS,,2026-08-09 01:16:48.314360,2
TXN104957,CUST5695,1293.2,WALLET,FAILED,TIMEOUT,2026-08-03 05:28:48.314360,3
TXN104958,CUST9007,8018.12,UPI,SUCCESS,,2026-08-23 13:05:48.314360,1
TXN104959,CUST6766,45501.2,CARD,FAILED,LIMIT_EXCEEDED,2026-08-26 08:16:48.314360,2
TXN104960,CUST2825,45297.12,WALLET,SUCCESS,,2026-08-24 22:31:48.314360,3
TXN104961,CUST7287,42816.69,CARD,SUCCESS,,2026-07-30 12:58:48.314360,2
TXN104962,CUST4831,31102.05,NETBANKING,SUCCESS,,2026-08-07 15:39:48.314360,1
TXN104963,CUST4339,32138.31,CARD,SUCCESS,,2026-08-08 09:35:48.314360,3
TXN104964,CUST2379,40385.59,WALLET,SUCCESS,,2026-08-13 07:11:48.314360,3
TXN104965,CUST9830,17034.07,CARD,SUCCESS,,2026-08-05 02:48:48.314360,0
TXN104966,CUST9324,18036.78,WALLET,FAILED,LIMIT_EXCEEDED,2026-08-06 17:01:48.314360,2
TXN104967,CUST4623,20774.32,NETBANKING,SUCCESS,,2026-08-03 00:21:48.314360,0
TXN104968,CUST3557,35462.16,UPI,SUCCESS,,2026-08-26 17:17:48.314360,2
TXN104969,CUST3225,5083.98,UPI,SUCCESS,,2026-08-08 01:03:48.314360,3
TXN104970,CUST6430,963.73,NETBANKING,SUCCESS,,2026-08-05 13:49:48.314360,1
TXN104971,CUST9078,32254.38,NETBANKING,SUCCESS,,2026-08-12 05:03:48.314360,1
TXN104972,CUST5258,31552.12,WALLET,SUCCESS,,2026-08-20 10:16:48.314360,0
TXN104973,CUST4078,21428.33,WALLET,FAILED,INSUFFICIENT_FUNDS,2026-08-12 14:47:48.314360,0
TXN104974,CUST5401,30820.58,UPI,SUCCESS,,2026-08-09 01:31:48.314360,3
TXN104975,CUST2160,12948.98,CARD,SUCCESS,,2026-08-18 08:04:48.314360,3
TXN104976,CUST3216,33843.51,CARD,FAILED,LIMIT_EXCEEDED,2026-08-05 06:37:48.314360,3
TXN104977,CUST8455,35310.73,CARD,FAILED,BANK_DECLINE,2026-08-21 20:32:48.314360,3
TXN104978,CUST3599,17060.22,WALLET,SUCCESS,,2026-08-15 06:46:48.314360,2
TXN104979,CUST8256,44317.38,CARD,SUCCESS,,2026-08-09 04:43:48.314360,0
TXN104980,CUST7994,42018.44,WALLET,SUCCESS,,2026-08-15 00:48:48.314360,2
TXN104981,CUST3901,19807.85,NETBANKING,FAILED,NETWORK_ERROR,2026-08-27 03:50:48.314360,1
TXN104982,CUST6496,15214.83,CARD,SUCCESS,,2026-07-30 12:45:48.314360,0
TXN104983,CUST9971,22154.59,WALLET,SUCCESS,,2026-08-07 08:57:48.314360,3
TXN104984,CUST3073,11943.36,CARD,SUCCESS,,2026-08-12 13:54:48.314360,3
TXN104985,CUST7556,16212.24,UPI,SUCCESS,,2026-08-05 02:22:48.314360,2
TXN104986,CUST1094,42809.12,UPI,FAILED,BANK_DECLINE,2026-08-16 11:42:48.314360,1
TXN104987,CUST6651,3983.26,CARD,SUCCESS,,2026-08-04 05:01:48.314360,1
TXN104988,CUST4427,23159.96,UPI,SUCCESS,,2026-08-20 03:09:48.314360,1
TXN104989,CUST1502,33606.59,NETBANKING,SUCCESS,,2026-08-15 07:30:48.314360,2
TXN104990,CUST8642,40757.15,UPI,SUCCESS,,2026-08-25 12:23:48.314360,2
TXN104991,CUST1115,32293.68,NETBANKING,SUCCESS,,2026-08-27 21:48:48.314360,2
TXN104992,CUST5576,8200.13,UPI,SUCCESS,,2026-08-27 12:08:48.314360,3
TXN104993,CUST3942,26658.3,WALLET,SUCCESS,,2026-08-17 02:03:48.314360,2
TXN104994,CUST2017,31635.4,NETBANKING,SUCCESS,,2026-08-26 20:23:48.314360,1
TXN104995,CUST9810,8469.8,NETBANKING,FAILED,BANK_DECLINE,2026-08-11 21:17:48.314360,1
TXN104996,CUST5975,14823.46,CARD,SUCCESS,,2026-07-31 11:47:48.314360,3
TXN104997,CUST4460,41461.85,UPI,FAILED,NETWORK_ERROR,2026-08-22 06:25:48.314360,3
TXN104998,CUST5861,47891.89,NETBANKING,SUCCESS,,2026-08-18 08:38:48.314360,2
TXN104999,CUST1364,5139.41,CARD,SUCCESS,,2026-08-12 15:50:48.314360,2
